<FetchDVPortsResponse>
  <returnval>
    <key>9</key>
    <config>
      <setting xmlns:XMLSchema-instance="http://www.w3.org/2001/XMLSchema-instance" XMLSchema-instance:type="VMwareDVSPortSetting">
        <blocked>
          <inherited>true</inherited>
          <value>false</value>
        </blocked>
        <vmDirectPathGen2Allowed>
          <inherited>true</inherited>
          <value>false</value>
        </vmDirectPathGen2Allowed>
        <inShapingPolicy>
          <inherited>true</inherited>
          <enabled>
            <inherited>true</inherited>
            <value>false</value>
          </enabled>
          <averageBandwidth>
            <inherited>true</inherited>
            <value>100000000</value>
          </averageBandwidth>
          <peakBandwidth>
            <inherited>true</inherited>
            <value>100000000</value>
          </peakBandwidth>
          <burstSize>
            <inherited>true</inherited>
            <value>104857600</value>
          </burstSize>
        </inShapingPolicy>
        <outShapingPolicy>
          <inherited>true</inherited>
          <enabled>
            <inherited>true</inherited>
            <value>false</value>
          </enabled>
          <averageBandwidth>
            <inherited>true</inherited>
            <value>100000000</value>
          </averageBandwidth>
          <peakBandwidth>
            <inherited>true</inherited>
            <value>100000000</value>
          </peakBandwidth>
          <burstSize>
            <inherited>true</inherited>
            <value>104857600</value>
          </burstSize>
        </outShapingPolicy>
        <vendorSpecificConfig>
          <inherited>true</inherited>
        </vendorSpecificConfig>
        <networkResourcePoolKey>
          <inherited>true</inherited>
          <value>-1</value>
        </networkResourcePoolKey>
        <filterPolicy>
          <inherited>true</inherited>
        </filterPolicy>
        <vlan XMLSchema-instance:type="VmwareDistributedVirtualSwitchVlanIdSpec">
          <inherited>true</inherited>
          <vlanId>0</vlanId>
        </vlan>
        <qosTag>
          <inherited>true</inherited>
          <value>-1</value>
        </qosTag>
        <uplinkTeamingPolicy>
          <inherited>true</inherited>
          <policy>
            <inherited>true</inherited>
            <value>loadbalance_srcid</value>
          </policy>
          <reversePolicy>
            <inherited>true</inherited>
            <value>true</value>
          </reversePolicy>
          <notifySwitches>
            <inherited>true</inherited>
            <value>true</value>
          </notifySwitches>
          <rollingOrder>
            <inherited>true</inherited>
            <value>false</value>
          </rollingOrder>
          <failureCriteria>
            <inherited>true</inherited>
            <checkSpeed>
              <inherited>true</inherited>
              <value>minimum</value>
            </checkSpeed>
            <speed>
              <inherited>true</inherited>
              <value>10</value>
            </speed>
            <checkDuplex>
              <inherited>true</inherited>
              <value>false</value>
            </checkDuplex>
            <fullDuplex>
              <inherited>true</inherited>
              <value>false</value>
            </fullDuplex>
            <checkErrorPercent>
              <inherited>true</inherited>
              <value>false</value>
            </checkErrorPercent>
            <percentage>
              <inherited>true</inherited>
            </percentage>
            <checkBeacon>
              <inherited>true</inherited>
              <value>false</value>
            </checkBeacon>
          </failureCriteria>
          <uplinkPortOrder>
            <inherited>true</inherited>
            <activeUplinkPort>uplink1</activeUplinkPort>
          </uplinkPortOrder>
        </uplinkTeamingPolicy>
        <securityPolicy>
          <inherited>true</inherited>
          <allowPromiscuous>
            <inherited>true</inherited>
            <value>false</value>
          </allowPromiscuous>
          <macChanges>
            <inherited>true</inherited>
            <value>false</value>
          </macChanges>
          <forgedTransmits>
            <inherited>true</inherited>
            <value>false</value>
          </forgedTransmits>
        </securityPolicy>
        <ipfixEnabled>
          <inherited>true</inherited>
          <value>false</value>
        </ipfixEnabled>
        <txUplink>
          <inherited>true</inherited>
          <value>false</value>
        </txUplink>
        <lacpPolicy>
          <inherited>true</inherited>
          <enable>
            <inherited>true</inherited>
            <value>false</value>
          </enable>
          <mode>
            <inherited>true</inherited>
            <value>passive</value>
          </mode>
        </lacpPolicy>
        <macManagementPolicy>
          <inherited>true</inherited>
          <allowPromiscuous>false</allowPromiscuous>
          <macChanges>false</macChanges>
          <forgedTransmits>false</forgedTransmits>
          <macLearningPolicy>
            <inherited>true</inherited>
            <enabled>false</enabled>
          </macLearningPolicy>
        </macManagementPolicy>
        <VNI>
          <inherited>true</inherited>
        </VNI>
      </setting>
      <configVersion>0</configVersion>
    </config>
    <dvsUuid>50 26 e7 fd c0 ce 70 e8-45 fe d3 2c 70 f3 40 60</dvsUuid>
    <portgroupKey>dvportgroup-1024</portgroupKey>
    <conflict>false</conflict>
    <lastStatusChange>1970-01-01T00:00:00Z</lastStatusChange>
  </returnval>
  <returnval>
    <key>8</key>
    <config>
      <setting xmlns:XMLSchema-instance="http://www.w3.org/2001/XMLSchema-instance" XMLSchema-instance:type="VMwareDVSPortSetting">
        <blocked>
          <inherited>true</inherited>
          <value>false</value>
        </blocked>
        <vmDirectPathGen2Allowed>
          <inherited>true</inherited>
          <value>false</value>
        </vmDirectPathGen2Allowed>
        <inShapingPolicy>
          <inherited>true</inherited>
          <enabled>
            <inherited>true</inherited>
            <value>false</value>
          </enabled>
          <averageBandwidth>
            <inherited>true</inherited>
            <value>100000000</value>
          </averageBandwidth>
          <peakBandwidth>
            <inherited>true</inherited>
            <value>100000000</value>
          </peakBandwidth>
          <burstSize>
            <inherited>true</inherited>
            <value>104857600</value>
          </burstSize>
        </inShapingPolicy>
        <outShapingPolicy>
          <inherited>true</inherited>
          <enabled>
            <inherited>true</inherited>
            <value>false</value>
          </enabled>
          <averageBandwidth>
            <inherited>true</inherited>
            <value>100000000</value>
          </averageBandwidth>
          <peakBandwidth>
            <inherited>true</inherited>
            <value>100000000</value>
          </peakBandwidth>
          <burstSize>
            <inherited>true</inherited>
            <value>104857600</value>
          </burstSize>
        </outShapingPolicy>
        <vendorSpecificConfig>
          <inherited>true</inherited>
        </vendorSpecificConfig>
        <networkResourcePoolKey>
          <inherited>true</inherited>
          <value>-1</value>
        </networkResourcePoolKey>
        <filterPolicy>
          <inherited>true</inherited>
        </filterPolicy>
        <vlan XMLSchema-instance:type="VmwareDistributedVirtualSwitchVlanIdSpec">
          <inherited>true</inherited>
          <vlanId>0</vlanId>
        </vlan>
        <qosTag>
          <inherited>true</inherited>
          <value>-1</value>
        </qosTag>
        <uplinkTeamingPolicy>
          <inherited>true</inherited>
          <policy>
            <inherited>true</inherited>
            <value>loadbalance_srcid</value>
          </policy>
          <reversePolicy>
            <inherited>true</inherited>
            <value>true</value>
          </reversePolicy>
          <notifySwitches>
            <inherited>true</inherited>
            <value>true</value>
          </notifySwitches>
          <rollingOrder>
            <inherited>true</inherited>
            <value>false</value>
          </rollingOrder>
          <failureCriteria>
            <inherited>true</inherited>
            <checkSpeed>
              <inherited>true</inherited>
              <value>minimum</value>
            </checkSpeed>
            <speed>
              <inherited>true</inherited>
              <value>10</value>
            </speed>
            <checkDuplex>
              <inherited>true</inherited>
              <value>false</value>
            </checkDuplex>
            <fullDuplex>
              <inherited>true</inherited>
              <value>false</value>
            </fullDuplex>
            <checkErrorPercent>
              <inherited>true</inherited>
              <value>false</value>
            </checkErrorPercent>
            <percentage>
              <inherited>true</inherited>
            </percentage>
            <checkBeacon>
              <inherited>true</inherited>
              <value>false</value>
            </checkBeacon>
          </failureCriteria>
          <uplinkPortOrder>
            <inherited>true</inherited>
            <activeUplinkPort>uplink1</activeUplinkPort>
          </uplinkPortOrder>
        </uplinkTeamingPolicy>
        <securityPolicy>
          <inherited>true</inherited>
          <allowPromiscuous>
            <inherited>true</inherited>
            <value>false</value>
          </allowPromiscuous>
          <macChanges>
            <inherited>true</inherited>
            <value>false</value>
          </macChanges>
          <forgedTransmits>
            <inherited>true</inherited>
            <value>false</value>
          </forgedTransmits>
        </securityPolicy>
        <ipfixEnabled>
          <inherited>true</inherited>
          <value>false</value>
        </ipfixEnabled>
        <txUplink>
          <inherited>true</inherited>
          <value>false</value>
        </txUplink>
        <lacpPolicy>
          <inherited>true</inherited>
          <enable>
            <inherited>true</inherited>
            <value>false</value>
          </enable>
          <mode>
            <inherited>true</inherited>
            <value>passive</value>
          </mode>
        </lacpPolicy>
        <macManagementPolicy>
          <inherited>true</inherited>
          <allowPromiscuous>false</allowPromiscuous>
          <macChanges>false</macChanges>
          <forgedTransmits>false</forgedTransmits>
          <macLearningPolicy>
            <inherited>true</inherited>
            <enabled>false</enabled>
          </macLearningPolicy>
        </macManagementPolicy>
        <VNI>
          <inherited>true</inherited>
        </VNI>
      </setting>
      <configVersion>0</configVersion>
    </config>
    <dvsUuid>50 26 e7 fd c0 ce 70 e8-45 fe d3 2c 70 f3 40 60</dvsUuid>
    <portgroupKey>dvportgroup-1024</portgroupKey>
    <proxyHost type="HostSystem">host-1009</proxyHost>
    <connectee>
      <connectedEntity type="HostSystem">host-1009</connectedEntity>
      <nicKey>vmk0</nicKey>
      <type>hostVmkVnic</type>
    </connectee>
    <conflict>false</conflict>
    <state>
      <runtimeInfo>
        <linkUp>true</linkUp>
        <blocked>false</blocked>
        <vlanIds>
          <start>0</start>
          <end>0</end>
        </vlanIds>
        <trunkingMode>false</trunkingMode>
        <linkPeer>vmk0</linkPeer>
        <macAddress>00:0c:29:fe:f0:ee</macAddress>
        <vmDirectPathGen2Active>false</vmDirectPathGen2Active>
        <vmDirectPathGen2InactiveReasonOther>portNptIncompatibleConnectee</vmDirectPathGen2InactiveReasonOther>
      </runtimeInfo>
      <stats>
        <packetsInMulticast>0</packetsInMulticast>
        <packetsOutMulticast>0</packetsOutMulticast>
        <bytesInMulticast>0</bytesInMulticast>
        <bytesOutMulticast>0</bytesOutMulticast>
        <packetsInUnicast>0</packetsInUnicast>
        <packetsOutUnicast>0</packetsOutUnicast>
        <bytesInUnicast>0</bytesInUnicast>
        <bytesOutUnicast>0</bytesOutUnicast>
        <packetsInBroadcast>0</packetsInBroadcast>
        <packetsOutBroadcast>0</packetsOutBroadcast>
        <bytesInBroadcast>0</bytesInBroadcast>
        <bytesOutBroadcast>0</bytesOutBroadcast>
        <packetsInDropped>0</packetsInDropped>
        <packetsOutDropped>0</packetsOutDropped>
        <packetsInException>0</packetsInException>
        <packetsOutException>0</packetsOutException>
      </stats>
    </state>
    <connectionCookie>2072470460</connectionCookie>
    <lastStatusChange>2022-02-13T14:19:05Z</lastStatusChange>
    <hostLocalPort>false</hostLocalPort>
  </returnval>
  <returnval>
    <key>7</key>
    <config>
      <name>uplink4</name>
      <scope type="HostSystem">host-1009</scope>
      <setting xmlns:XMLSchema-instance="http://www.w3.org/2001/XMLSchema-instance" XMLSchema-instance:type="VMwareDVSPortSetting">
        <blocked>
          <inherited>true</inherited>
          <value>false</value>
        </blocked>
        <vmDirectPathGen2Allowed>
          <inherited>true</inherited>
          <value>false</value>
        </vmDirectPathGen2Allowed>
        <inShapingPolicy>
          <inherited>true</inherited>
          <enabled>
            <inherited>true</inherited>
            <value>false</value>
          </enabled>
          <averageBandwidth>
            <inherited>true</inherited>
            <value>100000000</value>
          </averageBandwidth>
          <peakBandwidth>
            <inherited>true</inherited>
            <value>100000000</value>
          </peakBandwidth>
          <burstSize>
            <inherited>true</inherited>
            <value>104857600</value>
          </burstSize>
        </inShapingPolicy>
        <outShapingPolicy>
          <inherited>true</inherited>
          <enabled>
            <inherited>true</inherited>
            <value>false</value>
          </enabled>
          <averageBandwidth>
            <inherited>true</inherited>
            <value>100000000</value>
          </averageBandwidth>
          <peakBandwidth>
            <inherited>true</inherited>
            <value>100000000</value>
          </peakBandwidth>
          <burstSize>
            <inherited>true</inherited>
            <value>104857600</value>
          </burstSize>
        </outShapingPolicy>
        <vendorSpecificConfig>
          <inherited>true</inherited>
        </vendorSpecificConfig>
        <networkResourcePoolKey>
          <inherited>true</inherited>
          <value>-1</value>
        </networkResourcePoolKey>
        <filterPolicy>
          <inherited>true</inherited>
        </filterPolicy>
        <vlan XMLSchema-instance:type="VmwareDistributedVirtualSwitchTrunkVlanSpec">
          <inherited>true</inherited>
          <vlanId>
            <start>0</start>
            <end>4094</end>
          </vlanId>
        </vlan>
        <qosTag>
          <inherited>true</inherited>
          <value>-1</value>
        </qosTag>
        <uplinkTeamingPolicy>
          <inherited>true</inherited>
          <policy>
            <inherited>true</inherited>
            <value>loadbalance_srcid</value>
          </policy>
          <reversePolicy>
            <inherited>true</inherited>
            <value>true</value>
          </reversePolicy>
          <notifySwitches>
            <inherited>true</inherited>
            <value>true</value>
          </notifySwitches>
          <rollingOrder>
            <inherited>true</inherited>
            <value>false</value>
          </rollingOrder>
          <failureCriteria>
            <inherited>true</inherited>
            <checkSpeed>
              <inherited>true</inherited>
              <value>minimum</value>
            </checkSpeed>
            <speed>
              <inherited>true</inherited>
              <value>10</value>
            </speed>
            <checkDuplex>
              <inherited>true</inherited>
              <value>false</value>
            </checkDuplex>
            <fullDuplex>
              <inherited>true</inherited>
              <value>false</value>
            </fullDuplex>
            <checkErrorPercent>
              <inherited>true</inherited>
              <value>false</value>
            </checkErrorPercent>
            <percentage>
              <inherited>true</inherited>
            </percentage>
            <checkBeacon>
              <inherited>true</inherited>
              <value>false</value>
            </checkBeacon>
          </failureCriteria>
          <uplinkPortOrder>
            <inherited>true</inherited>
          </uplinkPortOrder>
        </uplinkTeamingPolicy>
        <securityPolicy>
          <inherited>true</inherited>
          <allowPromiscuous>
            <inherited>true</inherited>
            <value>false</value>
          </allowPromiscuous>
          <macChanges>
            <inherited>true</inherited>
            <value>false</value>
          </macChanges>
          <forgedTransmits>
            <inherited>true</inherited>
            <value>true</value>
          </forgedTransmits>
        </securityPolicy>
        <ipfixEnabled>
          <inherited>true</inherited>
          <value>false</value>
        </ipfixEnabled>
        <txUplink>
          <inherited>true</inherited>
          <value>false</value>
        </txUplink>
        <lacpPolicy>
          <inherited>true</inherited>
          <enable>
            <inherited>true</inherited>
            <value>false</value>
          </enable>
          <mode>
            <inherited>true</inherited>
            <value>passive</value>
          </mode>
        </lacpPolicy>
        <macManagementPolicy>
          <inherited>true</inherited>
          <allowPromiscuous>false</allowPromiscuous>
          <macChanges>false</macChanges>
          <forgedTransmits>true</forgedTransmits>
          <macLearningPolicy>
            <inherited>true</inherited>
            <enabled>false</enabled>
          </macLearningPolicy>
        </macManagementPolicy>
        <VNI>
          <inherited>true</inherited>
        </VNI>
      </setting>
      <configVersion>0</configVersion>
    </config>
    <dvsUuid>50 26 e7 fd c0 ce 70 e8-45 fe d3 2c 70 f3 40 60</dvsUuid>
    <portgroupKey>dvportgroup-1022</portgroupKey>
    <proxyHost type="HostSystem">host-1009</proxyHost>
    <conflict>false</conflict>
    <lastStatusChange>2022-02-13T14:17:58Z</lastStatusChange>
    <hostLocalPort>false</hostLocalPort>
  </returnval>
  <returnval>
    <key>6</key>
    <config>
      <name>uplink3</name>
      <scope type="HostSystem">host-1009</scope>
      <setting xmlns:XMLSchema-instance="http://www.w3.org/2001/XMLSchema-instance" XMLSchema-instance:type="VMwareDVSPortSetting">
        <blocked>
          <inherited>true</inherited>
          <value>false</value>
        </blocked>
        <vmDirectPathGen2Allowed>
          <inherited>true</inherited>
          <value>false</value>
        </vmDirectPathGen2Allowed>
        <inShapingPolicy>
          <inherited>true</inherited>
          <enabled>
            <inherited>true</inherited>
            <value>false</value>
          </enabled>
          <averageBandwidth>
            <inherited>true</inherited>
            <value>100000000</value>
          </averageBandwidth>
          <peakBandwidth>
            <inherited>true</inherited>
            <value>100000000</value>
          </peakBandwidth>
          <burstSize>
            <inherited>true</inherited>
            <value>104857600</value>
          </burstSize>
        </inShapingPolicy>
        <outShapingPolicy>
          <inherited>true</inherited>
          <enabled>
            <inherited>true</inherited>
            <value>false</value>
          </enabled>
          <averageBandwidth>
            <inherited>true</inherited>
            <value>100000000</value>
          </averageBandwidth>
          <peakBandwidth>
            <inherited>true</inherited>
            <value>100000000</value>
          </peakBandwidth>
          <burstSize>
            <inherited>true</inherited>
            <value>104857600</value>
          </burstSize>
        </outShapingPolicy>
        <vendorSpecificConfig>
          <inherited>true</inherited>
        </vendorSpecificConfig>
        <networkResourcePoolKey>
          <inherited>true</inherited>
          <value>-1</value>
        </networkResourcePoolKey>
        <filterPolicy>
          <inherited>true</inherited>
        </filterPolicy>
        <vlan XMLSchema-instance:type="VmwareDistributedVirtualSwitchTrunkVlanSpec">
          <inherited>true</inherited>
          <vlanId>
            <start>0</start>
            <end>4094</end>
          </vlanId>
        </vlan>
        <qosTag>
          <inherited>true</inherited>
          <value>-1</value>
        </qosTag>
        <uplinkTeamingPolicy>
          <inherited>true</inherited>
          <policy>
            <inherited>true</inherited>
            <value>loadbalance_srcid</value>
          </policy>
          <reversePolicy>
            <inherited>true</inherited>
            <value>true</value>
          </reversePolicy>
          <notifySwitches>
            <inherited>true</inherited>
            <value>true</value>
          </notifySwitches>
          <rollingOrder>
            <inherited>true</inherited>
            <value>false</value>
          </rollingOrder>
          <failureCriteria>
            <inherited>true</inherited>
            <checkSpeed>
              <inherited>true</inherited>
              <value>minimum</value>
            </checkSpeed>
            <speed>
              <inherited>true</inherited>
              <value>10</value>
            </speed>
            <checkDuplex>
              <inherited>true</inherited>
              <value>false</value>
            </checkDuplex>
            <fullDuplex>
              <inherited>true</inherited>
              <value>false</value>
            </fullDuplex>
            <checkErrorPercent>
              <inherited>true</inherited>
              <value>false</value>
            </checkErrorPercent>
            <percentage>
              <inherited>true</inherited>
            </percentage>
            <checkBeacon>
              <inherited>true</inherited>
              <value>false</value>
            </checkBeacon>
          </failureCriteria>
          <uplinkPortOrder>
            <inherited>true</inherited>
          </uplinkPortOrder>
        </uplinkTeamingPolicy>
        <securityPolicy>
          <inherited>true</inherited>
          <allowPromiscuous>
            <inherited>true</inherited>
            <value>false</value>
          </allowPromiscuous>
          <macChanges>
            <inherited>true</inherited>
            <value>false</value>
          </macChanges>
          <forgedTransmits>
            <inherited>true</inherited>
            <value>true</value>
          </forgedTransmits>
        </securityPolicy>
        <ipfixEnabled>
          <inherited>true</inherited>
          <value>false</value>
        </ipfixEnabled>
        <txUplink>
          <inherited>true</inherited>
          <value>false</value>
        </txUplink>
        <lacpPolicy>
          <inherited>true</inherited>
          <enable>
            <inherited>true</inherited>
            <value>false</value>
          </enable>
          <mode>
            <inherited>true</inherited>
            <value>passive</value>
          </mode>
        </lacpPolicy>
        <macManagementPolicy>
          <inherited>true</inherited>
          <allowPromiscuous>false</allowPromiscuous>
          <macChanges>false</macChanges>
          <forgedTransmits>true</forgedTransmits>
          <macLearningPolicy>
            <inherited>true</inherited>
            <enabled>false</enabled>
          </macLearningPolicy>
        </macManagementPolicy>
        <VNI>
          <inherited>true</inherited>
        </VNI>
      </setting>
      <configVersion>0</configVersion>
    </config>
    <dvsUuid>50 26 e7 fd c0 ce 70 e8-45 fe d3 2c 70 f3 40 60</dvsUuid>
    <portgroupKey>dvportgroup-1022</portgroupKey>
    <proxyHost type="HostSystem">host-1009</proxyHost>
    <conflict>false</conflict>
    <lastStatusChange>2022-02-13T14:17:58Z</lastStatusChange>
    <hostLocalPort>false</hostLocalPort>
  </returnval>
  <returnval>
    <key>12</key>
    <config>
      <setting xmlns:XMLSchema-instance="http://www.w3.org/2001/XMLSchema-instance" XMLSchema-instance:type="VMwareDVSPortSetting">
        <blocked>
          <inherited>true</inherited>
          <value>false</value>
        </blocked>
        <vmDirectPathGen2Allowed>
          <inherited>true</inherited>
          <value>false</value>
        </vmDirectPathGen2Allowed>
        <inShapingPolicy>
          <inherited>true</inherited>
          <enabled>
            <inherited>true</inherited>
            <value>false</value>
          </enabled>
          <averageBandwidth>
            <inherited>true</inherited>
            <value>100000000</value>
          </averageBandwidth>
          <peakBandwidth>
            <inherited>true</inherited>
            <value>100000000</value>
          </peakBandwidth>
          <burstSize>
            <inherited>true</inherited>
            <value>104857600</value>
          </burstSize>
        </inShapingPolicy>
        <outShapingPolicy>
          <inherited>true</inherited>
          <enabled>
            <inherited>true</inherited>
            <value>false</value>
          </enabled>
          <averageBandwidth>
            <inherited>true</inherited>
            <value>100000000</value>
          </averageBandwidth>
          <peakBandwidth>
            <inherited>true</inherited>
            <value>100000000</value>
          </peakBandwidth>
          <burstSize>
            <inherited>true</inherited>
            <value>104857600</value>
          </burstSize>
        </outShapingPolicy>
        <vendorSpecificConfig>
          <inherited>true</inherited>
        </vendorSpecificConfig>
        <networkResourcePoolKey>
          <inherited>true</inherited>
          <value>-1</value>
        </networkResourcePoolKey>
        <filterPolicy>
          <inherited>true</inherited>
        </filterPolicy>
        <vlan XMLSchema-instance:type="VmwareDistributedVirtualSwitchVlanIdSpec">
          <inherited>true</inherited>
          <vlanId>0</vlanId>
        </vlan>
        <qosTag>
          <inherited>true</inherited>
          <value>-1</value>
        </qosTag>
        <uplinkTeamingPolicy>
          <inherited>true</inherited>
          <policy>
            <inherited>true</inherited>
            <value>loadbalance_srcid</value>
          </policy>
          <reversePolicy>
            <inherited>true</inherited>
            <value>true</value>
          </reversePolicy>
          <notifySwitches>
            <inherited>true</inherited>
            <value>true</value>
          </notifySwitches>
          <rollingOrder>
            <inherited>true</inherited>
            <value>false</value>
          </rollingOrder>
          <failureCriteria>
            <inherited>true</inherited>
            <checkSpeed>
              <inherited>true</inherited>
              <value>minimum</value>
            </checkSpeed>
            <speed>
              <inherited>true</inherited>
              <value>10</value>
            </speed>
            <checkDuplex>
              <inherited>true</inherited>
              <value>false</value>
            </checkDuplex>
            <fullDuplex>
              <inherited>true</inherited>
              <value>false</value>
            </fullDuplex>
            <checkErrorPercent>
              <inherited>true</inherited>
              <value>false</value>
            </checkErrorPercent>
            <percentage>
              <inherited>true</inherited>
            </percentage>
            <checkBeacon>
              <inherited>true</inherited>
              <value>false</value>
            </checkBeacon>
          </failureCriteria>
          <uplinkPortOrder>
            <inherited>true</inherited>
            <activeUplinkPort>uplink1</activeUplinkPort>
          </uplinkPortOrder>
        </uplinkTeamingPolicy>
        <securityPolicy>
          <inherited>true</inherited>
          <allowPromiscuous>
            <inherited>true</inherited>
            <value>false</value>
          </allowPromiscuous>
          <macChanges>
            <inherited>true</inherited>
            <value>false</value>
          </macChanges>
          <forgedTransmits>
            <inherited>true</inherited>
            <value>false</value>
          </forgedTransmits>
        </securityPolicy>
        <ipfixEnabled>
          <inherited>true</inherited>
          <value>false</value>
        </ipfixEnabled>
        <txUplink>
          <inherited>true</inherited>
          <value>false</value>
        </txUplink>
        <lacpPolicy>
          <inherited>true</inherited>
          <enable>
            <inherited>true</inherited>
            <value>false</value>
          </enable>
          <mode>
            <inherited>true</inherited>
            <value>passive</value>
          </mode>
        </lacpPolicy>
        <macManagementPolicy>
          <inherited>true</inherited>
          <allowPromiscuous>false</allowPromiscuous>
          <macChanges>false</macChanges>
          <forgedTransmits>false</forgedTransmits>
          <macLearningPolicy>
            <inherited>true</inherited>
            <enabled>false</enabled>
          </macLearningPolicy>
        </macManagementPolicy>
        <VNI>
          <inherited>true</inherited>
        </VNI>
      </setting>
      <configVersion>0</configVersion>
    </config>
    <dvsUuid>50 26 e7 fd c0 ce 70 e8-45 fe d3 2c 70 f3 40 60</dvsUuid>
    <portgroupKey>dvportgroup-1024</portgroupKey>
    <conflict>false</conflict>
    <lastStatusChange>1970-01-01T00:00:00Z</lastStatusChange>
  </returnval>
  <returnval>
    <key>4</key>
    <config>
      <name>uplink1</name>
      <scope type="HostSystem">host-1009</scope>
      <setting xmlns:XMLSchema-instance="http://www.w3.org/2001/XMLSchema-instance" XMLSchema-instance:type="VMwareDVSPortSetting">
        <blocked>
          <inherited>true</inherited>
          <value>false</value>
        </blocked>
        <vmDirectPathGen2Allowed>
          <inherited>true</inherited>
          <value>false</value>
        </vmDirectPathGen2Allowed>
        <inShapingPolicy>
          <inherited>true</inherited>
          <enabled>
            <inherited>true</inherited>
            <value>false</value>
          </enabled>
          <averageBandwidth>
            <inherited>true</inherited>
            <value>100000000</value>
          </averageBandwidth>
          <peakBandwidth>
            <inherited>true</inherited>
            <value>100000000</value>
          </peakBandwidth>
          <burstSize>
            <inherited>true</inherited>
            <value>104857600</value>
          </burstSize>
        </inShapingPolicy>
        <outShapingPolicy>
          <inherited>true</inherited>
          <enabled>
            <inherited>true</inherited>
            <value>false</value>
          </enabled>
          <averageBandwidth>
            <inherited>true</inherited>
            <value>100000000</value>
          </averageBandwidth>
          <peakBandwidth>
            <inherited>true</inherited>
            <value>100000000</value>
          </peakBandwidth>
          <burstSize>
            <inherited>true</inherited>
            <value>104857600</value>
          </burstSize>
        </outShapingPolicy>
        <vendorSpecificConfig>
          <inherited>true</inherited>
        </vendorSpecificConfig>
        <networkResourcePoolKey>
          <inherited>true</inherited>
          <value>-1</value>
        </networkResourcePoolKey>
        <filterPolicy>
          <inherited>true</inherited>
        </filterPolicy>
        <vlan XMLSchema-instance:type="VmwareDistributedVirtualSwitchTrunkVlanSpec">
          <inherited>true</inherited>
          <vlanId>
            <start>0</start>
            <end>4094</end>
          </vlanId>
        </vlan>
        <qosTag>
          <inherited>true</inherited>
          <value>-1</value>
        </qosTag>
        <uplinkTeamingPolicy>
          <inherited>true</inherited>
          <policy>
            <inherited>true</inherited>
            <value>loadbalance_srcid</value>
          </policy>
          <reversePolicy>
            <inherited>true</inherited>
            <value>true</value>
          </reversePolicy>
          <notifySwitches>
            <inherited>true</inherited>
            <value>true</value>
          </notifySwitches>
          <rollingOrder>
            <inherited>true</inherited>
            <value>false</value>
          </rollingOrder>
          <failureCriteria>
            <inherited>true</inherited>
            <checkSpeed>
              <inherited>true</inherited>
              <value>minimum</value>
            </checkSpeed>
            <speed>
              <inherited>true</inherited>
              <value>10</value>
            </speed>
            <checkDuplex>
              <inherited>true</inherited>
              <value>false</value>
            </checkDuplex>
            <fullDuplex>
              <inherited>true</inherited>
              <value>false</value>
            </fullDuplex>
            <checkErrorPercent>
              <inherited>true</inherited>
              <value>false</value>
            </checkErrorPercent>
            <percentage>
              <inherited>true</inherited>
            </percentage>
            <checkBeacon>
              <inherited>true</inherited>
              <value>false</value>
            </checkBeacon>
          </failureCriteria>
          <uplinkPortOrder>
            <inherited>true</inherited>
          </uplinkPortOrder>
        </uplinkTeamingPolicy>
        <securityPolicy>
          <inherited>true</inherited>
          <allowPromiscuous>
            <inherited>true</inherited>
            <value>false</value>
          </allowPromiscuous>
          <macChanges>
            <inherited>true</inherited>
            <value>false</value>
          </macChanges>
          <forgedTransmits>
            <inherited>true</inherited>
            <value>true</value>
          </forgedTransmits>
        </securityPolicy>
        <ipfixEnabled>
          <inherited>true</inherited>
          <value>false</value>
        </ipfixEnabled>
        <txUplink>
          <inherited>true</inherited>
          <value>false</value>
        </txUplink>
        <lacpPolicy>
          <inherited>true</inherited>
          <enable>
            <inherited>true</inherited>
            <value>false</value>
          </enable>
          <mode>
            <inherited>true</inherited>
            <value>passive</value>
          </mode>
        </lacpPolicy>
        <macManagementPolicy>
          <inherited>true</inherited>
          <allowPromiscuous>false</allowPromiscuous>
          <macChanges>false</macChanges>
          <forgedTransmits>true</forgedTransmits>
          <macLearningPolicy>
            <inherited>true</inherited>
            <enabled>false</enabled>
          </macLearningPolicy>
        </macManagementPolicy>
        <VNI>
          <inherited>true</inherited>
        </VNI>
      </setting>
      <configVersion>0</configVersion>
    </config>
    <dvsUuid>50 26 e7 fd c0 ce 70 e8-45 fe d3 2c 70 f3 40 60</dvsUuid>
    <portgroupKey>dvportgroup-1022</portgroupKey>
    <proxyHost type="HostSystem">host-1009</proxyHost>
    <connectee>
      <connectedEntity type="HostSystem">host-1009</connectedEntity>
      <nicKey>vmnic0</nicKey>
      <type>pnic</type>
    </connectee>
    <conflict>false</conflict>
    <state>
      <runtimeInfo>
        <linkUp>true</linkUp>
        <blocked>false</blocked>
        <vlanIds>
          <start>0</start>
          <end>4094</end>
        </vlanIds>
        <trunkingMode>true</trunkingMode>
        <linkPeer>vmnic0</linkPeer>
        <macAddress>00:00:00:00:00:00</macAddress>
        <vmDirectPathGen2Active>false</vmDirectPathGen2Active>
        <vmDirectPathGen2InactiveReasonOther>portNptIncompatibleConnectee</vmDirectPathGen2InactiveReasonOther>
      </runtimeInfo>
      <stats>
        <packetsInMulticast>0</packetsInMulticast>
        <packetsOutMulticast>0</packetsOutMulticast>
        <bytesInMulticast>0</bytesInMulticast>
        <bytesOutMulticast>0</bytesOutMulticast>
        <packetsInUnicast>2</packetsInUnicast>
        <packetsOutUnicast>2</packetsOutUnicast>
        <bytesInUnicast>210</bytesInUnicast>
        <bytesOutUnicast>162</bytesOutUnicast>
        <packetsInBroadcast>1</packetsInBroadcast>
        <packetsOutBroadcast>4</packetsOutBroadcast>
        <bytesInBroadcast>60</bytesInBroadcast>
        <bytesOutBroadcast>240</bytesOutBroadcast>
        <packetsInDropped>0</packetsInDropped>
        <packetsOutDropped>0</packetsOutDropped>
        <packetsInException>0</packetsInException>
        <packetsOutException>0</packetsOutException>
      </stats>
    </state>
    <connectionCookie>2072635524</connectionCookie>
    <lastStatusChange>2022-02-13T14:17:58Z</lastStatusChange>
    <hostLocalPort>false</hostLocalPort>
  </returnval>
  <returnval>
    <key>11</key>
    <config>
      <setting xmlns:XMLSchema-instance="http://www.w3.org/2001/XMLSchema-instance" XMLSchema-instance:type="VMwareDVSPortSetting">
        <blocked>
          <inherited>true</inherited>
          <value>false</value>
        </blocked>
        <vmDirectPathGen2Allowed>
          <inherited>true</inherited>
          <value>false</value>
        </vmDirectPathGen2Allowed>
        <inShapingPolicy>
          <inherited>true</inherited>
          <enabled>
            <inherited>true</inherited>
            <value>false</value>
          </enabled>
          <averageBandwidth>
            <inherited>true</inherited>
            <value>100000000</value>
          </averageBandwidth>
          <peakBandwidth>
            <inherited>true</inherited>
            <value>100000000</value>
          </peakBandwidth>
          <burstSize>
            <inherited>true</inherited>
            <value>104857600</value>
          </burstSize>
        </inShapingPolicy>
        <outShapingPolicy>
          <inherited>true</inherited>
          <enabled>
            <inherited>true</inherited>
            <value>false</value>
          </enabled>
          <averageBandwidth>
            <inherited>true</inherited>
            <value>100000000</value>
          </averageBandwidth>
          <peakBandwidth>
            <inherited>true</inherited>
            <value>100000000</value>
          </peakBandwidth>
          <burstSize>
            <inherited>true</inherited>
            <value>104857600</value>
          </burstSize>
        </outShapingPolicy>
        <vendorSpecificConfig>
          <inherited>true</inherited>
        </vendorSpecificConfig>
        <networkResourcePoolKey>
          <inherited>true</inherited>
          <value>-1</value>
        </networkResourcePoolKey>
        <filterPolicy>
          <inherited>true</inherited>
        </filterPolicy>
        <vlan XMLSchema-instance:type="VmwareDistributedVirtualSwitchVlanIdSpec">
          <inherited>true</inherited>
          <vlanId>0</vlanId>
        </vlan>
        <qosTag>
          <inherited>true</inherited>
          <value>-1</value>
        </qosTag>
        <uplinkTeamingPolicy>
          <inherited>true</inherited>
          <policy>
            <inherited>true</inherited>
            <value>loadbalance_srcid</value>
          </policy>
          <reversePolicy>
            <inherited>true</inherited>
            <value>true</value>
          </reversePolicy>
          <notifySwitches>
            <inherited>true</inherited>
            <value>true</value>
          </notifySwitches>
          <rollingOrder>
            <inherited>true</inherited>
            <value>false</value>
          </rollingOrder>
          <failureCriteria>
            <inherited>true</inherited>
            <checkSpeed>
              <inherited>true</inherited>
              <value>minimum</value>
            </checkSpeed>
            <speed>
              <inherited>true</inherited>
              <value>10</value>
            </speed>
            <checkDuplex>
              <inherited>true</inherited>
              <value>false</value>
            </checkDuplex>
            <fullDuplex>
              <inherited>true</inherited>
              <value>false</value>
            </fullDuplex>
            <checkErrorPercent>
              <inherited>true</inherited>
              <value>false</value>
            </checkErrorPercent>
            <percentage>
              <inherited>true</inherited>
            </percentage>
            <checkBeacon>
              <inherited>true</inherited>
              <value>false</value>
            </checkBeacon>
          </failureCriteria>
          <uplinkPortOrder>
            <inherited>true</inherited>
            <activeUplinkPort>uplink1</activeUplinkPort>
          </uplinkPortOrder>
        </uplinkTeamingPolicy>
        <securityPolicy>
          <inherited>true</inherited>
          <allowPromiscuous>
            <inherited>true</inherited>
            <value>false</value>
          </allowPromiscuous>
          <macChanges>
            <inherited>true</inherited>
            <value>false</value>
          </macChanges>
          <forgedTransmits>
            <inherited>true</inherited>
            <value>false</value>
          </forgedTransmits>
        </securityPolicy>
        <ipfixEnabled>
          <inherited>true</inherited>
          <value>false</value>
        </ipfixEnabled>
        <txUplink>
          <inherited>true</inherited>
          <value>false</value>
        </txUplink>
        <lacpPolicy>
          <inherited>true</inherited>
          <enable>
            <inherited>true</inherited>
            <value>false</value>
          </enable>
          <mode>
            <inherited>true</inherited>
            <value>passive</value>
          </mode>
        </lacpPolicy>
        <macManagementPolicy>
          <inherited>true</inherited>
          <allowPromiscuous>false</allowPromiscuous>
          <macChanges>false</macChanges>
          <forgedTransmits>false</forgedTransmits>
          <macLearningPolicy>
            <inherited>true</inherited>
            <enabled>false</enabled>
          </macLearningPolicy>
        </macManagementPolicy>
        <VNI>
          <inherited>true</inherited>
        </VNI>
      </setting>
      <configVersion>0</configVersion>
    </config>
    <dvsUuid>50 26 e7 fd c0 ce 70 e8-45 fe d3 2c 70 f3 40 60</dvsUuid>
    <portgroupKey>dvportgroup-1024</portgroupKey>
    <conflict>false</conflict>
    <lastStatusChange>1970-01-01T00:00:00Z</lastStatusChange>
  </returnval>
  <returnval>
    <key>15</key>
    <config>
      <setting xmlns:XMLSchema-instance="http://www.w3.org/2001/XMLSchema-instance" XMLSchema-instance:type="VMwareDVSPortSetting">
        <blocked>
          <inherited>true</inherited>
          <value>false</value>
        </blocked>
        <vmDirectPathGen2Allowed>
          <inherited>true</inherited>
          <value>false</value>
        </vmDirectPathGen2Allowed>
        <inShapingPolicy>
          <inherited>true</inherited>
          <enabled>
            <inherited>true</inherited>
            <value>false</value>
          </enabled>
          <averageBandwidth>
            <inherited>true</inherited>
            <value>100000000</value>
          </averageBandwidth>
          <peakBandwidth>
            <inherited>true</inherited>
            <value>100000000</value>
          </peakBandwidth>
          <burstSize>
            <inherited>true</inherited>
            <value>104857600</value>
          </burstSize>
        </inShapingPolicy>
        <outShapingPolicy>
          <inherited>true</inherited>
          <enabled>
            <inherited>true</inherited>
            <value>false</value>
          </enabled>
          <averageBandwidth>
            <inherited>true</inherited>
            <value>100000000</value>
          </averageBandwidth>
          <peakBandwidth>
            <inherited>true</inherited>
            <value>100000000</value>
          </peakBandwidth>
          <burstSize>
            <inherited>true</inherited>
            <value>104857600</value>
          </burstSize>
        </outShapingPolicy>
        <vendorSpecificConfig>
          <inherited>true</inherited>
        </vendorSpecificConfig>
        <networkResourcePoolKey>
          <inherited>true</inherited>
          <value>-1</value>
        </networkResourcePoolKey>
        <filterPolicy>
          <inherited>true</inherited>
        </filterPolicy>
        <vlan XMLSchema-instance:type="VmwareDistributedVirtualSwitchVlanIdSpec">
          <inherited>true</inherited>
          <vlanId>0</vlanId>
        </vlan>
        <qosTag>
          <inherited>true</inherited>
          <value>-1</value>
        </qosTag>
        <uplinkTeamingPolicy>
          <inherited>true</inherited>
          <policy>
            <inherited>true</inherited>
            <value>loadbalance_srcid</value>
          </policy>
          <reversePolicy>
            <inherited>true</inherited>
            <value>true</value>
          </reversePolicy>
          <notifySwitches>
            <inherited>true</inherited>
            <value>true</value>
          </notifySwitches>
          <rollingOrder>
            <inherited>true</inherited>
            <value>false</value>
          </rollingOrder>
          <failureCriteria>
            <inherited>true</inherited>
            <checkSpeed>
              <inherited>true</inherited>
              <value>minimum</value>
            </checkSpeed>
            <speed>
              <inherited>true</inherited>
              <value>10</value>
            </speed>
            <checkDuplex>
              <inherited>true</inherited>
              <value>false</value>
            </checkDuplex>
            <fullDuplex>
              <inherited>true</inherited>
              <value>false</value>
            </fullDuplex>
            <checkErrorPercent>
              <inherited>true</inherited>
              <value>false</value>
            </checkErrorPercent>
            <percentage>
              <inherited>true</inherited>
            </percentage>
            <checkBeacon>
              <inherited>true</inherited>
              <value>false</value>
            </checkBeacon>
          </failureCriteria>
          <uplinkPortOrder>
            <inherited>true</inherited>
            <activeUplinkPort>uplink1</activeUplinkPort>
          </uplinkPortOrder>
        </uplinkTeamingPolicy>
        <securityPolicy>
          <inherited>true</inherited>
          <allowPromiscuous>
            <inherited>true</inherited>
            <value>false</value>
          </allowPromiscuous>
          <macChanges>
            <inherited>true</inherited>
            <value>false</value>
          </macChanges>
          <forgedTransmits>
            <inherited>true</inherited>
            <value>false</value>
          </forgedTransmits>
        </securityPolicy>
        <ipfixEnabled>
          <inherited>true</inherited>
          <value>false</value>
        </ipfixEnabled>
        <txUplink>
          <inherited>true</inherited>
          <value>false</value>
        </txUplink>
        <lacpPolicy>
          <inherited>true</inherited>
          <enable>
            <inherited>true</inherited>
            <value>false</value>
          </enable>
          <mode>
            <inherited>true</inherited>
            <value>passive</value>
          </mode>
        </lacpPolicy>
        <macManagementPolicy>
          <inherited>true</inherited>
          <allowPromiscuous>false</allowPromiscuous>
          <macChanges>false</macChanges>
          <forgedTransmits>false</forgedTransmits>
          <macLearningPolicy>
            <inherited>true</inherited>
            <enabled>false</enabled>
          </macLearningPolicy>
        </macManagementPolicy>
        <VNI>
          <inherited>true</inherited>
        </VNI>
      </setting>
      <configVersion>0</configVersion>
    </config>
    <dvsUuid>50 26 e7 fd c0 ce 70 e8-45 fe d3 2c 70 f3 40 60</dvsUuid>
    <portgroupKey>dvportgroup-1024</portgroupKey>
    <conflict>false</conflict>
    <lastStatusChange>1970-01-01T00:00:00Z</lastStatusChange>
  </returnval>
  <returnval>
    <key>2</key>
    <config>
      <name>uplink3</name>
      <scope type="HostSystem">host-1020</scope>
      <setting xmlns:XMLSchema-instance="http://www.w3.org/2001/XMLSchema-instance" XMLSchema-instance:type="VMwareDVSPortSetting">
        <blocked>
          <inherited>true</inherited>
          <value>false</value>
        </blocked>
        <vmDirectPathGen2Allowed>
          <inherited>true</inherited>
          <value>false</value>
        </vmDirectPathGen2Allowed>
        <inShapingPolicy>
          <inherited>true</inherited>
          <enabled>
            <inherited>true</inherited>
            <value>false</value>
          </enabled>
          <averageBandwidth>
            <inherited>true</inherited>
            <value>100000000</value>
          </averageBandwidth>
          <peakBandwidth>
            <inherited>true</inherited>
            <value>100000000</value>
          </peakBandwidth>
          <burstSize>
            <inherited>true</inherited>
            <value>104857600</value>
          </burstSize>
        </inShapingPolicy>
        <outShapingPolicy>
          <inherited>true</inherited>
          <enabled>
            <inherited>true</inherited>
            <value>false</value>
          </enabled>
          <averageBandwidth>
            <inherited>true</inherited>
            <value>100000000</value>
          </averageBandwidth>
          <peakBandwidth>
            <inherited>true</inherited>
            <value>100000000</value>
          </peakBandwidth>
          <burstSize>
            <inherited>true</inherited>
            <value>104857600</value>
          </burstSize>
        </outShapingPolicy>
        <vendorSpecificConfig>
          <inherited>true</inherited>
        </vendorSpecificConfig>
        <networkResourcePoolKey>
          <inherited>true</inherited>
          <value>-1</value>
        </networkResourcePoolKey>
        <filterPolicy>
          <inherited>true</inherited>
        </filterPolicy>
        <vlan XMLSchema-instance:type="VmwareDistributedVirtualSwitchTrunkVlanSpec">
          <inherited>true</inherited>
          <vlanId>
            <start>0</start>
            <end>4094</end>
          </vlanId>
        </vlan>
        <qosTag>
          <inherited>true</inherited>
          <value>-1</value>
        </qosTag>
        <uplinkTeamingPolicy>
          <inherited>true</inherited>
          <policy>
            <inherited>true</inherited>
            <value>loadbalance_srcid</value>
          </policy>
          <reversePolicy>
            <inherited>true</inherited>
            <value>true</value>
          </reversePolicy>
          <notifySwitches>
            <inherited>true</inherited>
            <value>true</value>
          </notifySwitches>
          <rollingOrder>
            <inherited>true</inherited>
            <value>false</value>
          </rollingOrder>
          <failureCriteria>
            <inherited>true</inherited>
            <checkSpeed>
              <inherited>true</inherited>
              <value>minimum</value>
            </checkSpeed>
            <speed>
              <inherited>true</inherited>
              <value>10</value>
            </speed>
            <checkDuplex>
              <inherited>true</inherited>
              <value>false</value>
            </checkDuplex>
            <fullDuplex>
              <inherited>true</inherited>
              <value>false</value>
            </fullDuplex>
            <checkErrorPercent>
              <inherited>true</inherited>
              <value>false</value>
            </checkErrorPercent>
            <percentage>
              <inherited>true</inherited>
            </percentage>
            <checkBeacon>
              <inherited>true</inherited>
              <value>false</value>
            </checkBeacon>
          </failureCriteria>
          <uplinkPortOrder>
            <inherited>true</inherited>
          </uplinkPortOrder>
        </uplinkTeamingPolicy>
        <securityPolicy>
          <inherited>true</inherited>
          <allowPromiscuous>
            <inherited>true</inherited>
            <value>false</value>
          </allowPromiscuous>
          <macChanges>
            <inherited>true</inherited>
            <value>false</value>
          </macChanges>
          <forgedTransmits>
            <inherited>true</inherited>
            <value>true</value>
          </forgedTransmits>
        </securityPolicy>
        <ipfixEnabled>
          <inherited>true</inherited>
          <value>false</value>
        </ipfixEnabled>
        <txUplink>
          <inherited>true</inherited>
          <value>false</value>
        </txUplink>
        <lacpPolicy>
          <inherited>true</inherited>
          <enable>
            <inherited>true</inherited>
            <value>false</value>
          </enable>
          <mode>
            <inherited>true</inherited>
            <value>passive</value>
          </mode>
        </lacpPolicy>
        <macManagementPolicy>
          <inherited>true</inherited>
          <allowPromiscuous>false</allowPromiscuous>
          <macChanges>false</macChanges>
          <forgedTransmits>true</forgedTransmits>
          <macLearningPolicy>
            <inherited>true</inherited>
            <enabled>false</enabled>
          </macLearningPolicy>
        </macManagementPolicy>
        <VNI>
          <inherited>true</inherited>
        </VNI>
      </setting>
      <configVersion>0</configVersion>
    </config>
    <dvsUuid>50 26 e7 fd c0 ce 70 e8-45 fe d3 2c 70 f3 40 60</dvsUuid>
    <portgroupKey>dvportgroup-1022</portgroupKey>
    <proxyHost type="HostSystem">host-1020</proxyHost>
    <conflict>false</conflict>
    <lastStatusChange>2022-02-13T14:17:58Z</lastStatusChange>
    <hostLocalPort>false</hostLocalPort>
  </returnval>
  <returnval>
    <key>5</key>
    <config>
      <name>uplink2</name>
      <scope type="HostSystem">host-1009</scope>
      <setting xmlns:XMLSchema-instance="http://www.w3.org/2001/XMLSchema-instance" XMLSchema-instance:type="VMwareDVSPortSetting">
        <blocked>
          <inherited>true</inherited>
          <value>false</value>
        </blocked>
        <vmDirectPathGen2Allowed>
          <inherited>true</inherited>
          <value>false</value>
        </vmDirectPathGen2Allowed>
        <inShapingPolicy>
          <inherited>true</inherited>
          <enabled>
            <inherited>true</inherited>
            <value>false</value>
          </enabled>
          <averageBandwidth>
            <inherited>true</inherited>
            <value>100000000</value>
          </averageBandwidth>
          <peakBandwidth>
            <inherited>true</inherited>
            <value>100000000</value>
          </peakBandwidth>
          <burstSize>
            <inherited>true</inherited>
            <value>104857600</value>
          </burstSize>
        </inShapingPolicy>
        <outShapingPolicy>
          <inherited>true</inherited>
          <enabled>
            <inherited>true</inherited>
            <value>false</value>
          </enabled>
          <averageBandwidth>
            <inherited>true</inherited>
            <value>100000000</value>
          </averageBandwidth>
          <peakBandwidth>
            <inherited>true</inherited>
            <value>100000000</value>
          </peakBandwidth>
          <burstSize>
            <inherited>true</inherited>
            <value>104857600</value>
          </burstSize>
        </outShapingPolicy>
        <vendorSpecificConfig>
          <inherited>true</inherited>
        </vendorSpecificConfig>
        <networkResourcePoolKey>
          <inherited>true</inherited>
          <value>-1</value>
        </networkResourcePoolKey>
        <filterPolicy>
          <inherited>true</inherited>
        </filterPolicy>
        <vlan XMLSchema-instance:type="VmwareDistributedVirtualSwitchTrunkVlanSpec">
          <inherited>true</inherited>
          <vlanId>
            <start>0</start>
            <end>4094</end>
          </vlanId>
        </vlan>
        <qosTag>
          <inherited>true</inherited>
          <value>-1</value>
        </qosTag>
        <uplinkTeamingPolicy>
          <inherited>true</inherited>
          <policy>
            <inherited>true</inherited>
            <value>loadbalance_srcid</value>
          </policy>
          <reversePolicy>
            <inherited>true</inherited>
            <value>true</value>
          </reversePolicy>
          <notifySwitches>
            <inherited>true</inherited>
            <value>true</value>
          </notifySwitches>
          <rollingOrder>
            <inherited>true</inherited>
            <value>false</value>
          </rollingOrder>
          <failureCriteria>
            <inherited>true</inherited>
            <checkSpeed>
              <inherited>true</inherited>
              <value>minimum</value>
            </checkSpeed>
            <speed>
              <inherited>true</inherited>
              <value>10</value>
            </speed>
            <checkDuplex>
              <inherited>true</inherited>
              <value>false</value>
            </checkDuplex>
            <fullDuplex>
              <inherited>true</inherited>
              <value>false</value>
            </fullDuplex>
            <checkErrorPercent>
              <inherited>true</inherited>
              <value>false</value>
            </checkErrorPercent>
            <percentage>
              <inherited>true</inherited>
            </percentage>
            <checkBeacon>
              <inherited>true</inherited>
              <value>false</value>
            </checkBeacon>
          </failureCriteria>
          <uplinkPortOrder>
            <inherited>true</inherited>
          </uplinkPortOrder>
        </uplinkTeamingPolicy>
        <securityPolicy>
          <inherited>true</inherited>
          <allowPromiscuous>
            <inherited>true</inherited>
            <value>false</value>
          </allowPromiscuous>
          <macChanges>
            <inherited>true</inherited>
            <value>false</value>
          </macChanges>
          <forgedTransmits>
            <inherited>true</inherited>
            <value>true</value>
          </forgedTransmits>
        </securityPolicy>
        <ipfixEnabled>
          <inherited>true</inherited>
          <value>false</value>
        </ipfixEnabled>
        <txUplink>
          <inherited>true</inherited>
          <value>false</value>
        </txUplink>
        <lacpPolicy>
          <inherited>true</inherited>
          <enable>
            <inherited>true</inherited>
            <value>false</value>
          </enable>
          <mode>
            <inherited>true</inherited>
            <value>passive</value>
          </mode>
        </lacpPolicy>
        <macManagementPolicy>
          <inherited>true</inherited>
          <allowPromiscuous>false</allowPromiscuous>
          <macChanges>false</macChanges>
          <forgedTransmits>true</forgedTransmits>
          <macLearningPolicy>
            <inherited>true</inherited>
            <enabled>false</enabled>
          </macLearningPolicy>
        </macManagementPolicy>
        <VNI>
          <inherited>true</inherited>
        </VNI>
      </setting>
      <configVersion>0</configVersion>
    </config>
    <dvsUuid>50 26 e7 fd c0 ce 70 e8-45 fe d3 2c 70 f3 40 60</dvsUuid>
    <portgroupKey>dvportgroup-1022</portgroupKey>
    <proxyHost type="HostSystem">host-1009</proxyHost>
    <conflict>false</conflict>
    <lastStatusChange>2022-02-13T14:17:58Z</lastStatusChange>
    <hostLocalPort>false</hostLocalPort>
  </returnval>
  <returnval>
    <key>10</key>
    <config>
      <setting xmlns:XMLSchema-instance="http://www.w3.org/2001/XMLSchema-instance" XMLSchema-instance:type="VMwareDVSPortSetting">
        <blocked>
          <inherited>true</inherited>
          <value>false</value>
        </blocked>
        <vmDirectPathGen2Allowed>
          <inherited>true</inherited>
          <value>false</value>
        </vmDirectPathGen2Allowed>
        <inShapingPolicy>
          <inherited>true</inherited>
          <enabled>
            <inherited>true</inherited>
            <value>false</value>
          </enabled>
          <averageBandwidth>
            <inherited>true</inherited>
            <value>100000000</value>
          </averageBandwidth>
          <peakBandwidth>
            <inherited>true</inherited>
            <value>100000000</value>
          </peakBandwidth>
          <burstSize>
            <inherited>true</inherited>
            <value>104857600</value>
          </burstSize>
        </inShapingPolicy>
        <outShapingPolicy>
          <inherited>true</inherited>
          <enabled>
            <inherited>true</inherited>
            <value>false</value>
          </enabled>
          <averageBandwidth>
            <inherited>true</inherited>
            <value>100000000</value>
          </averageBandwidth>
          <peakBandwidth>
            <inherited>true</inherited>
            <value>100000000</value>
          </peakBandwidth>
          <burstSize>
            <inherited>true</inherited>
            <value>104857600</value>
          </burstSize>
        </outShapingPolicy>
        <vendorSpecificConfig>
          <inherited>true</inherited>
        </vendorSpecificConfig>
        <networkResourcePoolKey>
          <inherited>true</inherited>
          <value>-1</value>
        </networkResourcePoolKey>
        <filterPolicy>
          <inherited>true</inherited>
        </filterPolicy>
        <vlan XMLSchema-instance:type="VmwareDistributedVirtualSwitchVlanIdSpec">
          <inherited>true</inherited>
          <vlanId>0</vlanId>
        </vlan>
        <qosTag>
          <inherited>true</inherited>
          <value>-1</value>
        </qosTag>
        <uplinkTeamingPolicy>
          <inherited>true</inherited>
          <policy>
            <inherited>true</inherited>
            <value>loadbalance_srcid</value>
          </policy>
          <reversePolicy>
            <inherited>true</inherited>
            <value>true</value>
          </reversePolicy>
          <notifySwitches>
            <inherited>true</inherited>
            <value>true</value>
          </notifySwitches>
          <rollingOrder>
            <inherited>true</inherited>
            <value>false</value>
          </rollingOrder>
          <failureCriteria>
            <inherited>true</inherited>
            <checkSpeed>
              <inherited>true</inherited>
              <value>minimum</value>
            </checkSpeed>
            <speed>
              <inherited>true</inherited>
              <value>10</value>
            </speed>
            <checkDuplex>
              <inherited>true</inherited>
              <value>false</value>
            </checkDuplex>
            <fullDuplex>
              <inherited>true</inherited>
              <value>false</value>
            </fullDuplex>
            <checkErrorPercent>
              <inherited>true</inherited>
              <value>false</value>
            </checkErrorPercent>
            <percentage>
              <inherited>true</inherited>
            </percentage>
            <checkBeacon>
              <inherited>true</inherited>
              <value>false</value>
            </checkBeacon>
          </failureCriteria>
          <uplinkPortOrder>
            <inherited>true</inherited>
            <activeUplinkPort>uplink1</activeUplinkPort>
          </uplinkPortOrder>
        </uplinkTeamingPolicy>
        <securityPolicy>
          <inherited>true</inherited>
          <allowPromiscuous>
            <inherited>true</inherited>
            <value>false</value>
          </allowPromiscuous>
          <macChanges>
            <inherited>true</inherited>
            <value>false</value>
          </macChanges>
          <forgedTransmits>
            <inherited>true</inherited>
            <value>false</value>
          </forgedTransmits>
        </securityPolicy>
        <ipfixEnabled>
          <inherited>true</inherited>
          <value>false</value>
        </ipfixEnabled>
        <txUplink>
          <inherited>true</inherited>
          <value>false</value>
        </txUplink>
        <lacpPolicy>
          <inherited>true</inherited>
          <enable>
            <inherited>true</inherited>
            <value>false</value>
          </enable>
          <mode>
            <inherited>true</inherited>
            <value>passive</value>
          </mode>
        </lacpPolicy>
        <macManagementPolicy>
          <inherited>true</inherited>
          <allowPromiscuous>false</allowPromiscuous>
          <macChanges>false</macChanges>
          <forgedTransmits>false</forgedTransmits>
          <macLearningPolicy>
            <inherited>true</inherited>
            <enabled>false</enabled>
          </macLearningPolicy>
        </macManagementPolicy>
        <VNI>
          <inherited>true</inherited>
        </VNI>
      </setting>
      <configVersion>0</configVersion>
    </config>
    <dvsUuid>50 26 e7 fd c0 ce 70 e8-45 fe d3 2c 70 f3 40 60</dvsUuid>
    <portgroupKey>dvportgroup-1024</portgroupKey>
    <conflict>false</conflict>
    <lastStatusChange>1970-01-01T00:00:00Z</lastStatusChange>
  </returnval>
  <returnval>
    <key>0</key>
    <config>
      <name>uplink1</name>
      <scope type="HostSystem">host-1020</scope>
      <setting xmlns:XMLSchema-instance="http://www.w3.org/2001/XMLSchema-instance" XMLSchema-instance:type="VMwareDVSPortSetting">
        <blocked>
          <inherited>true</inherited>
          <value>false</value>
        </blocked>
        <vmDirectPathGen2Allowed>
          <inherited>true</inherited>
          <value>false</value>
        </vmDirectPathGen2Allowed>
        <inShapingPolicy>
          <inherited>true</inherited>
          <enabled>
            <inherited>true</inherited>
            <value>false</value>
          </enabled>
          <averageBandwidth>
            <inherited>true</inherited>
            <value>100000000</value>
          </averageBandwidth>
          <peakBandwidth>
            <inherited>true</inherited>
            <value>100000000</value>
          </peakBandwidth>
          <burstSize>
            <inherited>true</inherited>
            <value>104857600</value>
          </burstSize>
        </inShapingPolicy>
        <outShapingPolicy>
          <inherited>true</inherited>
          <enabled>
            <inherited>true</inherited>
            <value>false</value>
          </enabled>
          <averageBandwidth>
            <inherited>true</inherited>
            <value>100000000</value>
          </averageBandwidth>
          <peakBandwidth>
            <inherited>true</inherited>
            <value>100000000</value>
          </peakBandwidth>
          <burstSize>
            <inherited>true</inherited>
            <value>104857600</value>
          </burstSize>
        </outShapingPolicy>
        <vendorSpecificConfig>
          <inherited>true</inherited>
        </vendorSpecificConfig>
        <networkResourcePoolKey>
          <inherited>true</inherited>
          <value>-1</value>
        </networkResourcePoolKey>
        <filterPolicy>
          <inherited>true</inherited>
        </filterPolicy>
        <vlan XMLSchema-instance:type="VmwareDistributedVirtualSwitchTrunkVlanSpec">
          <inherited>true</inherited>
          <vlanId>
            <start>0</start>
            <end>4094</end>
          </vlanId>
        </vlan>
        <qosTag>
          <inherited>true</inherited>
          <value>-1</value>
        </qosTag>
        <uplinkTeamingPolicy>
          <inherited>true</inherited>
          <policy>
            <inherited>true</inherited>
            <value>loadbalance_srcid</value>
          </policy>
          <reversePolicy>
            <inherited>true</inherited>
            <value>true</value>
          </reversePolicy>
          <notifySwitches>
            <inherited>true</inherited>
            <value>true</value>
          </notifySwitches>
          <rollingOrder>
            <inherited>true</inherited>
            <value>false</value>
          </rollingOrder>
          <failureCriteria>
            <inherited>true</inherited>
            <checkSpeed>
              <inherited>true</inherited>
              <value>minimum</value>
            </checkSpeed>
            <speed>
              <inherited>true</inherited>
              <value>10</value>
            </speed>
            <checkDuplex>
              <inherited>true</inherited>
              <value>false</value>
            </checkDuplex>
            <fullDuplex>
              <inherited>true</inherited>
              <value>false</value>
            </fullDuplex>
            <checkErrorPercent>
              <inherited>true</inherited>
              <value>false</value>
            </checkErrorPercent>
            <percentage>
              <inherited>true</inherited>
            </percentage>
            <checkBeacon>
              <inherited>true</inherited>
              <value>false</value>
            </checkBeacon>
          </failureCriteria>
          <uplinkPortOrder>
            <inherited>true</inherited>
          </uplinkPortOrder>
        </uplinkTeamingPolicy>
        <securityPolicy>
          <inherited>true</inherited>
          <allowPromiscuous>
            <inherited>true</inherited>
            <value>false</value>
          </allowPromiscuous>
          <macChanges>
            <inherited>true</inherited>
            <value>false</value>
          </macChanges>
          <forgedTransmits>
            <inherited>true</inherited>
            <value>true</value>
          </forgedTransmits>
        </securityPolicy>
        <ipfixEnabled>
          <inherited>true</inherited>
          <value>false</value>
        </ipfixEnabled>
        <txUplink>
          <inherited>true</inherited>
          <value>false</value>
        </txUplink>
        <lacpPolicy>
          <inherited>true</inherited>
          <enable>
            <inherited>true</inherited>
            <value>false</value>
          </enable>
          <mode>
            <inherited>true</inherited>
            <value>passive</value>
          </mode>
        </lacpPolicy>
        <macManagementPolicy>
          <inherited>true</inherited>
          <allowPromiscuous>false</allowPromiscuous>
          <macChanges>false</macChanges>
          <forgedTransmits>true</forgedTransmits>
          <macLearningPolicy>
            <inherited>true</inherited>
            <enabled>false</enabled>
          </macLearningPolicy>
        </macManagementPolicy>
        <VNI>
          <inherited>true</inherited>
        </VNI>
      </setting>
      <configVersion>0</configVersion>
    </config>
    <dvsUuid>50 26 e7 fd c0 ce 70 e8-45 fe d3 2c 70 f3 40 60</dvsUuid>
    <portgroupKey>dvportgroup-1022</portgroupKey>
    <proxyHost type="HostSystem">host-1020</proxyHost>
    <conflict>false</conflict>
    <lastStatusChange>2022-02-13T14:17:58Z</lastStatusChange>
    <hostLocalPort>false</hostLocalPort>
  </returnval>
  <returnval>
    <key>1</key>
    <config>
      <name>uplink2</name>
      <scope type="HostSystem">host-1020</scope>
      <setting xmlns:XMLSchema-instance="http://www.w3.org/2001/XMLSchema-instance" XMLSchema-instance:type="VMwareDVSPortSetting">
        <blocked>
          <inherited>true</inherited>
          <value>false</value>
        </blocked>
        <vmDirectPathGen2Allowed>
          <inherited>true</inherited>
          <value>false</value>
        </vmDirectPathGen2Allowed>
        <inShapingPolicy>
          <inherited>true</inherited>
          <enabled>
            <inherited>true</inherited>
            <value>false</value>
          </enabled>
          <averageBandwidth>
            <inherited>true</inherited>
            <value>100000000</value>
          </averageBandwidth>
          <peakBandwidth>
            <inherited>true</inherited>
            <value>100000000</value>
          </peakBandwidth>
          <burstSize>
            <inherited>true</inherited>
            <value>104857600</value>
          </burstSize>
        </inShapingPolicy>
        <outShapingPolicy>
          <inherited>true</inherited>
          <enabled>
            <inherited>true</inherited>
            <value>false</value>
          </enabled>
          <averageBandwidth>
            <inherited>true</inherited>
            <value>100000000</value>
          </averageBandwidth>
          <peakBandwidth>
            <inherited>true</inherited>
            <value>100000000</value>
          </peakBandwidth>
          <burstSize>
            <inherited>true</inherited>
            <value>104857600</value>
          </burstSize>
        </outShapingPolicy>
        <vendorSpecificConfig>
          <inherited>true</inherited>
        </vendorSpecificConfig>
        <networkResourcePoolKey>
          <inherited>true</inherited>
          <value>-1</value>
        </networkResourcePoolKey>
        <filterPolicy>
          <inherited>true</inherited>
        </filterPolicy>
        <vlan XMLSchema-instance:type="VmwareDistributedVirtualSwitchTrunkVlanSpec">
          <inherited>true</inherited>
          <vlanId>
            <start>0</start>
            <end>4094</end>
          </vlanId>
        </vlan>
        <qosTag>
          <inherited>true</inherited>
          <value>-1</value>
        </qosTag>
        <uplinkTeamingPolicy>
          <inherited>true</inherited>
          <policy>
            <inherited>true</inherited>
            <value>loadbalance_srcid</value>
          </policy>
          <reversePolicy>
            <inherited>true</inherited>
            <value>true</value>
          </reversePolicy>
          <notifySwitches>
            <inherited>true</inherited>
            <value>true</value>
          </notifySwitches>
          <rollingOrder>
            <inherited>true</inherited>
            <value>false</value>
          </rollingOrder>
          <failureCriteria>
            <inherited>true</inherited>
            <checkSpeed>
              <inherited>true</inherited>
              <value>minimum</value>
            </checkSpeed>
            <speed>
              <inherited>true</inherited>
              <value>10</value>
            </speed>
            <checkDuplex>
              <inherited>true</inherited>
              <value>false</value>
            </checkDuplex>
            <fullDuplex>
              <inherited>true</inherited>
              <value>false</value>
            </fullDuplex>
            <checkErrorPercent>
              <inherited>true</inherited>
              <value>false</value>
            </checkErrorPercent>
            <percentage>
              <inherited>true</inherited>
            </percentage>
            <checkBeacon>
              <inherited>true</inherited>
              <value>false</value>
            </checkBeacon>
          </failureCriteria>
          <uplinkPortOrder>
            <inherited>true</inherited>
          </uplinkPortOrder>
        </uplinkTeamingPolicy>
        <securityPolicy>
          <inherited>true</inherited>
          <allowPromiscuous>
            <inherited>true</inherited>
            <value>false</value>
          </allowPromiscuous>
          <macChanges>
            <inherited>true</inherited>
            <value>false</value>
          </macChanges>
          <forgedTransmits>
            <inherited>true</inherited>
            <value>true</value>
          </forgedTransmits>
        </securityPolicy>
        <ipfixEnabled>
          <inherited>true</inherited>
          <value>false</value>
        </ipfixEnabled>
        <txUplink>
          <inherited>true</inherited>
          <value>false</value>
        </txUplink>
        <lacpPolicy>
          <inherited>true</inherited>
          <enable>
            <inherited>true</inherited>
            <value>false</value>
          </enable>
          <mode>
            <inherited>true</inherited>
            <value>passive</value>
          </mode>
        </lacpPolicy>
        <macManagementPolicy>
          <inherited>true</inherited>
          <allowPromiscuous>false</allowPromiscuous>
          <macChanges>false</macChanges>
          <forgedTransmits>true</forgedTransmits>
          <macLearningPolicy>
            <inherited>true</inherited>
            <enabled>false</enabled>
          </macLearningPolicy>
        </macManagementPolicy>
        <VNI>
          <inherited>true</inherited>
        </VNI>
      </setting>
      <configVersion>0</configVersion>
    </config>
    <dvsUuid>50 26 e7 fd c0 ce 70 e8-45 fe d3 2c 70 f3 40 60</dvsUuid>
    <portgroupKey>dvportgroup-1022</portgroupKey>
    <proxyHost type="HostSystem">host-1020</proxyHost>
    <conflict>false</conflict>
    <lastStatusChange>2022-02-13T14:17:58Z</lastStatusChange>
    <hostLocalPort>false</hostLocalPort>
  </returnval>
  <returnval>
    <key>13</key>
    <config>
      <setting xmlns:XMLSchema-instance="http://www.w3.org/2001/XMLSchema-instance" XMLSchema-instance:type="VMwareDVSPortSetting">
        <blocked>
          <inherited>true</inherited>
          <value>false</value>
        </blocked>
        <vmDirectPathGen2Allowed>
          <inherited>true</inherited>
          <value>false</value>
        </vmDirectPathGen2Allowed>
        <inShapingPolicy>
          <inherited>true</inherited>
          <enabled>
            <inherited>true</inherited>
            <value>false</value>
          </enabled>
          <averageBandwidth>
            <inherited>true</inherited>
            <value>100000000</value>
          </averageBandwidth>
          <peakBandwidth>
            <inherited>true</inherited>
            <value>100000000</value>
          </peakBandwidth>
          <burstSize>
            <inherited>true</inherited>
            <value>104857600</value>
          </burstSize>
        </inShapingPolicy>
        <outShapingPolicy>
          <inherited>true</inherited>
          <enabled>
            <inherited>true</inherited>
            <value>false</value>
          </enabled>
          <averageBandwidth>
            <inherited>true</inherited>
            <value>100000000</value>
          </averageBandwidth>
          <peakBandwidth>
            <inherited>true</inherited>
            <value>100000000</value>
          </peakBandwidth>
          <burstSize>
            <inherited>true</inherited>
            <value>104857600</value>
          </burstSize>
        </outShapingPolicy>
        <vendorSpecificConfig>
          <inherited>true</inherited>
        </vendorSpecificConfig>
        <networkResourcePoolKey>
          <inherited>true</inherited>
          <value>-1</value>
        </networkResourcePoolKey>
        <filterPolicy>
          <inherited>true</inherited>
        </filterPolicy>
        <vlan XMLSchema-instance:type="VmwareDistributedVirtualSwitchVlanIdSpec">
          <inherited>true</inherited>
          <vlanId>0</vlanId>
        </vlan>
        <qosTag>
          <inherited>true</inherited>
          <value>-1</value>
        </qosTag>
        <uplinkTeamingPolicy>
          <inherited>true</inherited>
          <policy>
            <inherited>true</inherited>
            <value>loadbalance_srcid</value>
          </policy>
          <reversePolicy>
            <inherited>true</inherited>
            <value>true</value>
          </reversePolicy>
          <notifySwitches>
            <inherited>true</inherited>
            <value>true</value>
          </notifySwitches>
          <rollingOrder>
            <inherited>true</inherited>
            <value>false</value>
          </rollingOrder>
          <failureCriteria>
            <inherited>true</inherited>
            <checkSpeed>
              <inherited>true</inherited>
              <value>minimum</value>
            </checkSpeed>
            <speed>
              <inherited>true</inherited>
              <value>10</value>
            </speed>
            <checkDuplex>
              <inherited>true</inherited>
              <value>false</value>
            </checkDuplex>
            <fullDuplex>
              <inherited>true</inherited>
              <value>false</value>
            </fullDuplex>
            <checkErrorPercent>
              <inherited>true</inherited>
              <value>false</value>
            </checkErrorPercent>
            <percentage>
              <inherited>true</inherited>
            </percentage>
            <checkBeacon>
              <inherited>true</inherited>
              <value>false</value>
            </checkBeacon>
          </failureCriteria>
          <uplinkPortOrder>
            <inherited>true</inherited>
            <activeUplinkPort>uplink1</activeUplinkPort>
          </uplinkPortOrder>
        </uplinkTeamingPolicy>
        <securityPolicy>
          <inherited>true</inherited>
          <allowPromiscuous>
            <inherited>true</inherited>
            <value>false</value>
          </allowPromiscuous>
          <macChanges>
            <inherited>true</inherited>
            <value>false</value>
          </macChanges>
          <forgedTransmits>
            <inherited>true</inherited>
            <value>false</value>
          </forgedTransmits>
        </securityPolicy>
        <ipfixEnabled>
          <inherited>true</inherited>
          <value>false</value>
        </ipfixEnabled>
        <txUplink>
          <inherited>true</inherited>
          <value>false</value>
        </txUplink>
        <lacpPolicy>
          <inherited>true</inherited>
          <enable>
            <inherited>true</inherited>
            <value>false</value>
          </enable>
          <mode>
            <inherited>true</inherited>
            <value>passive</value>
          </mode>
        </lacpPolicy>
        <macManagementPolicy>
          <inherited>true</inherited>
          <allowPromiscuous>false</allowPromiscuous>
          <macChanges>false</macChanges>
          <forgedTransmits>false</forgedTransmits>
          <macLearningPolicy>
            <inherited>true</inherited>
            <enabled>false</enabled>
          </macLearningPolicy>
        </macManagementPolicy>
        <VNI>
          <inherited>true</inherited>
        </VNI>
      </setting>
      <configVersion>0</configVersion>
    </config>
    <dvsUuid>50 26 e7 fd c0 ce 70 e8-45 fe d3 2c 70 f3 40 60</dvsUuid>
    <portgroupKey>dvportgroup-1024</portgroupKey>
    <conflict>false</conflict>
    <lastStatusChange>1970-01-01T00:00:00Z</lastStatusChange>
  </returnval>
  <returnval>
    <key>3</key>
    <config>
      <name>uplink4</name>
      <scope type="HostSystem">host-1020</scope>
      <setting xmlns:XMLSchema-instance="http://www.w3.org/2001/XMLSchema-instance" XMLSchema-instance:type="VMwareDVSPortSetting">
        <blocked>
          <inherited>true</inherited>
          <value>false</value>
        </blocked>
        <vmDirectPathGen2Allowed>
          <inherited>true</inherited>
          <value>false</value>
        </vmDirectPathGen2Allowed>
        <inShapingPolicy>
          <inherited>true</inherited>
          <enabled>
            <inherited>true</inherited>
            <value>false</value>
          </enabled>
          <averageBandwidth>
            <inherited>true</inherited>
            <value>100000000</value>
          </averageBandwidth>
          <peakBandwidth>
            <inherited>true</inherited>
            <value>100000000</value>
          </peakBandwidth>
          <burstSize>
            <inherited>true</inherited>
            <value>104857600</value>
          </burstSize>
        </inShapingPolicy>
        <outShapingPolicy>
          <inherited>true</inherited>
          <enabled>
            <inherited>true</inherited>
            <value>false</value>
          </enabled>
          <averageBandwidth>
            <inherited>true</inherited>
            <value>100000000</value>
          </averageBandwidth>
          <peakBandwidth>
            <inherited>true</inherited>
            <value>100000000</value>
          </peakBandwidth>
          <burstSize>
            <inherited>true</inherited>
            <value>104857600</value>
          </burstSize>
        </outShapingPolicy>
        <vendorSpecificConfig>
          <inherited>true</inherited>
        </vendorSpecificConfig>
        <networkResourcePoolKey>
          <inherited>true</inherited>
          <value>-1</value>
        </networkResourcePoolKey>
        <filterPolicy>
          <inherited>true</inherited>
        </filterPolicy>
        <vlan XMLSchema-instance:type="VmwareDistributedVirtualSwitchTrunkVlanSpec">
          <inherited>true</inherited>
          <vlanId>
            <start>0</start>
            <end>4094</end>
          </vlanId>
        </vlan>
        <qosTag>
          <inherited>true</inherited>
          <value>-1</value>
        </qosTag>
        <uplinkTeamingPolicy>
          <inherited>true</inherited>
          <policy>
            <inherited>true</inherited>
            <value>loadbalance_srcid</value>
          </policy>
          <reversePolicy>
            <inherited>true</inherited>
            <value>true</value>
          </reversePolicy>
          <notifySwitches>
            <inherited>true</inherited>
            <value>true</value>
          </notifySwitches>
          <rollingOrder>
            <inherited>true</inherited>
            <value>false</value>
          </rollingOrder>
          <failureCriteria>
            <inherited>true</inherited>
            <checkSpeed>
              <inherited>true</inherited>
              <value>minimum</value>
            </checkSpeed>
            <speed>
              <inherited>true</inherited>
              <value>10</value>
            </speed>
            <checkDuplex>
              <inherited>true</inherited>
              <value>false</value>
            </checkDuplex>
            <fullDuplex>
              <inherited>true</inherited>
              <value>false</value>
            </fullDuplex>
            <checkErrorPercent>
              <inherited>true</inherited>
              <value>false</value>
            </checkErrorPercent>
            <percentage>
              <inherited>true</inherited>
            </percentage>
            <checkBeacon>
              <inherited>true</inherited>
              <value>false</value>
            </checkBeacon>
          </failureCriteria>
          <uplinkPortOrder>
            <inherited>true</inherited>
          </uplinkPortOrder>
        </uplinkTeamingPolicy>
        <securityPolicy>
          <inherited>true</inherited>
          <allowPromiscuous>
            <inherited>true</inherited>
            <value>false</value>
          </allowPromiscuous>
          <macChanges>
            <inherited>true</inherited>
            <value>false</value>
          </macChanges>
          <forgedTransmits>
            <inherited>true</inherited>
            <value>true</value>
          </forgedTransmits>
        </securityPolicy>
        <ipfixEnabled>
          <inherited>true</inherited>
          <value>false</value>
        </ipfixEnabled>
        <txUplink>
          <inherited>true</inherited>
          <value>false</value>
        </txUplink>
        <lacpPolicy>
          <inherited>true</inherited>
          <enable>
            <inherited>true</inherited>
            <value>false</value>
          </enable>
          <mode>
            <inherited>true</inherited>
            <value>passive</value>
          </mode>
        </lacpPolicy>
        <macManagementPolicy>
          <inherited>true</inherited>
          <allowPromiscuous>false</allowPromiscuous>
          <macChanges>false</macChanges>
          <forgedTransmits>true</forgedTransmits>
          <macLearningPolicy>
            <inherited>true</inherited>
            <enabled>false</enabled>
          </macLearningPolicy>
        </macManagementPolicy>
        <VNI>
          <inherited>true</inherited>
        </VNI>
      </setting>
      <configVersion>0</configVersion>
    </config>
    <dvsUuid>50 26 e7 fd c0 ce 70 e8-45 fe d3 2c 70 f3 40 60</dvsUuid>
    <portgroupKey>dvportgroup-1022</portgroupKey>
    <proxyHost type="HostSystem">host-1020</proxyHost>
    <conflict>false</conflict>
    <lastStatusChange>2022-02-13T14:17:58Z</lastStatusChange>
    <hostLocalPort>false</hostLocalPort>
  </returnval>
  <returnval>
    <key>14</key>
    <config>
      <setting xmlns:XMLSchema-instance="http://www.w3.org/2001/XMLSchema-instance" XMLSchema-instance:type="VMwareDVSPortSetting">
        <blocked>
          <inherited>true</inherited>
          <value>false</value>
        </blocked>
        <vmDirectPathGen2Allowed>
          <inherited>true</inherited>
          <value>false</value>
        </vmDirectPathGen2Allowed>
        <inShapingPolicy>
          <inherited>true</inherited>
          <enabled>
            <inherited>true</inherited>
            <value>false</value>
          </enabled>
          <averageBandwidth>
            <inherited>true</inherited>
            <value>100000000</value>
          </averageBandwidth>
          <peakBandwidth>
            <inherited>true</inherited>
            <value>100000000</value>
          </peakBandwidth>
          <burstSize>
            <inherited>true</inherited>
            <value>104857600</value>
          </burstSize>
        </inShapingPolicy>
        <outShapingPolicy>
          <inherited>true</inherited>
          <enabled>
            <inherited>true</inherited>
            <value>false</value>
          </enabled>
          <averageBandwidth>
            <inherited>true</inherited>
            <value>100000000</value>
          </averageBandwidth>
          <peakBandwidth>
            <inherited>true</inherited>
            <value>100000000</value>
          </peakBandwidth>
          <burstSize>
            <inherited>true</inherited>
            <value>104857600</value>
          </burstSize>
        </outShapingPolicy>
        <vendorSpecificConfig>
          <inherited>true</inherited>
        </vendorSpecificConfig>
        <networkResourcePoolKey>
          <inherited>true</inherited>
          <value>-1</value>
        </networkResourcePoolKey>
        <filterPolicy>
          <inherited>true</inherited>
        </filterPolicy>
        <vlan XMLSchema-instance:type="VmwareDistributedVirtualSwitchVlanIdSpec">
          <inherited>true</inherited>
          <vlanId>0</vlanId>
        </vlan>
        <qosTag>
          <inherited>true</inherited>
          <value>-1</value>
        </qosTag>
        <uplinkTeamingPolicy>
          <inherited>true</inherited>
          <policy>
            <inherited>true</inherited>
            <value>loadbalance_srcid</value>
          </policy>
          <reversePolicy>
            <inherited>true</inherited>
            <value>true</value>
          </reversePolicy>
          <notifySwitches>
            <inherited>true</inherited>
            <value>true</value>
          </notifySwitches>
          <rollingOrder>
            <inherited>true</inherited>
            <value>false</value>
          </rollingOrder>
          <failureCriteria>
            <inherited>true</inherited>
            <checkSpeed>
              <inherited>true</inherited>
              <value>minimum</value>
            </checkSpeed>
            <speed>
              <inherited>true</inherited>
              <value>10</value>
            </speed>
            <checkDuplex>
              <inherited>true</inherited>
              <value>false</value>
            </checkDuplex>
            <fullDuplex>
              <inherited>true</inherited>
              <value>false</value>
            </fullDuplex>
            <checkErrorPercent>
              <inherited>true</inherited>
              <value>false</value>
            </checkErrorPercent>
            <percentage>
              <inherited>true</inherited>
            </percentage>
            <checkBeacon>
              <inherited>true</inherited>
              <value>false</value>
            </checkBeacon>
          </failureCriteria>
          <uplinkPortOrder>
            <inherited>true</inherited>
            <activeUplinkPort>uplink1</activeUplinkPort>
          </uplinkPortOrder>
        </uplinkTeamingPolicy>
        <securityPolicy>
          <inherited>true</inherited>
          <allowPromiscuous>
            <inherited>true</inherited>
            <value>false</value>
          </allowPromiscuous>
          <macChanges>
            <inherited>true</inherited>
            <value>false</value>
          </macChanges>
          <forgedTransmits>
            <inherited>true</inherited>
            <value>false</value>
          </forgedTransmits>
        </securityPolicy>
        <ipfixEnabled>
          <inherited>true</inherited>
          <value>false</value>
        </ipfixEnabled>
        <txUplink>
          <inherited>true</inherited>
          <value>false</value>
        </txUplink>
        <lacpPolicy>
          <inherited>true</inherited>
          <enable>
            <inherited>true</inherited>
            <value>false</value>
          </enable>
          <mode>
            <inherited>true</inherited>
            <value>passive</value>
          </mode>
        </lacpPolicy>
        <macManagementPolicy>
          <inherited>true</inherited>
          <allowPromiscuous>false</allowPromiscuous>
          <macChanges>false</macChanges>
          <forgedTransmits>false</forgedTransmits>
          <macLearningPolicy>
            <inherited>true</inherited>
            <enabled>false</enabled>
          </macLearningPolicy>
        </macManagementPolicy>
        <VNI>
          <inherited>true</inherited>
        </VNI>
      </setting>
      <configVersion>0</configVersion>
    </config>
    <dvsUuid>50 26 e7 fd c0 ce 70 e8-45 fe d3 2c 70 f3 40 60</dvsUuid>
    <portgroupKey>dvportgroup-1024</portgroupKey>
    <conflict>false</conflict>
    <lastStatusChange>1970-01-01T00:00:00Z</lastStatusChange>
  </returnval>
</FetchDVPortsResponse>