<ObjectContent>
  <obj type="ServiceInstance">ServiceInstance</obj>
  <propSet>
    <name>content</name>
    <val xmlns:XMLSchema-instance="http://www.w3.org/2001/XMLSchema-instance" XMLSchema-instance:type="ServiceContent">
      <rootFolder type="Folder">group-d1</rootFolder>
      <propertyCollector type="PropertyCollector">propertyCollector</propertyCollector>
      <viewManager type="ViewManager">ViewManager</viewManager>
      <about>
        <name>VMware vCenter Server</name>
        <fullName>VMware vCenter Server 7.0.3 build-18700403</fullName>
        <vendor>VMware, Inc.</vendor>
        <version>7.0.3</version>
        <build>18700403</build>
        <localeVersion>INTL</localeVersion>
        <localeBuild>000</localeBuild>
        <osType>linux-x64</osType>
        <productLineId>vpx</productLineId>
        <apiType>VirtualCenter</apiType>
        <apiVersion>7.0.3.0</apiVersion>
        <instanceUuid>8a972364-3515-4f7a-b38c-91bc7b19ffb4</instanceUuid>
        <licenseProductName>VMware VirtualCenter Server</licenseProductName>
        <licenseProductVersion>7.0</licenseProductVersion>
      </about>
      <setting type="OptionManager">VpxSettings</setting>
      <userDirectory type="UserDirectory">UserDirectory</userDirectory>
      <sessionManager type="SessionManager">SessionManager</sessionManager>
      <authorizationManager type="AuthorizationManager">AuthorizationManager</authorizationManager>
      <serviceManager type="ServiceManager">ServiceMgr</serviceManager>
      <perfManager type="PerformanceManager">PerfMgr</perfManager>
      <scheduledTaskManager type="ScheduledTaskManager">ScheduledTaskManager</scheduledTaskManager>
      <alarmManager type="AlarmManager">AlarmManager</alarmManager>
      <eventManager type="EventManager">EventManager</eventManager>
      <taskManager type="TaskManager">TaskManager</taskManager>
      <extensionManager type="ExtensionManager">ExtensionManager</extensionManager>
      <customizationSpecManager type="CustomizationSpecManager">CustomizationSpecManager</customizationSpecManager>
      <guestCustomizationManager type="VirtualMachineGuestCustomizationManager">GuestCustomizationManager</guestCustomizationManager>
      <customFieldsManager type="CustomFieldsManager">CustomFieldsManager</customFieldsManager>
      <diagnosticManager type="DiagnosticManager">DiagMgr</diagnosticManager>
      <licenseManager type="LicenseManager">LicenseManager</licenseManager>
      <searchIndex type="SearchIndex">SearchIndex</searchIndex>
      <fileManager type="FileManager">FileManager</fileManager>
      <datastoreNamespaceManager type="DatastoreNamespaceManager">DatastoreNamespaceManager</datastoreNamespaceManager>
      <virtualDiskManager type="VirtualDiskManager">virtualDiskManager</virtualDiskManager>
      <snmpSystem type="HostSnmpSystem">SnmpSystem</snmpSystem>
      <vmProvisioningChecker type="VirtualMachineProvisioningChecker">ProvChecker</vmProvisioningChecker>
      <vmCompatibilityChecker type="VirtualMachineCompatibilityChecker">CompatChecker</vmCompatibilityChecker>
      <ovfManager type="OvfManager">OvfManager</ovfManager>
      <ipPoolManager type="IpPoolManager">IpPoolManager</ipPoolManager>
      <dvSwitchManager type="DistributedVirtualSwitchManager">DVSManager</dvSwitchManager>
      <hostProfileManager type="HostProfileManager">HostProfileManager</hostProfileManager>
      <clusterProfileManager type="ClusterProfileManager">ClusterProfileManager</clusterProfileManager>
      <complianceManager type="ProfileComplianceManager">MoComplianceManager</complianceManager>
      <localizationManager type="LocalizationManager">LocalizationManager</localizationManager>
      <storageResourceManager type="StorageResourceManager">StorageResourceManager</storageResourceManager>
      <guestOperationsManager type="GuestOperationsManager">guestOperationsManager</guestOperationsManager>
      <overheadMemoryManager type="OverheadMemoryManager">OverheadMemoryManager</overheadMemoryManager>
      <certificateManager type="CertificateManager">certificateManager</certificateManager>
      <ioFilterManager type="IoFilterManager">IoFilterManager</ioFilterManager>
      <vStorageObjectManager type="VcenterVStorageObjectManager">VStorageObjectManager</vStorageObjectManager>
      <hostSpecManager type="HostSpecificationManager">HostSpecificationManager</hostSpecManager>
      <cryptoManager type="CryptoManagerKmip">CryptoManager</cryptoManager>
      <healthUpdateManager type="HealthUpdateManager">HealthUpdateManager</healthUpdateManager>
      <failoverClusterConfigurator type="FailoverClusterConfigurator">FailoverClusterConfigurator</failoverClusterConfigurator>
      <failoverClusterManager type="FailoverClusterManager">FailoverClusterManager</failoverClusterManager>
      <tenantManager type="TenantTenantManager">TenantManager-18700403</tenantManager>
      <siteInfoManager type="SiteInfoManager">SiteInfoManager</siteInfoManager>
      <storageQueryManager type="StorageQueryManager">StorageQueryManager</storageQueryManager>
    </val>
  </propSet>
</ObjectContent>