<ObjectContent>
  <obj type="CustomFieldsManager">CustomFieldsManager</obj>
  <propSet>
    <name>field</name>
    <val xmlns:XMLSchema-instance="http://www.w3.org/2001/XMLSchema-instance" XMLSchema-instance:type="ArrayOfCustomFieldDef">
      <CustomFieldDef>
        <key>5</key>
        <name>AutoDeploy.MachineIdentity</name>
        <type>string</type>
        <managedObjectType>HostSystem</managedObjectType>
        <fieldDefPrivileges>
          <createPrivilege>AutoDeploy.Host.AssociateMachine</createPrivilege>
          <readPrivilege>AutoDeploy.Host.AssociateMachine</readPrivilege>
          <updatePrivilege>AutoDeploy.Host.AssociateMachine</updatePrivilege>
          <deletePrivilege>AutoDeploy.Host.AssociateMachine</deletePrivilege>
        </fieldDefPrivileges>
        <fieldInstancePrivileges>
          <createPrivilege>AutoDeploy.Host.AssociateMachine</createPrivilege>
          <readPrivilege>AutoDeploy.Host.AssociateMachine</readPrivilege>
          <updatePrivilege>AutoDeploy.Host.AssociateMachine</updatePrivilege>
          <deletePrivilege>AutoDeploy.Host.AssociateMachine</deletePrivilege>
        </fieldInstancePrivileges>
      </CustomFieldDef>
      <CustomFieldDef>
        <key>2</key>
        <name>com.vmware.vcIntegrity.customField.scheduledTask.action</name>
        <type>string</type>
        <managedObjectType>ScheduledTask</managedObjectType>
        <fieldDefPrivileges>
          <createPrivilege>VcIntegrity.General.com.vmware.vcIntegrity.Configure</createPrivilege>
          <readPrivilege>VcIntegrity.General.com.vmware.vcIntegrity.Configure</readPrivilege>
          <updatePrivilege>System.View</updatePrivilege>
          <deletePrivilege>VcIntegrity.General.com.vmware.vcIntegrity.Configure</deletePrivilege>
        </fieldDefPrivileges>
        <fieldInstancePrivileges>
          <createPrivilege>ScheduledTask.Create</createPrivilege>
          <readPrivilege>ScheduledTask.Delete</readPrivilege>
          <updatePrivilege>System.View</updatePrivilege>
          <deletePrivilege>ScheduledTask.Edit</deletePrivilege>
        </fieldInstancePrivileges>
      </CustomFieldDef>
      <CustomFieldDef>
        <key>3</key>
        <name>com.vmware.vcIntegrity.customField.scheduledTask.signature</name>
        <type>string</type>
        <managedObjectType>ScheduledTask</managedObjectType>
        <fieldDefPrivileges>
          <createPrivilege>VcIntegrity.General.com.vmware.vcIntegrity.Configure</createPrivilege>
          <readPrivilege>VcIntegrity.General.com.vmware.vcIntegrity.Configure</readPrivilege>
          <updatePrivilege>System.View</updatePrivilege>
          <deletePrivilege>VcIntegrity.General.com.vmware.vcIntegrity.Configure</deletePrivilege>
        </fieldDefPrivileges>
        <fieldInstancePrivileges>
          <createPrivilege>ScheduledTask.Create</createPrivilege>
          <readPrivilege>ScheduledTask.Delete</readPrivilege>
          <updatePrivilege>System.View</updatePrivilege>
          <deletePrivilege>ScheduledTask.Edit</deletePrivilege>
        </fieldInstancePrivileges>
      </CustomFieldDef>
      <CustomFieldDef>
        <key>4</key>
        <name>com.vmware.vcIntegrity.customField.scheduledTask.target</name>
        <type>string</type>
        <managedObjectType>ScheduledTask</managedObjectType>
        <fieldDefPrivileges>
          <createPrivilege>VcIntegrity.General.com.vmware.vcIntegrity.Configure</createPrivilege>
          <readPrivilege>VcIntegrity.General.com.vmware.vcIntegrity.Configure</readPrivilege>
          <updatePrivilege>System.View</updatePrivilege>
          <deletePrivilege>VcIntegrity.General.com.vmware.vcIntegrity.Configure</deletePrivilege>
        </fieldDefPrivileges>
        <fieldInstancePrivileges>
          <createPrivilege>ScheduledTask.Create</createPrivilege>
          <readPrivilege>ScheduledTask.Delete</readPrivilege>
          <updatePrivilege>System.View</updatePrivilege>
          <deletePrivilege>ScheduledTask.Edit</deletePrivilege>
        </fieldInstancePrivileges>
      </CustomFieldDef>
      <CustomFieldDef>
        <key>1</key>
        <name>com.vmware.vcenter.cluster.edrs.upgradeHostAdded</name>
        <type>string</type>
        <managedObjectType>ClusterComputeResource</managedObjectType>
        <fieldDefPrivileges>
          <createPrivilege>Host.Inventory.EditCluster</createPrivilege>
          <readPrivilege>Host.Inventory.EditCluster</readPrivilege>
          <updatePrivilege>Host.Inventory.EditCluster</updatePrivilege>
          <deletePrivilege>Host.Inventory.EditCluster</deletePrivilege>
        </fieldDefPrivileges>
        <fieldInstancePrivileges>
          <createPrivilege>Host.Inventory.EditCluster</createPrivilege>
          <readPrivilege>Host.Inventory.EditCluster</readPrivilege>
          <updatePrivilege>Host.Inventory.EditCluster</updatePrivilege>
          <deletePrivilege>Host.Inventory.EditCluster</deletePrivilege>
        </fieldInstancePrivileges>
      </CustomFieldDef>
    </val>
  </propSet>
</ObjectContent>