<ObjectContent>
  <obj type="SessionManager">SessionManager</obj>
  <propSet>
    <name>currentSession</name>
    <val xmlns:XMLSchema-instance="http://www.w3.org/2001/XMLSchema-instance" XMLSchema-instance:type="UserSession">
      <key>5278bb5a-569c-4d9c-ad64-d314090f3418</key>
      <userName>HIRT.US\Administrator</userName>
      <fullName>Administrator hirt.us</fullName>
      <loginTime>2023-05-09T12:35:37.530724Z</loginTime>
      <lastActiveTime>2023-05-09T12:36:16.332356Z</lastActiveTime>
      <locale>en_US</locale>
      <messageLocale>en</messageLocale>
      <extensionSession>false</extensionSession>
      <ipAddress>192.168.10.225</ipAddress>
      <userAgent>govc/0.30.4</userAgent>
      <callCount>1</callCount>
    </val>
  </propSet>
  <propSet>
    <name>defaultLocale</name>
    <val xmlns:XMLSchema-instance="http://www.w3.org/2001/XMLSchema-instance" XMLSchema-instance:type="xsd:string">en</val>
  </propSet>
  <propSet>
    <name>message</name>
    <val xmlns:XMLSchema-instance="http://www.w3.org/2001/XMLSchema-instance" XMLSchema-instance:type="xsd:string"></val>
  </propSet>
  <propSet>
    <name>messageLocaleList</name>
    <val xmlns:XMLSchema-instance="http://www.w3.org/2001/XMLSchema-instance" XMLSchema-instance:type="ArrayOfString">
      <string>hostprofiles</string>
      <string>hostdiag</string>
      <string>zh_TW</string>
      <string>en</string>
      <string>zh-TW</string>
      <string>zh_CN</string>
      <string>fr</string>
      <string>de</string>
      <string>ko</string>
      <string>ja</string>
      <string>es</string>
      <string>zh-CN</string>
      <string>VirtualCenter</string>
    </val>
  </propSet>
  <propSet>
    <name>sessionList</name>
    <val xmlns:XMLSchema-instance="http://www.w3.org/2001/XMLSchema-instance" XMLSchema-instance:type="ArrayOfUserSession">
      <UserSession>
        <key>5204b904-84c6-1b6b-6d35-09578b12af02</key>
        <userName>HIRT.US\Administrator</userName>
        <fullName>Administrator hirt.us</fullName>
        <loginTime>2023-05-09T12:34:53.223972Z</loginTime>
        <lastActiveTime>2023-05-09T12:34:55.615549Z</lastActiveTime>
        <locale>en</locale>
        <messageLocale>en</messageLocale>
        <extensionSession>false</extensionSession>
        <ipAddress>161.156.90.173</ipAddress>
        <userAgent>Java/11.0.17</userAgent>
        <callCount>1</callCount>
      </UserSession>
      <UserSession>
        <key>52054421-bb65-436f-5f43-df38ae49adff</key>
        <userName>HIRT.US\vpxd-extension-e7c7def1-c74c-454c-8d53-a13b43fec7d6</userName>
        <fullName> </fullName>
        <loginTime>2023-04-19T14:13:04.312662Z</loginTime>
        <lastActiveTime>2023-04-19T14:13:05.664967Z</lastActiveTime>
        <locale>en_US</locale>
        <messageLocale>en</messageLocale>
        <extensionSession>false</extensionSession>
        <ipAddress>192.168.10.99</ipAddress>
        <userAgent>Go-http-client/1.1</userAgent>
        <callCount>2</callCount>
      </UserSession>
      <UserSession>
        <key>5207f7d3-9e95-a85f-67e7-045c618a8e5e</key>
        <userName>HIRT.US\Administrator</userName>
        <fullName>Administrator hirt.us</fullName>
        <loginTime>2023-05-09T12:34:48.460493Z</loginTime>
        <lastActiveTime>2023-05-09T12:34:55.86851Z</lastActiveTime>
        <locale>en</locale>
        <messageLocale>en</messageLocale>
        <extensionSession>false</extensionSession>
        <ipAddress>161.156.90.173</ipAddress>
        <userAgent>Java/11.0.17</userAgent>
        <callCount>2</callCount>
      </UserSession>
      <UserSession>
        <key>521c36bd-fa35-4ef4-4ad8-723156e55832</key>
        <userName>HIRT.US\vpxd-extension-e7c7def1-c74c-454c-8d53-a13b43fec7d6</userName>
        <fullName> </fullName>
        <loginTime>2023-05-09T12:19:48.880925Z</loginTime>
        <lastActiveTime>2023-05-09T12:19:48.880925Z</lastActiveTime>
        <locale>en</locale>
        <messageLocale>en</messageLocale>
        <extensionSession>false</extensionSession>
        <ipAddress>192.168.10.99</ipAddress>
        <userAgent>cl/1.0.0</userAgent>
      </UserSession>
      <UserSession>
        <key>52220ece-40fd-3a4a-8a4a-7b8e63b71d59</key>
        <userName>HIRT.US\vpxd-extension-e7c7def1-c74c-454c-8d53-a13b43fec7d6</userName>
        <fullName> </fullName>
        <loginTime>2023-04-19T14:13:40.859916Z</loginTime>
        <lastActiveTime>2023-05-06T18:16:12.674358Z</lastActiveTime>
        <locale>en</locale>
        <messageLocale>en</messageLocale>
        <extensionSession>false</extensionSession>
        <ipAddress>127.0.0.1</ipAddress>
        <userAgent>VMware vim-java 1.0</userAgent>
        <callCount>9710</callCount>
      </UserSession>
      <UserSession>
        <key>522422a5-85f8-09c5-247e-ebd71338207c</key>
        <userName>HIRT.US\Administrator</userName>
        <fullName>Administrator hirt.us</fullName>
        <loginTime>2023-05-09T12:32:51.920364Z</loginTime>
        <lastActiveTime>2023-05-09T12:32:51.920364Z</lastActiveTime>
        <locale>en</locale>
        <messageLocale>en</messageLocale>
        <extensionSession>false</extensionSession>
        <ipAddress>161.156.90.173</ipAddress>
        <userAgent>Java/11.0.17</userAgent>
      </UserSession>
      <UserSession>
        <key>522471d3-d72d-e8ea-3c73-0b3ee6762ba9</key>
        <userName>HIRT.US\vpxd-extension-e7c7def1-c74c-454c-8d53-a13b43fec7d6</userName>
        <fullName> </fullName>
        <loginTime>2023-04-19T14:12:55.464021Z</loginTime>
        <lastActiveTime>2023-05-06T18:16:12.595412Z</lastActiveTime>
        <locale>en</locale>
        <messageLocale>en</messageLocale>
        <extensionSession>false</extensionSession>
        <ipAddress>127.0.0.1</ipAddress>
        <userAgent>VMware vim-java 1.0</userAgent>
        <callCount>9709</callCount>
      </UserSession>
      <UserSession>
        <key>523139dd-17e4-d176-13bc-e36acea72da2</key>
        <userName>HIRT.US\vpxd-extension-e7c7def1-c74c-454c-8d53-a13b43fec7d6</userName>
        <fullName> </fullName>
        <loginTime>2023-04-19T14:12:33.929082Z</loginTime>
        <lastActiveTime>2023-05-06T18:16:12.572246Z</lastActiveTime>
        <locale>en</locale>
        <messageLocale>en</messageLocale>
        <extensionSession>false</extensionSession>
        <ipAddress>127.0.0.1</ipAddress>
        <userAgent>VMware vim-java 1.0</userAgent>
        <callCount>9712</callCount>
      </UserSession>
      <UserSession>
        <key>5245a99e-8cbf-06f3-ad0f-b92221ec8c28</key>
        <userName>HIRT.US\Administrator</userName>
        <fullName>Administrator hirt.us</fullName>
        <loginTime>2023-05-09T12:34:54.700936Z</loginTime>
        <lastActiveTime>2023-05-09T12:34:55.537834Z</lastActiveTime>
        <locale>en</locale>
        <messageLocale>en</messageLocale>
        <extensionSession>false</extensionSession>
        <ipAddress>161.156.90.173</ipAddress>
        <userAgent>Java/11.0.17</userAgent>
        <callCount>1</callCount>
      </UserSession>
      <UserSession>
        <key>5250d762-0851-d25a-406c-90bf4bed7239</key>
        <userName>HIRT.US\vpxd-extension-e7c7def1-c74c-454c-8d53-a13b43fec7d6</userName>
        <fullName> </fullName>
        <loginTime>2023-04-19T14:12:31.576446Z</loginTime>
        <lastActiveTime>2023-05-06T18:16:12.564627Z</lastActiveTime>
        <locale>en</locale>
        <messageLocale>en</messageLocale>
        <extensionSession>false</extensionSession>
        <ipAddress>127.0.0.1</ipAddress>
        <userAgent>VMware vim-java 1.0</userAgent>
        <callCount>9710</callCount>
      </UserSession>
      <UserSession>
        <key>525451df-7b2d-2a25-390a-dbffe7ad0e5c</key>
        <userName>HIRT.US\Administrator</userName>
        <fullName>Administrator hirt.us</fullName>
        <loginTime>2023-05-09T12:34:45.830254Z</loginTime>
        <lastActiveTime>2023-05-09T12:34:55.868612Z</lastActiveTime>
        <locale>en</locale>
        <messageLocale>en</messageLocale>
        <extensionSession>false</extensionSession>
        <ipAddress>161.156.90.173</ipAddress>
        <userAgent>Java/11.0.17</userAgent>
        <callCount>7</callCount>
      </UserSession>
      <UserSession>
        <key>5278bb5a-569c-4d9c-ad64-d314090f3418</key>
        <userName>HIRT.US\Administrator</userName>
        <fullName>Administrator hirt.us</fullName>
        <loginTime>2023-05-09T12:35:37.530724Z</loginTime>
        <lastActiveTime>2023-05-09T12:35:37.530724Z</lastActiveTime>
        <locale>en_US</locale>
        <messageLocale>en</messageLocale>
        <extensionSession>false</extensionSession>
        <ipAddress>192.168.10.225</ipAddress>
        <userAgent>govc/0.30.4</userAgent>
      </UserSession>
      <UserSession>
        <key>527be05d-2708-0ac5-e4c3-2c601cbfe7a0</key>
        <userName>HIRT.US\vpxd-extension-e7c7def1-c74c-454c-8d53-a13b43fec7d6</userName>
        <fullName> </fullName>
        <loginTime>2023-04-19T14:14:46.263718Z</loginTime>
        <lastActiveTime>2023-05-09T12:35:37.421445Z</lastActiveTime>
        <locale>en_US</locale>
        <messageLocale>en</messageLocale>
        <extensionSession>false</extensionSession>
        <ipAddress>192.168.10.99</ipAddress>
        <userAgent>VMware vim-java 1.0</userAgent>
        <callCount>418788</callCount>
      </UserSession>
      <UserSession>
        <key>528256cc-5b95-38c8-4aa0-d7e12184b21d</key>
        <userName>HIRT.US\Administrator</userName>
        <fullName>Administrator hirt.us</fullName>
        <loginTime>2023-05-09T12:34:50.025811Z</loginTime>
        <lastActiveTime>2023-05-09T12:34:57.595093Z</lastActiveTime>
        <locale>en</locale>
        <messageLocale>en</messageLocale>
        <extensionSession>false</extensionSession>
        <ipAddress>161.156.90.173</ipAddress>
        <userAgent>Java/11.0.17</userAgent>
        <callCount>17</callCount>
      </UserSession>
      <UserSession>
        <key>52886445-37dd-ea0d-cf1b-013509ea54fa</key>
        <userName>HIRT.US\vpxd-extension-e7c7def1-c74c-454c-8d53-a13b43fec7d6</userName>
        <fullName> </fullName>
        <loginTime>2023-04-21T16:03:59.483752Z</loginTime>
        <lastActiveTime>2023-05-09T12:25:01.698758Z</lastActiveTime>
        <locale>en_US</locale>
        <messageLocale>en</messageLocale>
        <extensionSession>false</extensionSession>
        <ipAddress>192.168.10.99</ipAddress>
        <userAgent>Go-http-client/1.1</userAgent>
        <callCount>1983</callCount>
      </UserSession>
      <UserSession>
        <key>52913072-78c7-0155-366d-5fc0f8b687bf</key>
        <userName>HIRT.US\Administrator</userName>
        <fullName>Administrator hirt.us</fullName>
        <loginTime>2023-05-09T12:34:51.60794Z</loginTime>
        <lastActiveTime>2023-05-09T12:34:55.511737Z</lastActiveTime>
        <locale>en</locale>
        <messageLocale>en</messageLocale>
        <extensionSession>false</extensionSession>
        <ipAddress>161.156.90.173</ipAddress>
        <userAgent>Java/11.0.17</userAgent>
        <callCount>1</callCount>
      </UserSession>
      <UserSession>
        <key>52bf846b-174a-dcfa-8bfb-847d9298c69a</key>
        <userName>HIRT.US\vpxd-extension-e7c7def1-c74c-454c-8d53-a13b43fec7d6</userName>
        <fullName> </fullName>
        <loginTime>2023-04-19T14:13:18.595406Z</loginTime>
        <lastActiveTime>2023-05-06T18:16:12.742622Z</lastActiveTime>
        <locale>en</locale>
        <messageLocale>en</messageLocale>
        <extensionSession>false</extensionSession>
        <ipAddress>127.0.0.1</ipAddress>
        <userAgent>VMware vim-java 1.0</userAgent>
        <callCount>9706</callCount>
      </UserSession>
      <UserSession>
        <key>52c4b5fe-835a-faf9-89e3-87ad6361655e</key>
        <userName>HIRT.US\vsphere-webclient-e7c7def1-c74c-454c-8d53-a13b43fec7d6</userName>
        <fullName> </fullName>
        <loginTime>2023-04-19T14:17:23.277754Z</loginTime>
        <lastActiveTime>2023-04-19T14:17:23.277754Z</lastActiveTime>
        <locale>en</locale>
        <messageLocale>en</messageLocale>
        <extensionSession>false</extensionSession>
        <ipAddress>192.168.10.99</ipAddress>
        <userAgent>VMware vim-java 1.0</userAgent>
      </UserSession>
      <UserSession>
        <key>52ce1d6e-6b92-cfea-6340-e74c4dc485f1</key>
        <userName>HIRT.US\vpxd-extension-e7c7def1-c74c-454c-8d53-a13b43fec7d6</userName>
        <fullName> </fullName>
        <loginTime>2023-04-19T14:12:34.246105Z</loginTime>
        <lastActiveTime>2023-05-06T18:16:11.6795Z</lastActiveTime>
        <locale>en</locale>
        <messageLocale>en</messageLocale>
        <extensionSession>false</extensionSession>
        <ipAddress>127.0.0.1</ipAddress>
        <userAgent>VMware vim-java 1.0</userAgent>
        <callCount>9707</callCount>
      </UserSession>
      <UserSession>
        <key>52de748e-8dde-ec03-fe36-571ac8e5168b</key>
        <userName>HIRT.US\vpxd-extension-e7c7def1-c74c-454c-8d53-a13b43fec7d6</userName>
        <fullName> </fullName>
        <loginTime>2023-04-19T14:12:34.504737Z</loginTime>
        <lastActiveTime>2023-05-06T18:16:11.630839Z</lastActiveTime>
        <locale>en</locale>
        <messageLocale>en</messageLocale>
        <extensionSession>false</extensionSession>
        <ipAddress>127.0.0.1</ipAddress>
        <userAgent>VMware vim-java 1.0</userAgent>
        <callCount>9708</callCount>
      </UserSession>
      <UserSession>
        <key>52dfc3fc-a4d9-77d3-c1c1-a2290bfe4a91</key>
        <userName>HIRT.US\vpxd-extension-e7c7def1-c74c-454c-8d53-a13b43fec7d6</userName>
        <fullName> </fullName>
        <loginTime>2023-04-19T14:13:54.875298Z</loginTime>
        <lastActiveTime>2023-05-09T12:35:34.805718Z</lastActiveTime>
        <locale>en_US</locale>
        <messageLocale>en</messageLocale>
        <extensionSession>false</extensionSession>
        <ipAddress>192.168.10.99</ipAddress>
        <userAgent>Go-http-client/1.1</userAgent>
        <callCount>172704</callCount>
      </UserSession>
      <UserSession>
        <key>52ff61e1-7fc9-d3ae-79ed-701f3d183ce7</key>
        <userName>HIRT.US\vpxd-extension-e7c7def1-c74c-454c-8d53-a13b43fec7d6</userName>
        <fullName> </fullName>
        <loginTime>2023-04-19T14:12:56.878263Z</loginTime>
        <lastActiveTime>2023-05-06T18:16:11.747429Z</lastActiveTime>
        <locale>en</locale>
        <messageLocale>en</messageLocale>
        <extensionSession>false</extensionSession>
        <ipAddress>127.0.0.1</ipAddress>
        <userAgent>VMware vim-java 1.0</userAgent>
        <callCount>9708</callCount>
      </UserSession>
    </val>
  </propSet>
  <propSet>
    <name>supportedLocaleList</name>
    <val xmlns:XMLSchema-instance="http://www.w3.org/2001/XMLSchema-instance" XMLSchema-instance:type="ArrayOfString">
      <string>tr_TR</string>
      <string>th_TH</string>
      <string>sw</string>
      <string>sv</string>
      <string>mr</string>
      <string>sr</string>
      <string>sq</string>
      <string>sl</string>
      <string>sv_FI</string>
      <string>pt_PT</string>
      <string>sq_AL</string>
      <string>pt_BR</string>
      <string>syr</string>
      <string>sa</string>
      <string>hy</string>
      <string>es_CO</string>
      <string>hi_IN</string>
      <string>ur</string>
      <string>ky</string>
      <string>en_TT</string>
      <string>zh-HK</string>
      <string>kz</string>
      <string>et_EE</string>
      <string>gd</string>
      <string>sk</string>
      <string>he_IL</string>
      <string>vi_VN</string>
      <string>in</string>
      <string>kn</string>
      <string>ka_GE</string>
      <string>ka</string>
      <string>en_GB</string>
      <string>th</string>
      <string>es_ES</string>
      <string>ar_YE</string>
      <string>it</string>
      <string>hr</string>
      <string>ar_AE</string>
      <string>en_ZW</string>
      <string>ar_LY</string>
      <string>mn</string>
      <string>uk</string>
      <string>no_NO</string>
      <string>zh-SG</string>
      <string>id</string>
      <string>gl</string>
      <string>en</string>
      <string>ar_QA</string>
      <string>he</string>
      <string>bn</string>
      <string>gu</string>
      <string>ar_EG</string>
      <string>en_CA</string>
      <string>ml</string>
      <string>de</string>
      <string>de_AT</string>
      <string>de_CH</string>
      <string>es_BO</string>
      <string>bg_BG</string>
      <string>es_UY</string>
      <string>ts</string>
      <string>en_IE</string>
      <string>is_IS</string>
      <string>bg</string>
      <string>eu_ES</string>
      <string>or</string>
      <string>ar_SA</string>
      <string>ms</string>
      <string>en_BZ</string>
      <string>kk_KZ</string>
      <string>sb</string>
      <string>en_US</string>
      <string>as</string>
      <string>zh-CN</string>
      <string>en_AU</string>
      <string>en_ZA</string>
      <string>ji</string>
      <string>zh</string>
      <string>kk</string>
      <string>de_LU</string>
      <string>te</string>
      <string>ar_SY</string>
      <string>da</string>
      <string>az_AZ</string>
      <string>sx</string>
      <string>ar_LB</string>
      <string>zh_CN</string>
      <string>ur_PK</string>
      <string>de_DE</string>
      <string>ru_RU</string>
      <string>vi</string>
      <string>az</string>
      <string>zh_SG</string>
      <string>en_NZ</string>
      <string>es_CR</string>
      <string>da_DK</string>
      <string>cs</string>
      <string>ar_IQ</string>
      <string>hi</string>
      <string>ar_TN</string>
      <string>zh-MO</string>
      <string>es_CL</string>
      <string>zh_TW</string>
      <string>ko</string>
      <string>es_AR</string>
      <string>zh_HK</string>
      <string>ca_ES</string>
      <string>be_BY</string>
      <string>ar_MA</string>
      <string>pa</string>
      <string>ta</string>
      <string>hy_am</string>
      <string>mt</string>
      <string>ne</string>
      <string>zu</string>
      <string>ar_OM</string>
      <string>tn</string>
      <string>xh</string>
      <string>fi</string>
      <string>es_DO</string>
      <string>lb</string>
      <string>af</string>
      <string>ro_RO</string>
      <string>ar</string>
      <string>ar_DZ</string>
      <string>el</string>
      <string>ar_JO</string>
      <string>zh_MO</string>
      <string>cs_CZ</string>
      <string>sk_SK</string>
      <string>es</string>
      <string>lv_LV</string>
      <string>be</string>
      <string>is</string>
      <string>ar_BH</string>
      <string>af_ZA</string>
      <string>es_GT</string>
      <string>es_EC</string>
      <string>en_JM</string>
      <string>ru</string>
      <string>es_HN</string>
      <string>es_PE</string>
      <string>uz_UZ</string>
      <string>es_MX</string>
      <string>sl_SI</string>
      <string>es_NI</string>
      <string>es_PA</string>
      <string>en_PH</string>
      <string>lv</string>
      <string>mk_MK</string>
      <string>iw_IL</string>
      <string>es_PR</string>
      <string>es_PY</string>
      <string>hu_HU</string>
      <string>nl_NL</string>
      <string>es_SV</string>
      <string>ca</string>
      <string>es_VE</string>
      <string>eu</string>
      <string>tr</string>
      <string>fa</string>
      <string>nb_NO</string>
      <string>tt</string>
      <string>fi_FI</string>
      <string>fo</string>
      <string>en_CB</string>
      <string>div</string>
      <string>fo_FO</string>
      <string>fr</string>
      <string>tt_TA</string>
      <string>fa_IR</string>
      <string>fr_BE</string>
      <string>fr_CA</string>
      <string>fr_CH</string>
      <string>el_GR</string>
      <string>fr_LU</string>
      <string>fr_MC</string>
      <string>ar_KW</string>
      <string>hr_HR</string>
      <string>pl</string>
      <string>fr_FR</string>
      <string>hu</string>
      <string>ko_KR</string>
      <string>id_ID</string>
      <string>iw</string>
      <string>lt_LT</string>
      <string>ja</string>
      <string>ja_JP</string>
      <string>ro</string>
      <string>lb_LU</string>
      <string>lt</string>
      <string>et</string>
      <string>mk</string>
      <string>ms_BN</string>
      <string>sv_SE</string>
      <string>uk_UA</string>
      <string>it_CH</string>
      <string>ms_MY</string>
      <string>nl</string>
      <string>uz</string>
      <string>nl_BE</string>
      <string>no</string>
      <string>sr_SP</string>
      <string>nb</string>
      <string>de_LI</string>
      <string>it_IT</string>
      <string>nn_NO</string>
      <string>pl_PL</string>
      <string>pt</string>
      <string>sw_KE</string>
      <string>zh-TW</string>
    </val>
  </propSet>
</ObjectContent>