<ObjectContent>
  <obj type="HostSnmpSystem">SnmpSystem</obj>
  <propSet>
    <name>limits</name>
    <val xmlns:XMLSchema-instance="http://www.w3.org/2001/XMLSchema-instance" XMLSchema-instance:type="HostSnmpSystemAgentLimits">
      <maxReadOnlyCommunities>32691</maxReadOnlyCommunities>
      <maxTrapDestinations>0</maxTrapDestinations>
      <maxCommunityLength>0</maxCommunityLength>
      <maxBufferSize>-1608627648</maxBufferSize>
      <capability>DIAGNOSTICS</capability>
    </val>
  </propSet>
</ObjectContent>