<ObjectContent>
  <obj type="GuestOperationsManager">guestOperationsManager</obj>
  <propSet>
    <name>aliasManager</name>
    <val xmlns:XMLSchema-instance="http://www.w3.org/2001/XMLSchema-instance" XMLSchema-instance:type="ManagedObjectReference" type="GuestAliasManager">guestOperationsAliasManager</val>
  </propSet>
  <propSet>
    <name>authManager</name>
    <val xmlns:XMLSchema-instance="http://www.w3.org/2001/XMLSchema-instance" XMLSchema-instance:type="ManagedObjectReference" type="GuestAuthManager">guestOperationsAuthManager</val>
  </propSet>
  <propSet>
    <name>fileManager</name>
    <val xmlns:XMLSchema-instance="http://www.w3.org/2001/XMLSchema-instance" XMLSchema-instance:type="ManagedObjectReference" type="GuestFileManager">guestOperationsFileManager</val>
  </propSet>
  <propSet>
    <name>guestWindowsRegistryManager</name>
    <val xmlns:XMLSchema-instance="http://www.w3.org/2001/XMLSchema-instance" XMLSchema-instance:type="ManagedObjectReference" type="GuestWindowsRegistryManager">guestOperationsWindowsRegistryManager</val>
  </propSet>
  <propSet>
    <name>processManager</name>
    <val xmlns:XMLSchema-instance="http://www.w3.org/2001/XMLSchema-instance" XMLSchema-instance:type="ManagedObjectReference" type="GuestProcessManager">guestOperationsProcessManager</val>
  </propSet>
</ObjectContent>