<ObjectContent>
  <obj type="Datacenter">datacenter-3</obj>
  <propSet>
    <name>alarmActionsEnabled</name>
    <val xmlns:XMLSchema-instance="http://www.w3.org/2001/XMLSchema-instance" XMLSchema-instance:type="xsd:boolean">true</val>
  </propSet>
  <propSet>
    <name>availableField</name>
    <val xmlns:XMLSchema-instance="http://www.w3.org/2001/XMLSchema-instance" XMLSchema-instance:type="ArrayOfCustomFieldDef"></val>
  </propSet>
  <propSet>
    <name>configIssue</name>
    <val xmlns:XMLSchema-instance="http://www.w3.org/2001/XMLSchema-instance" XMLSchema-instance:type="ArrayOfEvent"></val>
  </propSet>
  <propSet>
    <name>configStatus</name>
    <val xmlns:XMLSchema-instance="http://www.w3.org/2001/XMLSchema-instance" XMLSchema-instance:type="ManagedEntityStatus">gray</val>
  </propSet>
  <propSet>
    <name>configuration</name>
    <val xmlns:XMLSchema-instance="http://www.w3.org/2001/XMLSchema-instance" XMLSchema-instance:type="DatacenterConfigInfo"></val>
  </propSet>
  <propSet>
    <name>customValue</name>
    <val xmlns:XMLSchema-instance="http://www.w3.org/2001/XMLSchema-instance" XMLSchema-instance:type="ArrayOfCustomFieldValue"></val>
  </propSet>
  <propSet>
    <name>datastore</name>
    <val xmlns:XMLSchema-instance="http://www.w3.org/2001/XMLSchema-instance" XMLSchema-instance:type="ArrayOfManagedObjectReference">
      <ManagedObjectReference type="Datastore">datastore-11</ManagedObjectReference>
      <ManagedObjectReference type="Datastore">datastore-1001</ManagedObjectReference>
      <ManagedObjectReference type="Datastore">datastore-1002</ManagedObjectReference>
    </val>
  </propSet>
  <propSet>
    <name>datastoreFolder</name>
    <val xmlns:XMLSchema-instance="http://www.w3.org/2001/XMLSchema-instance" XMLSchema-instance:type="ManagedObjectReference" type="Folder">group-s6</val>
  </propSet>
  <propSet>
    <name>declaredAlarmState</name>
    <val xmlns:XMLSchema-instance="http://www.w3.org/2001/XMLSchema-instance" XMLSchema-instance:type="ArrayOfAlarmState">
      <AlarmState>
        <key>alarm-1.datacenter-3</key>
        <entity type="Datacenter">datacenter-3</entity>
        <alarm type="Alarm">alarm-1</alarm>
        <overallStatus>gray</overallStatus>
        <time>2023-04-19T14:12:10.105339Z</time>
        <acknowledged>false</acknowledged>
      </AlarmState>
      <AlarmState>
        <key>alarm-10.datacenter-3</key>
        <entity type="Datacenter">datacenter-3</entity>
        <alarm type="Alarm">alarm-10</alarm>
        <overallStatus>gray</overallStatus>
        <time>2023-04-19T14:12:10.105339Z</time>
        <acknowledged>false</acknowledged>
      </AlarmState>
      <AlarmState>
        <key>alarm-108.datacenter-3</key>
        <entity type="Datacenter">datacenter-3</entity>
        <alarm type="Alarm">alarm-108</alarm>
        <overallStatus>gray</overallStatus>
        <time>2023-04-19T14:12:10.105339Z</time>
        <acknowledged>false</acknowledged>
      </AlarmState>
      <AlarmState>
        <key>alarm-109.datacenter-3</key>
        <entity type="Datacenter">datacenter-3</entity>
        <alarm type="Alarm">alarm-109</alarm>
        <overallStatus>gray</overallStatus>
        <time>2023-04-19T14:12:10.105339Z</time>
        <acknowledged>false</acknowledged>
      </AlarmState>
      <AlarmState>
        <key>alarm-11.datacenter-3</key>
        <entity type="Datacenter">datacenter-3</entity>
        <alarm type="Alarm">alarm-11</alarm>
        <overallStatus>gray</overallStatus>
        <time>2023-04-19T14:12:10.105339Z</time>
        <acknowledged>false</acknowledged>
      </AlarmState>
      <AlarmState>
        <key>alarm-112.datacenter-3</key>
        <entity type="Datacenter">datacenter-3</entity>
        <alarm type="Alarm">alarm-112</alarm>
        <overallStatus>gray</overallStatus>
        <time>2023-04-19T14:12:10.105339Z</time>
        <acknowledged>false</acknowledged>
      </AlarmState>
      <AlarmState>
        <key>alarm-113.datacenter-3</key>
        <entity type="Datacenter">datacenter-3</entity>
        <alarm type="Alarm">alarm-113</alarm>
        <overallStatus>gray</overallStatus>
        <time>2023-04-19T14:12:10.105339Z</time>
        <acknowledged>false</acknowledged>
      </AlarmState>
      <AlarmState>
        <key>alarm-114.datacenter-3</key>
        <entity type="Datacenter">datacenter-3</entity>
        <alarm type="Alarm">alarm-114</alarm>
        <overallStatus>gray</overallStatus>
        <time>2023-04-19T14:12:10.105339Z</time>
        <acknowledged>false</acknowledged>
      </AlarmState>
      <AlarmState>
        <key>alarm-115.datacenter-3</key>
        <entity type="Datacenter">datacenter-3</entity>
        <alarm type="Alarm">alarm-115</alarm>
        <overallStatus>gray</overallStatus>
        <time>2023-04-19T14:12:10.105339Z</time>
        <acknowledged>false</acknowledged>
      </AlarmState>
      <AlarmState>
        <key>alarm-116.datacenter-3</key>
        <entity type="Datacenter">datacenter-3</entity>
        <alarm type="Alarm">alarm-116</alarm>
        <overallStatus>gray</overallStatus>
        <time>2023-04-19T14:12:10.105339Z</time>
        <acknowledged>false</acknowledged>
      </AlarmState>
      <AlarmState>
        <key>alarm-117.datacenter-3</key>
        <entity type="Datacenter">datacenter-3</entity>
        <alarm type="Alarm">alarm-117</alarm>
        <overallStatus>gray</overallStatus>
        <time>2023-04-19T14:12:10.105339Z</time>
        <acknowledged>false</acknowledged>
      </AlarmState>
      <AlarmState>
        <key>alarm-118.datacenter-3</key>
        <entity type="Datacenter">datacenter-3</entity>
        <alarm type="Alarm">alarm-118</alarm>
        <overallStatus>gray</overallStatus>
        <time>2023-04-19T14:12:10.105339Z</time>
        <acknowledged>false</acknowledged>
      </AlarmState>
      <AlarmState>
        <key>alarm-119.datacenter-3</key>
        <entity type="Datacenter">datacenter-3</entity>
        <alarm type="Alarm">alarm-119</alarm>
        <overallStatus>gray</overallStatus>
        <time>2023-04-19T14:12:10.105339Z</time>
        <acknowledged>false</acknowledged>
      </AlarmState>
      <AlarmState>
        <key>alarm-12.datacenter-3</key>
        <entity type="Datacenter">datacenter-3</entity>
        <alarm type="Alarm">alarm-12</alarm>
        <overallStatus>gray</overallStatus>
        <time>2023-04-19T14:12:10.105339Z</time>
        <acknowledged>false</acknowledged>
      </AlarmState>
      <AlarmState>
        <key>alarm-120.datacenter-3</key>
        <entity type="Datacenter">datacenter-3</entity>
        <alarm type="Alarm">alarm-120</alarm>
        <overallStatus>gray</overallStatus>
        <time>2023-04-19T14:12:10.105339Z</time>
        <acknowledged>false</acknowledged>
      </AlarmState>
      <AlarmState>
        <key>alarm-121.datacenter-3</key>
        <entity type="Datacenter">datacenter-3</entity>
        <alarm type="Alarm">alarm-121</alarm>
        <overallStatus>gray</overallStatus>
        <time>2023-04-19T14:12:10.105339Z</time>
        <acknowledged>false</acknowledged>
      </AlarmState>
      <AlarmState>
        <key>alarm-122.datacenter-3</key>
        <entity type="Datacenter">datacenter-3</entity>
        <alarm type="Alarm">alarm-122</alarm>
        <overallStatus>gray</overallStatus>
        <time>2023-04-19T14:12:10.105339Z</time>
        <acknowledged>false</acknowledged>
      </AlarmState>
      <AlarmState>
        <key>alarm-123.datacenter-3</key>
        <entity type="Datacenter">datacenter-3</entity>
        <alarm type="Alarm">alarm-123</alarm>
        <overallStatus>gray</overallStatus>
        <time>2023-04-19T14:12:10.105339Z</time>
        <acknowledged>false</acknowledged>
      </AlarmState>
      <AlarmState>
        <key>alarm-124.datacenter-3</key>
        <entity type="Datacenter">datacenter-3</entity>
        <alarm type="Alarm">alarm-124</alarm>
        <overallStatus>gray</overallStatus>
        <time>2023-04-19T14:12:10.105339Z</time>
        <acknowledged>false</acknowledged>
      </AlarmState>
      <AlarmState>
        <key>alarm-128.datacenter-3</key>
        <entity type="Datacenter">datacenter-3</entity>
        <alarm type="Alarm">alarm-128</alarm>
        <overallStatus>gray</overallStatus>
        <time>2023-04-19T14:12:10.105339Z</time>
        <acknowledged>false</acknowledged>
      </AlarmState>
      <AlarmState>
        <key>alarm-129.datacenter-3</key>
        <entity type="Datacenter">datacenter-3</entity>
        <alarm type="Alarm">alarm-129</alarm>
        <overallStatus>gray</overallStatus>
        <time>2023-04-19T14:12:10.105339Z</time>
        <acknowledged>false</acknowledged>
      </AlarmState>
      <AlarmState>
        <key>alarm-13.datacenter-3</key>
        <entity type="Datacenter">datacenter-3</entity>
        <alarm type="Alarm">alarm-13</alarm>
        <overallStatus>gray</overallStatus>
        <time>2023-04-19T14:12:10.105339Z</time>
        <acknowledged>false</acknowledged>
      </AlarmState>
      <AlarmState>
        <key>alarm-130.datacenter-3</key>
        <entity type="Datacenter">datacenter-3</entity>
        <alarm type="Alarm">alarm-130</alarm>
        <overallStatus>gray</overallStatus>
        <time>2023-04-19T14:12:10.105339Z</time>
        <acknowledged>false</acknowledged>
      </AlarmState>
      <AlarmState>
        <key>alarm-131.datacenter-3</key>
        <entity type="Datacenter">datacenter-3</entity>
        <alarm type="Alarm">alarm-131</alarm>
        <overallStatus>gray</overallStatus>
        <time>2023-04-19T14:12:10.105339Z</time>
        <acknowledged>false</acknowledged>
      </AlarmState>
      <AlarmState>
        <key>alarm-134.datacenter-3</key>
        <entity type="Datacenter">datacenter-3</entity>
        <alarm type="Alarm">alarm-134</alarm>
        <overallStatus>gray</overallStatus>
        <time>2023-04-19T14:12:10.105339Z</time>
        <acknowledged>false</acknowledged>
      </AlarmState>
      <AlarmState>
        <key>alarm-135.datacenter-3</key>
        <entity type="Datacenter">datacenter-3</entity>
        <alarm type="Alarm">alarm-135</alarm>
        <overallStatus>gray</overallStatus>
        <time>2023-04-19T14:12:10.105339Z</time>
        <acknowledged>false</acknowledged>
      </AlarmState>
      <AlarmState>
        <key>alarm-137.datacenter-3</key>
        <entity type="Datacenter">datacenter-3</entity>
        <alarm type="Alarm">alarm-137</alarm>
        <overallStatus>gray</overallStatus>
        <time>2023-04-19T14:12:10.105339Z</time>
        <acknowledged>false</acknowledged>
      </AlarmState>
      <AlarmState>
        <key>alarm-138.datacenter-3</key>
        <entity type="Datacenter">datacenter-3</entity>
        <alarm type="Alarm">alarm-138</alarm>
        <overallStatus>gray</overallStatus>
        <time>2023-04-19T14:12:10.105339Z</time>
        <acknowledged>false</acknowledged>
      </AlarmState>
      <AlarmState>
        <key>alarm-139.datacenter-3</key>
        <entity type="Datacenter">datacenter-3</entity>
        <alarm type="Alarm">alarm-139</alarm>
        <overallStatus>gray</overallStatus>
        <time>2023-04-19T14:12:10.105339Z</time>
        <acknowledged>false</acknowledged>
      </AlarmState>
      <AlarmState>
        <key>alarm-14.datacenter-3</key>
        <entity type="Datacenter">datacenter-3</entity>
        <alarm type="Alarm">alarm-14</alarm>
        <overallStatus>gray</overallStatus>
        <time>2023-04-19T14:12:10.105339Z</time>
        <acknowledged>false</acknowledged>
      </AlarmState>
      <AlarmState>
        <key>alarm-140.datacenter-3</key>
        <entity type="Datacenter">datacenter-3</entity>
        <alarm type="Alarm">alarm-140</alarm>
        <overallStatus>gray</overallStatus>
        <time>2023-04-19T14:12:10.105339Z</time>
        <acknowledged>false</acknowledged>
      </AlarmState>
      <AlarmState>
        <key>alarm-142.datacenter-3</key>
        <entity type="Datacenter">datacenter-3</entity>
        <alarm type="Alarm">alarm-142</alarm>
        <overallStatus>gray</overallStatus>
        <time>2023-04-19T14:12:10.105339Z</time>
        <acknowledged>false</acknowledged>
      </AlarmState>
      <AlarmState>
        <key>alarm-143.datacenter-3</key>
        <entity type="Datacenter">datacenter-3</entity>
        <alarm type="Alarm">alarm-143</alarm>
        <overallStatus>gray</overallStatus>
        <time>2023-04-19T14:12:10.105339Z</time>
        <acknowledged>false</acknowledged>
      </AlarmState>
      <AlarmState>
        <key>alarm-15.datacenter-3</key>
        <entity type="Datacenter">datacenter-3</entity>
        <alarm type="Alarm">alarm-15</alarm>
        <overallStatus>gray</overallStatus>
        <time>2023-04-19T14:12:10.105339Z</time>
        <acknowledged>false</acknowledged>
      </AlarmState>
      <AlarmState>
        <key>alarm-16.datacenter-3</key>
        <entity type="Datacenter">datacenter-3</entity>
        <alarm type="Alarm">alarm-16</alarm>
        <overallStatus>gray</overallStatus>
        <time>2023-04-19T14:12:10.105339Z</time>
        <acknowledged>false</acknowledged>
      </AlarmState>
      <AlarmState>
        <key>alarm-162.datacenter-3</key>
        <entity type="Datacenter">datacenter-3</entity>
        <alarm type="Alarm">alarm-162</alarm>
        <overallStatus>gray</overallStatus>
        <time>2023-04-19T14:12:10.105339Z</time>
        <acknowledged>false</acknowledged>
      </AlarmState>
      <AlarmState>
        <key>alarm-163.datacenter-3</key>
        <entity type="Datacenter">datacenter-3</entity>
        <alarm type="Alarm">alarm-163</alarm>
        <overallStatus>gray</overallStatus>
        <time>2023-04-19T14:12:10.105339Z</time>
        <acknowledged>false</acknowledged>
      </AlarmState>
      <AlarmState>
        <key>alarm-164.datacenter-3</key>
        <entity type="Datacenter">datacenter-3</entity>
        <alarm type="Alarm">alarm-164</alarm>
        <overallStatus>gray</overallStatus>
        <time>2023-04-19T14:12:10.105339Z</time>
        <acknowledged>false</acknowledged>
      </AlarmState>
      <AlarmState>
        <key>alarm-165.datacenter-3</key>
        <entity type="Datacenter">datacenter-3</entity>
        <alarm type="Alarm">alarm-165</alarm>
        <overallStatus>gray</overallStatus>
        <time>2023-04-19T14:12:10.105339Z</time>
        <acknowledged>false</acknowledged>
      </AlarmState>
      <AlarmState>
        <key>alarm-166.datacenter-3</key>
        <entity type="Datacenter">datacenter-3</entity>
        <alarm type="Alarm">alarm-166</alarm>
        <overallStatus>gray</overallStatus>
        <time>2023-04-19T14:12:10.105339Z</time>
        <acknowledged>false</acknowledged>
      </AlarmState>
      <AlarmState>
        <key>alarm-167.datacenter-3</key>
        <entity type="Datacenter">datacenter-3</entity>
        <alarm type="Alarm">alarm-167</alarm>
        <overallStatus>gray</overallStatus>
        <time>2023-04-19T14:12:10.105339Z</time>
        <acknowledged>false</acknowledged>
      </AlarmState>
      <AlarmState>
        <key>alarm-168.datacenter-3</key>
        <entity type="Datacenter">datacenter-3</entity>
        <alarm type="Alarm">alarm-168</alarm>
        <overallStatus>gray</overallStatus>
        <time>2023-04-19T14:12:10.105339Z</time>
        <acknowledged>false</acknowledged>
      </AlarmState>
      <AlarmState>
        <key>alarm-169.datacenter-3</key>
        <entity type="Datacenter">datacenter-3</entity>
        <alarm type="Alarm">alarm-169</alarm>
        <overallStatus>gray</overallStatus>
        <time>2023-04-19T14:12:10.105339Z</time>
        <acknowledged>false</acknowledged>
      </AlarmState>
      <AlarmState>
        <key>alarm-17.datacenter-3</key>
        <entity type="Datacenter">datacenter-3</entity>
        <alarm type="Alarm">alarm-17</alarm>
        <overallStatus>gray</overallStatus>
        <time>2023-04-19T14:12:10.105339Z</time>
        <acknowledged>false</acknowledged>
      </AlarmState>
      <AlarmState>
        <key>alarm-170.datacenter-3</key>
        <entity type="Datacenter">datacenter-3</entity>
        <alarm type="Alarm">alarm-170</alarm>
        <overallStatus>gray</overallStatus>
        <time>2023-04-19T14:12:10.105339Z</time>
        <acknowledged>false</acknowledged>
      </AlarmState>
      <AlarmState>
        <key>alarm-171.datacenter-3</key>
        <entity type="Datacenter">datacenter-3</entity>
        <alarm type="Alarm">alarm-171</alarm>
        <overallStatus>gray</overallStatus>
        <time>2023-04-19T14:12:10.105339Z</time>
        <acknowledged>false</acknowledged>
      </AlarmState>
      <AlarmState>
        <key>alarm-172.datacenter-3</key>
        <entity type="Datacenter">datacenter-3</entity>
        <alarm type="Alarm">alarm-172</alarm>
        <overallStatus>gray</overallStatus>
        <time>2023-04-19T14:12:10.105339Z</time>
        <acknowledged>false</acknowledged>
      </AlarmState>
      <AlarmState>
        <key>alarm-173.datacenter-3</key>
        <entity type="Datacenter">datacenter-3</entity>
        <alarm type="Alarm">alarm-173</alarm>
        <overallStatus>gray</overallStatus>
        <time>2023-04-19T14:12:10.105339Z</time>
        <acknowledged>false</acknowledged>
      </AlarmState>
      <AlarmState>
        <key>alarm-174.datacenter-3</key>
        <entity type="Datacenter">datacenter-3</entity>
        <alarm type="Alarm">alarm-174</alarm>
        <overallStatus>gray</overallStatus>
        <time>2023-04-19T14:12:10.105339Z</time>
        <acknowledged>false</acknowledged>
      </AlarmState>
      <AlarmState>
        <key>alarm-175.datacenter-3</key>
        <entity type="Datacenter">datacenter-3</entity>
        <alarm type="Alarm">alarm-175</alarm>
        <overallStatus>gray</overallStatus>
        <time>2023-04-19T14:12:10.105339Z</time>
        <acknowledged>false</acknowledged>
      </AlarmState>
      <AlarmState>
        <key>alarm-176.datacenter-3</key>
        <entity type="Datacenter">datacenter-3</entity>
        <alarm type="Alarm">alarm-176</alarm>
        <overallStatus>gray</overallStatus>
        <time>2023-04-19T14:12:10.105339Z</time>
        <acknowledged>false</acknowledged>
      </AlarmState>
      <AlarmState>
        <key>alarm-177.datacenter-3</key>
        <entity type="Datacenter">datacenter-3</entity>
        <alarm type="Alarm">alarm-177</alarm>
        <overallStatus>gray</overallStatus>
        <time>2023-04-19T14:12:10.105339Z</time>
        <acknowledged>false</acknowledged>
      </AlarmState>
      <AlarmState>
        <key>alarm-178.datacenter-3</key>
        <entity type="Datacenter">datacenter-3</entity>
        <alarm type="Alarm">alarm-178</alarm>
        <overallStatus>gray</overallStatus>
        <time>2023-04-19T14:12:10.105339Z</time>
        <acknowledged>false</acknowledged>
      </AlarmState>
      <AlarmState>
        <key>alarm-179.datacenter-3</key>
        <entity type="Datacenter">datacenter-3</entity>
        <alarm type="Alarm">alarm-179</alarm>
        <overallStatus>gray</overallStatus>
        <time>2023-04-19T14:12:10.105339Z</time>
        <acknowledged>false</acknowledged>
      </AlarmState>
      <AlarmState>
        <key>alarm-180.datacenter-3</key>
        <entity type="Datacenter">datacenter-3</entity>
        <alarm type="Alarm">alarm-180</alarm>
        <overallStatus>gray</overallStatus>
        <time>2023-04-19T14:12:10.105339Z</time>
        <acknowledged>false</acknowledged>
      </AlarmState>
      <AlarmState>
        <key>alarm-181.datacenter-3</key>
        <entity type="Datacenter">datacenter-3</entity>
        <alarm type="Alarm">alarm-181</alarm>
        <overallStatus>gray</overallStatus>
        <time>2023-04-19T14:12:10.105339Z</time>
        <acknowledged>false</acknowledged>
      </AlarmState>
      <AlarmState>
        <key>alarm-182.datacenter-3</key>
        <entity type="Datacenter">datacenter-3</entity>
        <alarm type="Alarm">alarm-182</alarm>
        <overallStatus>gray</overallStatus>
        <time>2023-04-19T14:12:10.105339Z</time>
        <acknowledged>false</acknowledged>
      </AlarmState>
      <AlarmState>
        <key>alarm-183.datacenter-3</key>
        <entity type="Datacenter">datacenter-3</entity>
        <alarm type="Alarm">alarm-183</alarm>
        <overallStatus>gray</overallStatus>
        <time>2023-04-19T14:12:10.105339Z</time>
        <acknowledged>false</acknowledged>
      </AlarmState>
      <AlarmState>
        <key>alarm-184.datacenter-3</key>
        <entity type="Datacenter">datacenter-3</entity>
        <alarm type="Alarm">alarm-184</alarm>
        <overallStatus>gray</overallStatus>
        <time>2023-04-19T14:12:10.105339Z</time>
        <acknowledged>false</acknowledged>
      </AlarmState>
      <AlarmState>
        <key>alarm-185.datacenter-3</key>
        <entity type="Datacenter">datacenter-3</entity>
        <alarm type="Alarm">alarm-185</alarm>
        <overallStatus>gray</overallStatus>
        <time>2023-04-19T14:12:10.105339Z</time>
        <acknowledged>false</acknowledged>
      </AlarmState>
      <AlarmState>
        <key>alarm-186.datacenter-3</key>
        <entity type="Datacenter">datacenter-3</entity>
        <alarm type="Alarm">alarm-186</alarm>
        <overallStatus>gray</overallStatus>
        <time>2023-04-19T14:12:10.105339Z</time>
        <acknowledged>false</acknowledged>
      </AlarmState>
      <AlarmState>
        <key>alarm-187.datacenter-3</key>
        <entity type="Datacenter">datacenter-3</entity>
        <alarm type="Alarm">alarm-187</alarm>
        <overallStatus>gray</overallStatus>
        <time>2023-04-19T14:12:10.105339Z</time>
        <acknowledged>false</acknowledged>
      </AlarmState>
      <AlarmState>
        <key>alarm-188.datacenter-3</key>
        <entity type="Datacenter">datacenter-3</entity>
        <alarm type="Alarm">alarm-188</alarm>
        <overallStatus>gray</overallStatus>
        <time>2023-04-19T14:12:10.105339Z</time>
        <acknowledged>false</acknowledged>
      </AlarmState>
      <AlarmState>
        <key>alarm-189.datacenter-3</key>
        <entity type="Datacenter">datacenter-3</entity>
        <alarm type="Alarm">alarm-189</alarm>
        <overallStatus>gray</overallStatus>
        <time>2023-04-19T14:12:10.105339Z</time>
        <acknowledged>false</acknowledged>
      </AlarmState>
      <AlarmState>
        <key>alarm-19.datacenter-3</key>
        <entity type="Datacenter">datacenter-3</entity>
        <alarm type="Alarm">alarm-19</alarm>
        <overallStatus>gray</overallStatus>
        <time>2023-04-19T14:12:10.105339Z</time>
        <acknowledged>false</acknowledged>
      </AlarmState>
      <AlarmState>
        <key>alarm-190.datacenter-3</key>
        <entity type="Datacenter">datacenter-3</entity>
        <alarm type="Alarm">alarm-190</alarm>
        <overallStatus>gray</overallStatus>
        <time>2023-04-19T14:12:10.105339Z</time>
        <acknowledged>false</acknowledged>
      </AlarmState>
      <AlarmState>
        <key>alarm-191.datacenter-3</key>
        <entity type="Datacenter">datacenter-3</entity>
        <alarm type="Alarm">alarm-191</alarm>
        <overallStatus>gray</overallStatus>
        <time>2023-04-19T14:12:10.105339Z</time>
        <acknowledged>false</acknowledged>
      </AlarmState>
      <AlarmState>
        <key>alarm-192.datacenter-3</key>
        <entity type="Datacenter">datacenter-3</entity>
        <alarm type="Alarm">alarm-192</alarm>
        <overallStatus>gray</overallStatus>
        <time>2023-04-19T14:12:10.105339Z</time>
        <acknowledged>false</acknowledged>
      </AlarmState>
      <AlarmState>
        <key>alarm-193.datacenter-3</key>
        <entity type="Datacenter">datacenter-3</entity>
        <alarm type="Alarm">alarm-193</alarm>
        <overallStatus>gray</overallStatus>
        <time>2023-04-19T14:12:10.105339Z</time>
        <acknowledged>false</acknowledged>
      </AlarmState>
      <AlarmState>
        <key>alarm-194.datacenter-3</key>
        <entity type="Datacenter">datacenter-3</entity>
        <alarm type="Alarm">alarm-194</alarm>
        <overallStatus>gray</overallStatus>
        <time>2023-04-19T14:12:10.105339Z</time>
        <acknowledged>false</acknowledged>
      </AlarmState>
      <AlarmState>
        <key>alarm-195.datacenter-3</key>
        <entity type="Datacenter">datacenter-3</entity>
        <alarm type="Alarm">alarm-195</alarm>
        <overallStatus>gray</overallStatus>
        <time>2023-04-19T14:12:10.105339Z</time>
        <acknowledged>false</acknowledged>
      </AlarmState>
      <AlarmState>
        <key>alarm-196.datacenter-3</key>
        <entity type="Datacenter">datacenter-3</entity>
        <alarm type="Alarm">alarm-196</alarm>
        <overallStatus>gray</overallStatus>
        <time>2023-04-19T14:12:10.105339Z</time>
        <acknowledged>false</acknowledged>
      </AlarmState>
      <AlarmState>
        <key>alarm-197.datacenter-3</key>
        <entity type="Datacenter">datacenter-3</entity>
        <alarm type="Alarm">alarm-197</alarm>
        <overallStatus>gray</overallStatus>
        <time>2023-04-19T14:12:10.105339Z</time>
        <acknowledged>false</acknowledged>
      </AlarmState>
      <AlarmState>
        <key>alarm-198.datacenter-3</key>
        <entity type="Datacenter">datacenter-3</entity>
        <alarm type="Alarm">alarm-198</alarm>
        <overallStatus>gray</overallStatus>
        <time>2023-04-19T14:12:10.105339Z</time>
        <acknowledged>false</acknowledged>
      </AlarmState>
      <AlarmState>
        <key>alarm-199.datacenter-3</key>
        <entity type="Datacenter">datacenter-3</entity>
        <alarm type="Alarm">alarm-199</alarm>
        <overallStatus>gray</overallStatus>
        <time>2023-04-19T14:12:10.105339Z</time>
        <acknowledged>false</acknowledged>
      </AlarmState>
      <AlarmState>
        <key>alarm-2.datacenter-3</key>
        <entity type="Datacenter">datacenter-3</entity>
        <alarm type="Alarm">alarm-2</alarm>
        <overallStatus>gray</overallStatus>
        <time>2023-04-19T14:12:10.105339Z</time>
        <acknowledged>false</acknowledged>
      </AlarmState>
      <AlarmState>
        <key>alarm-20.datacenter-3</key>
        <entity type="Datacenter">datacenter-3</entity>
        <alarm type="Alarm">alarm-20</alarm>
        <overallStatus>gray</overallStatus>
        <time>2023-04-19T14:12:10.105339Z</time>
        <acknowledged>false</acknowledged>
      </AlarmState>
      <AlarmState>
        <key>alarm-200.datacenter-3</key>
        <entity type="Datacenter">datacenter-3</entity>
        <alarm type="Alarm">alarm-200</alarm>
        <overallStatus>gray</overallStatus>
        <time>2023-04-19T14:12:10.105339Z</time>
        <acknowledged>false</acknowledged>
      </AlarmState>
      <AlarmState>
        <key>alarm-201.datacenter-3</key>
        <entity type="Datacenter">datacenter-3</entity>
        <alarm type="Alarm">alarm-201</alarm>
        <overallStatus>gray</overallStatus>
        <time>2023-04-19T14:12:10.105339Z</time>
        <acknowledged>false</acknowledged>
      </AlarmState>
      <AlarmState>
        <key>alarm-202.datacenter-3</key>
        <entity type="Datacenter">datacenter-3</entity>
        <alarm type="Alarm">alarm-202</alarm>
        <overallStatus>gray</overallStatus>
        <time>2023-04-19T14:12:10.105339Z</time>
        <acknowledged>false</acknowledged>
      </AlarmState>
      <AlarmState>
        <key>alarm-203.datacenter-3</key>
        <entity type="Datacenter">datacenter-3</entity>
        <alarm type="Alarm">alarm-203</alarm>
        <overallStatus>gray</overallStatus>
        <time>2023-04-19T14:12:10.105339Z</time>
        <acknowledged>false</acknowledged>
      </AlarmState>
      <AlarmState>
        <key>alarm-204.datacenter-3</key>
        <entity type="Datacenter">datacenter-3</entity>
        <alarm type="Alarm">alarm-204</alarm>
        <overallStatus>gray</overallStatus>
        <time>2023-04-19T14:12:10.105339Z</time>
        <acknowledged>false</acknowledged>
      </AlarmState>
      <AlarmState>
        <key>alarm-205.datacenter-3</key>
        <entity type="Datacenter">datacenter-3</entity>
        <alarm type="Alarm">alarm-205</alarm>
        <overallStatus>gray</overallStatus>
        <time>2023-04-19T14:12:10.105339Z</time>
        <acknowledged>false</acknowledged>
      </AlarmState>
      <AlarmState>
        <key>alarm-206.datacenter-3</key>
        <entity type="Datacenter">datacenter-3</entity>
        <alarm type="Alarm">alarm-206</alarm>
        <overallStatus>gray</overallStatus>
        <time>2023-04-19T14:12:10.105339Z</time>
        <acknowledged>false</acknowledged>
      </AlarmState>
      <AlarmState>
        <key>alarm-207.datacenter-3</key>
        <entity type="Datacenter">datacenter-3</entity>
        <alarm type="Alarm">alarm-207</alarm>
        <overallStatus>gray</overallStatus>
        <time>2023-04-19T14:12:10.105339Z</time>
        <acknowledged>false</acknowledged>
      </AlarmState>
      <AlarmState>
        <key>alarm-208.datacenter-3</key>
        <entity type="Datacenter">datacenter-3</entity>
        <alarm type="Alarm">alarm-208</alarm>
        <overallStatus>gray</overallStatus>
        <time>2023-04-19T14:12:10.105339Z</time>
        <acknowledged>false</acknowledged>
      </AlarmState>
      <AlarmState>
        <key>alarm-209.datacenter-3</key>
        <entity type="Datacenter">datacenter-3</entity>
        <alarm type="Alarm">alarm-209</alarm>
        <overallStatus>gray</overallStatus>
        <time>2023-04-19T14:12:10.105339Z</time>
        <acknowledged>false</acknowledged>
      </AlarmState>
      <AlarmState>
        <key>alarm-21.datacenter-3</key>
        <entity type="Datacenter">datacenter-3</entity>
        <alarm type="Alarm">alarm-21</alarm>
        <overallStatus>gray</overallStatus>
        <time>2023-04-19T14:12:10.105339Z</time>
        <acknowledged>false</acknowledged>
      </AlarmState>
      <AlarmState>
        <key>alarm-210.datacenter-3</key>
        <entity type="Datacenter">datacenter-3</entity>
        <alarm type="Alarm">alarm-210</alarm>
        <overallStatus>gray</overallStatus>
        <time>2023-04-19T14:12:10.105339Z</time>
        <acknowledged>false</acknowledged>
      </AlarmState>
      <AlarmState>
        <key>alarm-211.datacenter-3</key>
        <entity type="Datacenter">datacenter-3</entity>
        <alarm type="Alarm">alarm-211</alarm>
        <overallStatus>gray</overallStatus>
        <time>2023-04-19T14:12:10.105339Z</time>
        <acknowledged>false</acknowledged>
      </AlarmState>
      <AlarmState>
        <key>alarm-212.datacenter-3</key>
        <entity type="Datacenter">datacenter-3</entity>
        <alarm type="Alarm">alarm-212</alarm>
        <overallStatus>gray</overallStatus>
        <time>2023-04-19T14:12:10.105339Z</time>
        <acknowledged>false</acknowledged>
      </AlarmState>
      <AlarmState>
        <key>alarm-213.datacenter-3</key>
        <entity type="Datacenter">datacenter-3</entity>
        <alarm type="Alarm">alarm-213</alarm>
        <overallStatus>gray</overallStatus>
        <time>2023-04-19T14:12:10.105339Z</time>
        <acknowledged>false</acknowledged>
      </AlarmState>
      <AlarmState>
        <key>alarm-214.datacenter-3</key>
        <entity type="Datacenter">datacenter-3</entity>
        <alarm type="Alarm">alarm-214</alarm>
        <overallStatus>gray</overallStatus>
        <time>2023-04-19T14:12:10.105339Z</time>
        <acknowledged>false</acknowledged>
      </AlarmState>
      <AlarmState>
        <key>alarm-215.datacenter-3</key>
        <entity type="Datacenter">datacenter-3</entity>
        <alarm type="Alarm">alarm-215</alarm>
        <overallStatus>gray</overallStatus>
        <time>2023-04-19T14:12:10.105339Z</time>
        <acknowledged>false</acknowledged>
      </AlarmState>
      <AlarmState>
        <key>alarm-216.datacenter-3</key>
        <entity type="Datacenter">datacenter-3</entity>
        <alarm type="Alarm">alarm-216</alarm>
        <overallStatus>gray</overallStatus>
        <time>2023-04-19T14:12:10.105339Z</time>
        <acknowledged>false</acknowledged>
      </AlarmState>
      <AlarmState>
        <key>alarm-217.datacenter-3</key>
        <entity type="Datacenter">datacenter-3</entity>
        <alarm type="Alarm">alarm-217</alarm>
        <overallStatus>gray</overallStatus>
        <time>2023-04-19T14:12:10.105339Z</time>
        <acknowledged>false</acknowledged>
      </AlarmState>
      <AlarmState>
        <key>alarm-218.datacenter-3</key>
        <entity type="Datacenter">datacenter-3</entity>
        <alarm type="Alarm">alarm-218</alarm>
        <overallStatus>gray</overallStatus>
        <time>2023-04-19T14:12:10.105339Z</time>
        <acknowledged>false</acknowledged>
      </AlarmState>
      <AlarmState>
        <key>alarm-219.datacenter-3</key>
        <entity type="Datacenter">datacenter-3</entity>
        <alarm type="Alarm">alarm-219</alarm>
        <overallStatus>gray</overallStatus>
        <time>2023-04-19T14:12:10.105339Z</time>
        <acknowledged>false</acknowledged>
      </AlarmState>
      <AlarmState>
        <key>alarm-22.datacenter-3</key>
        <entity type="Datacenter">datacenter-3</entity>
        <alarm type="Alarm">alarm-22</alarm>
        <overallStatus>gray</overallStatus>
        <time>2023-04-19T14:12:10.105339Z</time>
        <acknowledged>false</acknowledged>
      </AlarmState>
      <AlarmState>
        <key>alarm-220.datacenter-3</key>
        <entity type="Datacenter">datacenter-3</entity>
        <alarm type="Alarm">alarm-220</alarm>
        <overallStatus>gray</overallStatus>
        <time>2023-04-19T14:12:10.105339Z</time>
        <acknowledged>false</acknowledged>
      </AlarmState>
      <AlarmState>
        <key>alarm-221.datacenter-3</key>
        <entity type="Datacenter">datacenter-3</entity>
        <alarm type="Alarm">alarm-221</alarm>
        <overallStatus>gray</overallStatus>
        <time>2023-04-19T14:12:10.105339Z</time>
        <acknowledged>false</acknowledged>
      </AlarmState>
      <AlarmState>
        <key>alarm-222.datacenter-3</key>
        <entity type="Datacenter">datacenter-3</entity>
        <alarm type="Alarm">alarm-222</alarm>
        <overallStatus>gray</overallStatus>
        <time>2023-04-19T14:12:10.105339Z</time>
        <acknowledged>false</acknowledged>
      </AlarmState>
      <AlarmState>
        <key>alarm-223.datacenter-3</key>
        <entity type="Datacenter">datacenter-3</entity>
        <alarm type="Alarm">alarm-223</alarm>
        <overallStatus>gray</overallStatus>
        <time>2023-04-19T14:12:10.105339Z</time>
        <acknowledged>false</acknowledged>
      </AlarmState>
      <AlarmState>
        <key>alarm-224.datacenter-3</key>
        <entity type="Datacenter">datacenter-3</entity>
        <alarm type="Alarm">alarm-224</alarm>
        <overallStatus>gray</overallStatus>
        <time>2023-04-19T14:12:10.105339Z</time>
        <acknowledged>false</acknowledged>
      </AlarmState>
      <AlarmState>
        <key>alarm-225.datacenter-3</key>
        <entity type="Datacenter">datacenter-3</entity>
        <alarm type="Alarm">alarm-225</alarm>
        <overallStatus>gray</overallStatus>
        <time>2023-04-19T14:12:10.105339Z</time>
        <acknowledged>false</acknowledged>
      </AlarmState>
      <AlarmState>
        <key>alarm-226.datacenter-3</key>
        <entity type="Datacenter">datacenter-3</entity>
        <alarm type="Alarm">alarm-226</alarm>
        <overallStatus>gray</overallStatus>
        <time>2023-04-19T14:12:10.105339Z</time>
        <acknowledged>false</acknowledged>
      </AlarmState>
      <AlarmState>
        <key>alarm-227.datacenter-3</key>
        <entity type="Datacenter">datacenter-3</entity>
        <alarm type="Alarm">alarm-227</alarm>
        <overallStatus>gray</overallStatus>
        <time>2023-04-19T14:12:10.105339Z</time>
        <acknowledged>false</acknowledged>
      </AlarmState>
      <AlarmState>
        <key>alarm-228.datacenter-3</key>
        <entity type="Datacenter">datacenter-3</entity>
        <alarm type="Alarm">alarm-228</alarm>
        <overallStatus>gray</overallStatus>
        <time>2023-04-19T14:12:10.105339Z</time>
        <acknowledged>false</acknowledged>
      </AlarmState>
      <AlarmState>
        <key>alarm-229.datacenter-3</key>
        <entity type="Datacenter">datacenter-3</entity>
        <alarm type="Alarm">alarm-229</alarm>
        <overallStatus>gray</overallStatus>
        <time>2023-04-19T14:12:10.105339Z</time>
        <acknowledged>false</acknowledged>
      </AlarmState>
      <AlarmState>
        <key>alarm-23.datacenter-3</key>
        <entity type="Datacenter">datacenter-3</entity>
        <alarm type="Alarm">alarm-23</alarm>
        <overallStatus>gray</overallStatus>
        <time>2023-04-19T14:12:10.105339Z</time>
        <acknowledged>false</acknowledged>
      </AlarmState>
      <AlarmState>
        <key>alarm-230.datacenter-3</key>
        <entity type="Datacenter">datacenter-3</entity>
        <alarm type="Alarm">alarm-230</alarm>
        <overallStatus>gray</overallStatus>
        <time>2023-04-19T14:12:10.105339Z</time>
        <acknowledged>false</acknowledged>
      </AlarmState>
      <AlarmState>
        <key>alarm-231.datacenter-3</key>
        <entity type="Datacenter">datacenter-3</entity>
        <alarm type="Alarm">alarm-231</alarm>
        <overallStatus>gray</overallStatus>
        <time>2023-04-19T14:12:10.105339Z</time>
        <acknowledged>false</acknowledged>
      </AlarmState>
      <AlarmState>
        <key>alarm-232.datacenter-3</key>
        <entity type="Datacenter">datacenter-3</entity>
        <alarm type="Alarm">alarm-232</alarm>
        <overallStatus>gray</overallStatus>
        <time>2023-04-19T14:12:10.105339Z</time>
        <acknowledged>false</acknowledged>
      </AlarmState>
      <AlarmState>
        <key>alarm-233.datacenter-3</key>
        <entity type="Datacenter">datacenter-3</entity>
        <alarm type="Alarm">alarm-233</alarm>
        <overallStatus>gray</overallStatus>
        <time>2023-04-19T14:12:10.105339Z</time>
        <acknowledged>false</acknowledged>
      </AlarmState>
      <AlarmState>
        <key>alarm-234.datacenter-3</key>
        <entity type="Datacenter">datacenter-3</entity>
        <alarm type="Alarm">alarm-234</alarm>
        <overallStatus>gray</overallStatus>
        <time>2023-04-19T14:12:10.105339Z</time>
        <acknowledged>false</acknowledged>
      </AlarmState>
      <AlarmState>
        <key>alarm-235.datacenter-3</key>
        <entity type="Datacenter">datacenter-3</entity>
        <alarm type="Alarm">alarm-235</alarm>
        <overallStatus>gray</overallStatus>
        <time>2023-04-19T14:12:10.105339Z</time>
        <acknowledged>false</acknowledged>
      </AlarmState>
      <AlarmState>
        <key>alarm-236.datacenter-3</key>
        <entity type="Datacenter">datacenter-3</entity>
        <alarm type="Alarm">alarm-236</alarm>
        <overallStatus>gray</overallStatus>
        <time>2023-04-19T14:12:10.105339Z</time>
        <acknowledged>false</acknowledged>
      </AlarmState>
      <AlarmState>
        <key>alarm-237.datacenter-3</key>
        <entity type="Datacenter">datacenter-3</entity>
        <alarm type="Alarm">alarm-237</alarm>
        <overallStatus>gray</overallStatus>
        <time>2023-04-19T14:12:10.105339Z</time>
        <acknowledged>false</acknowledged>
      </AlarmState>
      <AlarmState>
        <key>alarm-238.datacenter-3</key>
        <entity type="Datacenter">datacenter-3</entity>
        <alarm type="Alarm">alarm-238</alarm>
        <overallStatus>gray</overallStatus>
        <time>2023-04-19T14:12:10.105339Z</time>
        <acknowledged>false</acknowledged>
      </AlarmState>
      <AlarmState>
        <key>alarm-239.datacenter-3</key>
        <entity type="Datacenter">datacenter-3</entity>
        <alarm type="Alarm">alarm-239</alarm>
        <overallStatus>gray</overallStatus>
        <time>2023-04-19T14:12:10.105339Z</time>
        <acknowledged>false</acknowledged>
      </AlarmState>
      <AlarmState>
        <key>alarm-24.datacenter-3</key>
        <entity type="Datacenter">datacenter-3</entity>
        <alarm type="Alarm">alarm-24</alarm>
        <overallStatus>gray</overallStatus>
        <time>2023-04-19T14:12:10.105339Z</time>
        <acknowledged>false</acknowledged>
      </AlarmState>
      <AlarmState>
        <key>alarm-240.datacenter-3</key>
        <entity type="Datacenter">datacenter-3</entity>
        <alarm type="Alarm">alarm-240</alarm>
        <overallStatus>gray</overallStatus>
        <time>2023-04-19T14:12:10.105339Z</time>
        <acknowledged>false</acknowledged>
      </AlarmState>
      <AlarmState>
        <key>alarm-241.datacenter-3</key>
        <entity type="Datacenter">datacenter-3</entity>
        <alarm type="Alarm">alarm-241</alarm>
        <overallStatus>gray</overallStatus>
        <time>2023-04-19T14:12:10.105339Z</time>
        <acknowledged>false</acknowledged>
      </AlarmState>
      <AlarmState>
        <key>alarm-242.datacenter-3</key>
        <entity type="Datacenter">datacenter-3</entity>
        <alarm type="Alarm">alarm-242</alarm>
        <overallStatus>gray</overallStatus>
        <time>2023-04-19T14:12:10.105339Z</time>
        <acknowledged>false</acknowledged>
      </AlarmState>
      <AlarmState>
        <key>alarm-243.datacenter-3</key>
        <entity type="Datacenter">datacenter-3</entity>
        <alarm type="Alarm">alarm-243</alarm>
        <overallStatus>gray</overallStatus>
        <time>2023-04-19T14:12:10.105339Z</time>
        <acknowledged>false</acknowledged>
      </AlarmState>
      <AlarmState>
        <key>alarm-244.datacenter-3</key>
        <entity type="Datacenter">datacenter-3</entity>
        <alarm type="Alarm">alarm-244</alarm>
        <overallStatus>gray</overallStatus>
        <time>2023-04-19T14:12:10.105339Z</time>
        <acknowledged>false</acknowledged>
      </AlarmState>
      <AlarmState>
        <key>alarm-245.datacenter-3</key>
        <entity type="Datacenter">datacenter-3</entity>
        <alarm type="Alarm">alarm-245</alarm>
        <overallStatus>gray</overallStatus>
        <time>2023-04-19T14:12:10.105339Z</time>
        <acknowledged>false</acknowledged>
      </AlarmState>
      <AlarmState>
        <key>alarm-246.datacenter-3</key>
        <entity type="Datacenter">datacenter-3</entity>
        <alarm type="Alarm">alarm-246</alarm>
        <overallStatus>gray</overallStatus>
        <time>2023-04-19T14:12:10.105339Z</time>
        <acknowledged>false</acknowledged>
      </AlarmState>
      <AlarmState>
        <key>alarm-247.datacenter-3</key>
        <entity type="Datacenter">datacenter-3</entity>
        <alarm type="Alarm">alarm-247</alarm>
        <overallStatus>gray</overallStatus>
        <time>2023-04-19T14:12:10.105339Z</time>
        <acknowledged>false</acknowledged>
      </AlarmState>
      <AlarmState>
        <key>alarm-248.datacenter-3</key>
        <entity type="Datacenter">datacenter-3</entity>
        <alarm type="Alarm">alarm-248</alarm>
        <overallStatus>gray</overallStatus>
        <time>2023-04-19T14:12:10.105339Z</time>
        <acknowledged>false</acknowledged>
      </AlarmState>
      <AlarmState>
        <key>alarm-249.datacenter-3</key>
        <entity type="Datacenter">datacenter-3</entity>
        <alarm type="Alarm">alarm-249</alarm>
        <overallStatus>gray</overallStatus>
        <time>2023-04-19T14:12:10.105339Z</time>
        <acknowledged>false</acknowledged>
      </AlarmState>
      <AlarmState>
        <key>alarm-25.datacenter-3</key>
        <entity type="Datacenter">datacenter-3</entity>
        <alarm type="Alarm">alarm-25</alarm>
        <overallStatus>gray</overallStatus>
        <time>2023-04-19T14:12:10.105339Z</time>
        <acknowledged>false</acknowledged>
      </AlarmState>
      <AlarmState>
        <key>alarm-250.datacenter-3</key>
        <entity type="Datacenter">datacenter-3</entity>
        <alarm type="Alarm">alarm-250</alarm>
        <overallStatus>gray</overallStatus>
        <time>2023-04-19T14:12:10.105339Z</time>
        <acknowledged>false</acknowledged>
      </AlarmState>
      <AlarmState>
        <key>alarm-251.datacenter-3</key>
        <entity type="Datacenter">datacenter-3</entity>
        <alarm type="Alarm">alarm-251</alarm>
        <overallStatus>gray</overallStatus>
        <time>2023-04-19T14:12:10.105339Z</time>
        <acknowledged>false</acknowledged>
      </AlarmState>
      <AlarmState>
        <key>alarm-252.datacenter-3</key>
        <entity type="Datacenter">datacenter-3</entity>
        <alarm type="Alarm">alarm-252</alarm>
        <overallStatus>gray</overallStatus>
        <time>2023-04-19T14:12:10.105339Z</time>
        <acknowledged>false</acknowledged>
      </AlarmState>
      <AlarmState>
        <key>alarm-253.datacenter-3</key>
        <entity type="Datacenter">datacenter-3</entity>
        <alarm type="Alarm">alarm-253</alarm>
        <overallStatus>gray</overallStatus>
        <time>2023-04-19T14:12:10.105339Z</time>
        <acknowledged>false</acknowledged>
      </AlarmState>
      <AlarmState>
        <key>alarm-254.datacenter-3</key>
        <entity type="Datacenter">datacenter-3</entity>
        <alarm type="Alarm">alarm-254</alarm>
        <overallStatus>gray</overallStatus>
        <time>2023-04-19T14:12:10.105339Z</time>
        <acknowledged>false</acknowledged>
      </AlarmState>
      <AlarmState>
        <key>alarm-255.datacenter-3</key>
        <entity type="Datacenter">datacenter-3</entity>
        <alarm type="Alarm">alarm-255</alarm>
        <overallStatus>gray</overallStatus>
        <time>2023-04-19T14:12:10.105339Z</time>
        <acknowledged>false</acknowledged>
      </AlarmState>
      <AlarmState>
        <key>alarm-256.datacenter-3</key>
        <entity type="Datacenter">datacenter-3</entity>
        <alarm type="Alarm">alarm-256</alarm>
        <overallStatus>gray</overallStatus>
        <time>2023-04-19T14:12:10.105339Z</time>
        <acknowledged>false</acknowledged>
      </AlarmState>
      <AlarmState>
        <key>alarm-257.datacenter-3</key>
        <entity type="Datacenter">datacenter-3</entity>
        <alarm type="Alarm">alarm-257</alarm>
        <overallStatus>gray</overallStatus>
        <time>2023-04-19T14:12:10.105339Z</time>
        <acknowledged>false</acknowledged>
      </AlarmState>
      <AlarmState>
        <key>alarm-258.datacenter-3</key>
        <entity type="Datacenter">datacenter-3</entity>
        <alarm type="Alarm">alarm-258</alarm>
        <overallStatus>gray</overallStatus>
        <time>2023-04-19T14:12:10.105339Z</time>
        <acknowledged>false</acknowledged>
      </AlarmState>
      <AlarmState>
        <key>alarm-259.datacenter-3</key>
        <entity type="Datacenter">datacenter-3</entity>
        <alarm type="Alarm">alarm-259</alarm>
        <overallStatus>gray</overallStatus>
        <time>2023-04-19T14:12:10.105339Z</time>
        <acknowledged>false</acknowledged>
      </AlarmState>
      <AlarmState>
        <key>alarm-26.datacenter-3</key>
        <entity type="Datacenter">datacenter-3</entity>
        <alarm type="Alarm">alarm-26</alarm>
        <overallStatus>gray</overallStatus>
        <time>2023-04-19T14:12:10.105339Z</time>
        <acknowledged>false</acknowledged>
      </AlarmState>
      <AlarmState>
        <key>alarm-260.datacenter-3</key>
        <entity type="Datacenter">datacenter-3</entity>
        <alarm type="Alarm">alarm-260</alarm>
        <overallStatus>gray</overallStatus>
        <time>2023-04-19T14:12:10.105339Z</time>
        <acknowledged>false</acknowledged>
      </AlarmState>
      <AlarmState>
        <key>alarm-261.datacenter-3</key>
        <entity type="Datacenter">datacenter-3</entity>
        <alarm type="Alarm">alarm-261</alarm>
        <overallStatus>gray</overallStatus>
        <time>2023-04-19T14:12:10.105339Z</time>
        <acknowledged>false</acknowledged>
      </AlarmState>
      <AlarmState>
        <key>alarm-262.datacenter-3</key>
        <entity type="Datacenter">datacenter-3</entity>
        <alarm type="Alarm">alarm-262</alarm>
        <overallStatus>gray</overallStatus>
        <time>2023-04-19T14:12:10.105339Z</time>
        <acknowledged>false</acknowledged>
      </AlarmState>
      <AlarmState>
        <key>alarm-263.datacenter-3</key>
        <entity type="Datacenter">datacenter-3</entity>
        <alarm type="Alarm">alarm-263</alarm>
        <overallStatus>gray</overallStatus>
        <time>2023-04-19T14:12:10.105339Z</time>
        <acknowledged>false</acknowledged>
      </AlarmState>
      <AlarmState>
        <key>alarm-264.datacenter-3</key>
        <entity type="Datacenter">datacenter-3</entity>
        <alarm type="Alarm">alarm-264</alarm>
        <overallStatus>gray</overallStatus>
        <time>2023-04-19T14:12:10.105339Z</time>
        <acknowledged>false</acknowledged>
      </AlarmState>
      <AlarmState>
        <key>alarm-265.datacenter-3</key>
        <entity type="Datacenter">datacenter-3</entity>
        <alarm type="Alarm">alarm-265</alarm>
        <overallStatus>gray</overallStatus>
        <time>2023-04-19T14:12:10.105339Z</time>
        <acknowledged>false</acknowledged>
      </AlarmState>
      <AlarmState>
        <key>alarm-266.datacenter-3</key>
        <entity type="Datacenter">datacenter-3</entity>
        <alarm type="Alarm">alarm-266</alarm>
        <overallStatus>gray</overallStatus>
        <time>2023-04-19T14:12:10.105339Z</time>
        <acknowledged>false</acknowledged>
      </AlarmState>
      <AlarmState>
        <key>alarm-267.datacenter-3</key>
        <entity type="Datacenter">datacenter-3</entity>
        <alarm type="Alarm">alarm-267</alarm>
        <overallStatus>gray</overallStatus>
        <time>2023-04-19T14:12:10.105339Z</time>
        <acknowledged>false</acknowledged>
      </AlarmState>
      <AlarmState>
        <key>alarm-268.datacenter-3</key>
        <entity type="Datacenter">datacenter-3</entity>
        <alarm type="Alarm">alarm-268</alarm>
        <overallStatus>gray</overallStatus>
        <time>2023-04-19T14:12:10.105339Z</time>
        <acknowledged>false</acknowledged>
      </AlarmState>
      <AlarmState>
        <key>alarm-269.datacenter-3</key>
        <entity type="Datacenter">datacenter-3</entity>
        <alarm type="Alarm">alarm-269</alarm>
        <overallStatus>gray</overallStatus>
        <time>2023-04-19T14:12:10.105339Z</time>
        <acknowledged>false</acknowledged>
      </AlarmState>
      <AlarmState>
        <key>alarm-270.datacenter-3</key>
        <entity type="Datacenter">datacenter-3</entity>
        <alarm type="Alarm">alarm-270</alarm>
        <overallStatus>gray</overallStatus>
        <time>2023-04-19T14:12:10.105339Z</time>
        <acknowledged>false</acknowledged>
      </AlarmState>
      <AlarmState>
        <key>alarm-271.datacenter-3</key>
        <entity type="Datacenter">datacenter-3</entity>
        <alarm type="Alarm">alarm-271</alarm>
        <overallStatus>gray</overallStatus>
        <time>2023-04-19T14:12:10.105339Z</time>
        <acknowledged>false</acknowledged>
      </AlarmState>
      <AlarmState>
        <key>alarm-272.datacenter-3</key>
        <entity type="Datacenter">datacenter-3</entity>
        <alarm type="Alarm">alarm-272</alarm>
        <overallStatus>gray</overallStatus>
        <time>2023-04-19T14:12:10.105339Z</time>
        <acknowledged>false</acknowledged>
      </AlarmState>
      <AlarmState>
        <key>alarm-273.datacenter-3</key>
        <entity type="Datacenter">datacenter-3</entity>
        <alarm type="Alarm">alarm-273</alarm>
        <overallStatus>gray</overallStatus>
        <time>2023-04-19T14:12:10.105339Z</time>
        <acknowledged>false</acknowledged>
      </AlarmState>
      <AlarmState>
        <key>alarm-274.datacenter-3</key>
        <entity type="Datacenter">datacenter-3</entity>
        <alarm type="Alarm">alarm-274</alarm>
        <overallStatus>gray</overallStatus>
        <time>2023-04-19T14:12:10.105339Z</time>
        <acknowledged>false</acknowledged>
      </AlarmState>
      <AlarmState>
        <key>alarm-275.datacenter-3</key>
        <entity type="Datacenter">datacenter-3</entity>
        <alarm type="Alarm">alarm-275</alarm>
        <overallStatus>gray</overallStatus>
        <time>2023-04-19T14:12:10.105339Z</time>
        <acknowledged>false</acknowledged>
      </AlarmState>
      <AlarmState>
        <key>alarm-276.datacenter-3</key>
        <entity type="Datacenter">datacenter-3</entity>
        <alarm type="Alarm">alarm-276</alarm>
        <overallStatus>gray</overallStatus>
        <time>2023-04-19T14:12:10.105339Z</time>
        <acknowledged>false</acknowledged>
      </AlarmState>
      <AlarmState>
        <key>alarm-277.datacenter-3</key>
        <entity type="Datacenter">datacenter-3</entity>
        <alarm type="Alarm">alarm-277</alarm>
        <overallStatus>gray</overallStatus>
        <time>2023-04-19T14:12:10.105339Z</time>
        <acknowledged>false</acknowledged>
      </AlarmState>
      <AlarmState>
        <key>alarm-278.datacenter-3</key>
        <entity type="Datacenter">datacenter-3</entity>
        <alarm type="Alarm">alarm-278</alarm>
        <overallStatus>gray</overallStatus>
        <time>2023-04-19T14:12:10.105339Z</time>
        <acknowledged>false</acknowledged>
      </AlarmState>
      <AlarmState>
        <key>alarm-279.datacenter-3</key>
        <entity type="Datacenter">datacenter-3</entity>
        <alarm type="Alarm">alarm-279</alarm>
        <overallStatus>gray</overallStatus>
        <time>2023-04-19T14:12:10.105339Z</time>
        <acknowledged>false</acknowledged>
      </AlarmState>
      <AlarmState>
        <key>alarm-28.datacenter-3</key>
        <entity type="Datacenter">datacenter-3</entity>
        <alarm type="Alarm">alarm-28</alarm>
        <overallStatus>gray</overallStatus>
        <time>2023-04-19T14:12:10.105339Z</time>
        <acknowledged>false</acknowledged>
      </AlarmState>
      <AlarmState>
        <key>alarm-280.datacenter-3</key>
        <entity type="Datacenter">datacenter-3</entity>
        <alarm type="Alarm">alarm-280</alarm>
        <overallStatus>gray</overallStatus>
        <time>2023-04-19T14:12:10.105339Z</time>
        <acknowledged>false</acknowledged>
      </AlarmState>
      <AlarmState>
        <key>alarm-281.datacenter-3</key>
        <entity type="Datacenter">datacenter-3</entity>
        <alarm type="Alarm">alarm-281</alarm>
        <overallStatus>gray</overallStatus>
        <time>2023-04-19T14:12:10.105339Z</time>
        <acknowledged>false</acknowledged>
      </AlarmState>
      <AlarmState>
        <key>alarm-282.datacenter-3</key>
        <entity type="Datacenter">datacenter-3</entity>
        <alarm type="Alarm">alarm-282</alarm>
        <overallStatus>gray</overallStatus>
        <time>2023-04-19T14:12:10.105339Z</time>
        <acknowledged>false</acknowledged>
      </AlarmState>
      <AlarmState>
        <key>alarm-283.datacenter-3</key>
        <entity type="Datacenter">datacenter-3</entity>
        <alarm type="Alarm">alarm-283</alarm>
        <overallStatus>gray</overallStatus>
        <time>2023-04-19T14:12:10.105339Z</time>
        <acknowledged>false</acknowledged>
      </AlarmState>
      <AlarmState>
        <key>alarm-284.datacenter-3</key>
        <entity type="Datacenter">datacenter-3</entity>
        <alarm type="Alarm">alarm-284</alarm>
        <overallStatus>gray</overallStatus>
        <time>2023-04-19T14:12:10.105339Z</time>
        <acknowledged>false</acknowledged>
      </AlarmState>
      <AlarmState>
        <key>alarm-285.datacenter-3</key>
        <entity type="Datacenter">datacenter-3</entity>
        <alarm type="Alarm">alarm-285</alarm>
        <overallStatus>gray</overallStatus>
        <time>2023-04-19T14:12:10.105339Z</time>
        <acknowledged>false</acknowledged>
      </AlarmState>
      <AlarmState>
        <key>alarm-286.datacenter-3</key>
        <entity type="Datacenter">datacenter-3</entity>
        <alarm type="Alarm">alarm-286</alarm>
        <overallStatus>gray</overallStatus>
        <time>2023-04-19T14:12:10.105339Z</time>
        <acknowledged>false</acknowledged>
      </AlarmState>
      <AlarmState>
        <key>alarm-287.datacenter-3</key>
        <entity type="Datacenter">datacenter-3</entity>
        <alarm type="Alarm">alarm-287</alarm>
        <overallStatus>gray</overallStatus>
        <time>2023-04-19T14:12:10.105339Z</time>
        <acknowledged>false</acknowledged>
      </AlarmState>
      <AlarmState>
        <key>alarm-288.datacenter-3</key>
        <entity type="Datacenter">datacenter-3</entity>
        <alarm type="Alarm">alarm-288</alarm>
        <overallStatus>gray</overallStatus>
        <time>2023-04-19T14:12:10.105339Z</time>
        <acknowledged>false</acknowledged>
      </AlarmState>
      <AlarmState>
        <key>alarm-289.datacenter-3</key>
        <entity type="Datacenter">datacenter-3</entity>
        <alarm type="Alarm">alarm-289</alarm>
        <overallStatus>gray</overallStatus>
        <time>2023-04-19T14:12:10.105339Z</time>
        <acknowledged>false</acknowledged>
      </AlarmState>
      <AlarmState>
        <key>alarm-29.datacenter-3</key>
        <entity type="Datacenter">datacenter-3</entity>
        <alarm type="Alarm">alarm-29</alarm>
        <overallStatus>gray</overallStatus>
        <time>2023-04-19T14:12:10.105339Z</time>
        <acknowledged>false</acknowledged>
      </AlarmState>
      <AlarmState>
        <key>alarm-290.datacenter-3</key>
        <entity type="Datacenter">datacenter-3</entity>
        <alarm type="Alarm">alarm-290</alarm>
        <overallStatus>gray</overallStatus>
        <time>2023-04-19T14:12:10.105339Z</time>
        <acknowledged>false</acknowledged>
      </AlarmState>
      <AlarmState>
        <key>alarm-291.datacenter-3</key>
        <entity type="Datacenter">datacenter-3</entity>
        <alarm type="Alarm">alarm-291</alarm>
        <overallStatus>gray</overallStatus>
        <time>2023-04-19T14:12:10.105339Z</time>
        <acknowledged>false</acknowledged>
      </AlarmState>
      <AlarmState>
        <key>alarm-292.datacenter-3</key>
        <entity type="Datacenter">datacenter-3</entity>
        <alarm type="Alarm">alarm-292</alarm>
        <overallStatus>gray</overallStatus>
        <time>2023-04-19T14:12:10.105339Z</time>
        <acknowledged>false</acknowledged>
      </AlarmState>
      <AlarmState>
        <key>alarm-293.datacenter-3</key>
        <entity type="Datacenter">datacenter-3</entity>
        <alarm type="Alarm">alarm-293</alarm>
        <overallStatus>gray</overallStatus>
        <time>2023-04-19T14:12:10.105339Z</time>
        <acknowledged>false</acknowledged>
      </AlarmState>
      <AlarmState>
        <key>alarm-294.datacenter-3</key>
        <entity type="Datacenter">datacenter-3</entity>
        <alarm type="Alarm">alarm-294</alarm>
        <overallStatus>gray</overallStatus>
        <time>2023-04-19T14:12:10.105339Z</time>
        <acknowledged>false</acknowledged>
      </AlarmState>
      <AlarmState>
        <key>alarm-295.datacenter-3</key>
        <entity type="Datacenter">datacenter-3</entity>
        <alarm type="Alarm">alarm-295</alarm>
        <overallStatus>gray</overallStatus>
        <time>2023-04-19T14:12:10.105339Z</time>
        <acknowledged>false</acknowledged>
      </AlarmState>
      <AlarmState>
        <key>alarm-296.datacenter-3</key>
        <entity type="Datacenter">datacenter-3</entity>
        <alarm type="Alarm">alarm-296</alarm>
        <overallStatus>gray</overallStatus>
        <time>2023-04-19T14:12:10.105339Z</time>
        <acknowledged>false</acknowledged>
      </AlarmState>
      <AlarmState>
        <key>alarm-3.datacenter-3</key>
        <entity type="Datacenter">datacenter-3</entity>
        <alarm type="Alarm">alarm-3</alarm>
        <overallStatus>gray</overallStatus>
        <time>2023-04-19T14:12:10.105339Z</time>
        <acknowledged>false</acknowledged>
      </AlarmState>
      <AlarmState>
        <key>alarm-30.datacenter-3</key>
        <entity type="Datacenter">datacenter-3</entity>
        <alarm type="Alarm">alarm-30</alarm>
        <overallStatus>gray</overallStatus>
        <time>2023-04-19T14:12:10.105339Z</time>
        <acknowledged>false</acknowledged>
      </AlarmState>
      <AlarmState>
        <key>alarm-31.datacenter-3</key>
        <entity type="Datacenter">datacenter-3</entity>
        <alarm type="Alarm">alarm-31</alarm>
        <overallStatus>gray</overallStatus>
        <time>2023-04-19T14:12:10.105339Z</time>
        <acknowledged>false</acknowledged>
      </AlarmState>
      <AlarmState>
        <key>alarm-32.datacenter-3</key>
        <entity type="Datacenter">datacenter-3</entity>
        <alarm type="Alarm">alarm-32</alarm>
        <overallStatus>gray</overallStatus>
        <time>2023-04-19T14:12:10.105339Z</time>
        <acknowledged>false</acknowledged>
      </AlarmState>
      <AlarmState>
        <key>alarm-33.datacenter-3</key>
        <entity type="Datacenter">datacenter-3</entity>
        <alarm type="Alarm">alarm-33</alarm>
        <overallStatus>gray</overallStatus>
        <time>2023-04-19T14:12:10.105339Z</time>
        <acknowledged>false</acknowledged>
      </AlarmState>
      <AlarmState>
        <key>alarm-34.datacenter-3</key>
        <entity type="Datacenter">datacenter-3</entity>
        <alarm type="Alarm">alarm-34</alarm>
        <overallStatus>gray</overallStatus>
        <time>2023-04-19T14:12:10.105339Z</time>
        <acknowledged>false</acknowledged>
      </AlarmState>
      <AlarmState>
        <key>alarm-35.datacenter-3</key>
        <entity type="Datacenter">datacenter-3</entity>
        <alarm type="Alarm">alarm-35</alarm>
        <overallStatus>gray</overallStatus>
        <time>2023-04-19T14:12:10.105339Z</time>
        <acknowledged>false</acknowledged>
      </AlarmState>
      <AlarmState>
        <key>alarm-36.datacenter-3</key>
        <entity type="Datacenter">datacenter-3</entity>
        <alarm type="Alarm">alarm-36</alarm>
        <overallStatus>gray</overallStatus>
        <time>2023-04-19T14:12:10.105339Z</time>
        <acknowledged>false</acknowledged>
      </AlarmState>
      <AlarmState>
        <key>alarm-37.datacenter-3</key>
        <entity type="Datacenter">datacenter-3</entity>
        <alarm type="Alarm">alarm-37</alarm>
        <overallStatus>gray</overallStatus>
        <time>2023-04-19T14:12:10.105339Z</time>
        <acknowledged>false</acknowledged>
      </AlarmState>
      <AlarmState>
        <key>alarm-38.datacenter-3</key>
        <entity type="Datacenter">datacenter-3</entity>
        <alarm type="Alarm">alarm-38</alarm>
        <overallStatus>gray</overallStatus>
        <time>2023-04-19T14:12:10.105339Z</time>
        <acknowledged>false</acknowledged>
      </AlarmState>
      <AlarmState>
        <key>alarm-39.datacenter-3</key>
        <entity type="Datacenter">datacenter-3</entity>
        <alarm type="Alarm">alarm-39</alarm>
        <overallStatus>gray</overallStatus>
        <time>2023-04-19T14:12:10.105339Z</time>
        <acknowledged>false</acknowledged>
      </AlarmState>
      <AlarmState>
        <key>alarm-4.datacenter-3</key>
        <entity type="Datacenter">datacenter-3</entity>
        <alarm type="Alarm">alarm-4</alarm>
        <overallStatus>gray</overallStatus>
        <time>2023-04-19T14:12:10.105339Z</time>
        <acknowledged>false</acknowledged>
      </AlarmState>
      <AlarmState>
        <key>alarm-40.datacenter-3</key>
        <entity type="Datacenter">datacenter-3</entity>
        <alarm type="Alarm">alarm-40</alarm>
        <overallStatus>gray</overallStatus>
        <time>2023-04-19T14:12:10.105339Z</time>
        <acknowledged>false</acknowledged>
      </AlarmState>
      <AlarmState>
        <key>alarm-42.datacenter-3</key>
        <entity type="Datacenter">datacenter-3</entity>
        <alarm type="Alarm">alarm-42</alarm>
        <overallStatus>gray</overallStatus>
        <time>2023-04-19T14:12:10.105339Z</time>
        <acknowledged>false</acknowledged>
      </AlarmState>
      <AlarmState>
        <key>alarm-43.datacenter-3</key>
        <entity type="Datacenter">datacenter-3</entity>
        <alarm type="Alarm">alarm-43</alarm>
        <overallStatus>gray</overallStatus>
        <time>2023-04-19T14:12:10.105339Z</time>
        <acknowledged>false</acknowledged>
      </AlarmState>
      <AlarmState>
        <key>alarm-44.datacenter-3</key>
        <entity type="Datacenter">datacenter-3</entity>
        <alarm type="Alarm">alarm-44</alarm>
        <overallStatus>gray</overallStatus>
        <time>2023-04-19T14:12:10.105339Z</time>
        <acknowledged>false</acknowledged>
      </AlarmState>
      <AlarmState>
        <key>alarm-45.datacenter-3</key>
        <entity type="Datacenter">datacenter-3</entity>
        <alarm type="Alarm">alarm-45</alarm>
        <overallStatus>gray</overallStatus>
        <time>2023-04-19T14:12:10.105339Z</time>
        <acknowledged>false</acknowledged>
      </AlarmState>
      <AlarmState>
        <key>alarm-46.datacenter-3</key>
        <entity type="Datacenter">datacenter-3</entity>
        <alarm type="Alarm">alarm-46</alarm>
        <overallStatus>gray</overallStatus>
        <time>2023-04-19T14:12:10.105339Z</time>
        <acknowledged>false</acknowledged>
      </AlarmState>
      <AlarmState>
        <key>alarm-47.datacenter-3</key>
        <entity type="Datacenter">datacenter-3</entity>
        <alarm type="Alarm">alarm-47</alarm>
        <overallStatus>gray</overallStatus>
        <time>2023-04-19T14:12:10.105339Z</time>
        <acknowledged>false</acknowledged>
      </AlarmState>
      <AlarmState>
        <key>alarm-48.datacenter-3</key>
        <entity type="Datacenter">datacenter-3</entity>
        <alarm type="Alarm">alarm-48</alarm>
        <overallStatus>gray</overallStatus>
        <time>2023-04-19T14:12:10.105339Z</time>
        <acknowledged>false</acknowledged>
      </AlarmState>
      <AlarmState>
        <key>alarm-49.datacenter-3</key>
        <entity type="Datacenter">datacenter-3</entity>
        <alarm type="Alarm">alarm-49</alarm>
        <overallStatus>gray</overallStatus>
        <time>2023-04-19T14:12:10.105339Z</time>
        <acknowledged>false</acknowledged>
      </AlarmState>
      <AlarmState>
        <key>alarm-5.datacenter-3</key>
        <entity type="Datacenter">datacenter-3</entity>
        <alarm type="Alarm">alarm-5</alarm>
        <overallStatus>gray</overallStatus>
        <time>2023-04-19T14:12:10.105339Z</time>
        <acknowledged>false</acknowledged>
      </AlarmState>
      <AlarmState>
        <key>alarm-50.datacenter-3</key>
        <entity type="Datacenter">datacenter-3</entity>
        <alarm type="Alarm">alarm-50</alarm>
        <overallStatus>gray</overallStatus>
        <time>2023-04-19T14:12:10.105339Z</time>
        <acknowledged>false</acknowledged>
      </AlarmState>
      <AlarmState>
        <key>alarm-51.datacenter-3</key>
        <entity type="Datacenter">datacenter-3</entity>
        <alarm type="Alarm">alarm-51</alarm>
        <overallStatus>gray</overallStatus>
        <time>2023-04-19T14:12:10.105339Z</time>
        <acknowledged>false</acknowledged>
      </AlarmState>
      <AlarmState>
        <key>alarm-52.datacenter-3</key>
        <entity type="Datacenter">datacenter-3</entity>
        <alarm type="Alarm">alarm-52</alarm>
        <overallStatus>gray</overallStatus>
        <time>2023-04-19T14:12:10.105339Z</time>
        <acknowledged>false</acknowledged>
      </AlarmState>
      <AlarmState>
        <key>alarm-53.datacenter-3</key>
        <entity type="Datacenter">datacenter-3</entity>
        <alarm type="Alarm">alarm-53</alarm>
        <overallStatus>gray</overallStatus>
        <time>2023-04-19T14:12:10.105339Z</time>
        <acknowledged>false</acknowledged>
      </AlarmState>
      <AlarmState>
        <key>alarm-54.datacenter-3</key>
        <entity type="Datacenter">datacenter-3</entity>
        <alarm type="Alarm">alarm-54</alarm>
        <overallStatus>gray</overallStatus>
        <time>2023-04-19T14:12:10.105339Z</time>
        <acknowledged>false</acknowledged>
      </AlarmState>
      <AlarmState>
        <key>alarm-6.datacenter-3</key>
        <entity type="Datacenter">datacenter-3</entity>
        <alarm type="Alarm">alarm-6</alarm>
        <overallStatus>gray</overallStatus>
        <time>2023-04-19T14:12:10.105339Z</time>
        <acknowledged>false</acknowledged>
      </AlarmState>
      <AlarmState>
        <key>alarm-7.datacenter-3</key>
        <entity type="Datacenter">datacenter-3</entity>
        <alarm type="Alarm">alarm-7</alarm>
        <overallStatus>gray</overallStatus>
        <time>2023-04-19T14:12:10.105339Z</time>
        <acknowledged>false</acknowledged>
      </AlarmState>
      <AlarmState>
        <key>alarm-7002.datacenter-3</key>
        <entity type="Datacenter">datacenter-3</entity>
        <alarm type="Alarm">alarm-7002</alarm>
        <overallStatus>gray</overallStatus>
        <time>2023-05-07T00:00:04.783931Z</time>
        <acknowledged>false</acknowledged>
      </AlarmState>
      <AlarmState>
        <key>alarm-77.datacenter-3</key>
        <entity type="Datacenter">datacenter-3</entity>
        <alarm type="Alarm">alarm-77</alarm>
        <overallStatus>gray</overallStatus>
        <time>2023-04-19T14:12:10.105339Z</time>
        <acknowledged>false</acknowledged>
      </AlarmState>
      <AlarmState>
        <key>alarm-79.datacenter-3</key>
        <entity type="Datacenter">datacenter-3</entity>
        <alarm type="Alarm">alarm-79</alarm>
        <overallStatus>gray</overallStatus>
        <time>2023-04-19T14:12:10.105339Z</time>
        <acknowledged>false</acknowledged>
      </AlarmState>
      <AlarmState>
        <key>alarm-80.datacenter-3</key>
        <entity type="Datacenter">datacenter-3</entity>
        <alarm type="Alarm">alarm-80</alarm>
        <overallStatus>gray</overallStatus>
        <time>2023-04-19T14:12:10.105339Z</time>
        <acknowledged>false</acknowledged>
      </AlarmState>
      <AlarmState>
        <key>alarm-81.datacenter-3</key>
        <entity type="Datacenter">datacenter-3</entity>
        <alarm type="Alarm">alarm-81</alarm>
        <overallStatus>gray</overallStatus>
        <time>2023-04-19T14:12:10.105339Z</time>
        <acknowledged>false</acknowledged>
      </AlarmState>
      <AlarmState>
        <key>alarm-82.datacenter-3</key>
        <entity type="Datacenter">datacenter-3</entity>
        <alarm type="Alarm">alarm-82</alarm>
        <overallStatus>gray</overallStatus>
        <time>2023-04-19T14:12:10.105339Z</time>
        <acknowledged>false</acknowledged>
      </AlarmState>
      <AlarmState>
        <key>alarm-8201.datacenter-3</key>
        <entity type="Datacenter">datacenter-3</entity>
        <alarm type="Alarm">alarm-8201</alarm>
        <overallStatus>gray</overallStatus>
        <time>2023-04-19T14:14:44.994138Z</time>
        <acknowledged>false</acknowledged>
      </AlarmState>
      <AlarmState>
        <key>alarm-84.datacenter-3</key>
        <entity type="Datacenter">datacenter-3</entity>
        <alarm type="Alarm">alarm-84</alarm>
        <overallStatus>gray</overallStatus>
        <time>2023-04-19T14:12:10.105339Z</time>
        <acknowledged>false</acknowledged>
      </AlarmState>
      <AlarmState>
        <key>alarm-85.datacenter-3</key>
        <entity type="Datacenter">datacenter-3</entity>
        <alarm type="Alarm">alarm-85</alarm>
        <overallStatus>gray</overallStatus>
        <time>2023-04-19T14:12:10.105339Z</time>
        <acknowledged>false</acknowledged>
      </AlarmState>
      <AlarmState>
        <key>alarm-86.datacenter-3</key>
        <entity type="Datacenter">datacenter-3</entity>
        <alarm type="Alarm">alarm-86</alarm>
        <overallStatus>gray</overallStatus>
        <time>2023-04-19T14:12:10.105339Z</time>
        <acknowledged>false</acknowledged>
      </AlarmState>
      <AlarmState>
        <key>alarm-88.datacenter-3</key>
        <entity type="Datacenter">datacenter-3</entity>
        <alarm type="Alarm">alarm-88</alarm>
        <overallStatus>gray</overallStatus>
        <time>2023-04-19T14:12:10.105339Z</time>
        <acknowledged>false</acknowledged>
      </AlarmState>
      <AlarmState>
        <key>alarm-9.datacenter-3</key>
        <entity type="Datacenter">datacenter-3</entity>
        <alarm type="Alarm">alarm-9</alarm>
        <overallStatus>gray</overallStatus>
        <time>2023-04-19T14:12:10.105339Z</time>
        <acknowledged>false</acknowledged>
      </AlarmState>
      <AlarmState>
        <key>alarm-90.datacenter-3</key>
        <entity type="Datacenter">datacenter-3</entity>
        <alarm type="Alarm">alarm-90</alarm>
        <overallStatus>gray</overallStatus>
        <time>2023-04-19T14:12:10.105339Z</time>
        <acknowledged>false</acknowledged>
      </AlarmState>
      <AlarmState>
        <key>alarm-91.datacenter-3</key>
        <entity type="Datacenter">datacenter-3</entity>
        <alarm type="Alarm">alarm-91</alarm>
        <overallStatus>gray</overallStatus>
        <time>2023-04-19T14:12:10.105339Z</time>
        <acknowledged>false</acknowledged>
      </AlarmState>
      <AlarmState>
        <key>alarm-93.datacenter-3</key>
        <entity type="Datacenter">datacenter-3</entity>
        <alarm type="Alarm">alarm-93</alarm>
        <overallStatus>gray</overallStatus>
        <time>2023-04-19T14:12:10.105339Z</time>
        <acknowledged>false</acknowledged>
      </AlarmState>
    </val>
  </propSet>
  <propSet>
    <name>disabledMethod</name>
    <val xmlns:XMLSchema-instance="http://www.w3.org/2001/XMLSchema-instance" XMLSchema-instance:type="ArrayOfString"></val>
  </propSet>
  <propSet>
    <name>effectiveRole</name>
    <val xmlns:XMLSchema-instance="http://www.w3.org/2001/XMLSchema-instance" XMLSchema-instance:type="ArrayOfInt">
      <int>-1</int>
    </val>
  </propSet>
  <propSet>
    <name>hostFolder</name>
    <val xmlns:XMLSchema-instance="http://www.w3.org/2001/XMLSchema-instance" XMLSchema-instance:type="ManagedObjectReference" type="Folder">group-h5</val>
  </propSet>
  <propSet>
    <name>name</name>
    <val xmlns:XMLSchema-instance="http://www.w3.org/2001/XMLSchema-instance" XMLSchema-instance:type="xsd:string">HirtDatacenter</val>
  </propSet>
  <propSet>
    <name>network</name>
    <val xmlns:XMLSchema-instance="http://www.w3.org/2001/XMLSchema-instance" XMLSchema-instance:type="ArrayOfManagedObjectReference">
      <ManagedObjectReference type="Network">network-12</ManagedObjectReference>
    </val>
  </propSet>
  <propSet>
    <name>networkFolder</name>
    <val xmlns:XMLSchema-instance="http://www.w3.org/2001/XMLSchema-instance" XMLSchema-instance:type="ManagedObjectReference" type="Folder">group-n7</val>
  </propSet>
  <propSet>
    <name>overallStatus</name>
    <val xmlns:XMLSchema-instance="http://www.w3.org/2001/XMLSchema-instance" XMLSchema-instance:type="ManagedEntityStatus">gray</val>
  </propSet>
  <propSet>
    <name>parent</name>
    <val xmlns:XMLSchema-instance="http://www.w3.org/2001/XMLSchema-instance" XMLSchema-instance:type="ManagedObjectReference" type="Folder">group-d1</val>
  </propSet>
  <propSet>
    <name>permission</name>
    <val xmlns:XMLSchema-instance="http://www.w3.org/2001/XMLSchema-instance" XMLSchema-instance:type="ArrayOfPermission"></val>
  </propSet>
  <propSet>
    <name>recentTask</name>
    <val xmlns:XMLSchema-instance="http://www.w3.org/2001/XMLSchema-instance" XMLSchema-instance:type="ArrayOfManagedObjectReference"></val>
  </propSet>
  <propSet>
    <name>tag</name>
    <val xmlns:XMLSchema-instance="http://www.w3.org/2001/XMLSchema-instance" XMLSchema-instance:type="ArrayOfTag"></val>
  </propSet>
  <propSet>
    <name>triggeredAlarmState</name>
    <val xmlns:XMLSchema-instance="http://www.w3.org/2001/XMLSchema-instance" XMLSchema-instance:type="ArrayOfAlarmState">
      <AlarmState>
        <key>alarm-4.host-10</key>
        <entity type="HostSystem">host-10</entity>
        <alarm type="Alarm">alarm-4</alarm>
        <overallStatus>yellow</overallStatus>
        <time>2023-05-04T05:15:20.123527Z</time>
        <acknowledged>false</acknowledged>
      </AlarmState>
      <AlarmState>
        <key>alarm-5.vm-11004</key>
        <entity type="VirtualMachine">vm-11004</entity>
        <alarm type="Alarm">alarm-5</alarm>
        <overallStatus>red</overallStatus>
        <time>2023-05-09T12:14:03.526735Z</time>
        <acknowledged>false</acknowledged>
      </AlarmState>
    </val>
  </propSet>
  <propSet>
    <name>value</name>
    <val xmlns:XMLSchema-instance="http://www.w3.org/2001/XMLSchema-instance" XMLSchema-instance:type="ArrayOfCustomFieldValue"></val>
  </propSet>
  <propSet>
    <name>vmFolder</name>
    <val xmlns:XMLSchema-instance="http://www.w3.org/2001/XMLSchema-instance" XMLSchema-instance:type="ManagedObjectReference" type="Folder">group-v4</val>
  </propSet>
</ObjectContent>