<ObjectContent>
  <obj type="Datastore">datastore-1002</obj>
  <propSet>
    <name>alarmActionsEnabled</name>
    <val xmlns:XMLSchema-instance="http://www.w3.org/2001/XMLSchema-instance" XMLSchema-instance:type="xsd:boolean">true</val>
  </propSet>
  <propSet>
    <name>availableField</name>
    <val xmlns:XMLSchema-instance="http://www.w3.org/2001/XMLSchema-instance" XMLSchema-instance:type="ArrayOfCustomFieldDef"></val>
  </propSet>
  <propSet>
    <name>browser</name>
    <val xmlns:XMLSchema-instance="http://www.w3.org/2001/XMLSchema-instance" XMLSchema-instance:type="ManagedObjectReference" type="HostDatastoreBrowser">datastoreBrowser-datastore-1002</val>
  </propSet>
  <propSet>
    <name>capability</name>
    <val xmlns:XMLSchema-instance="http://www.w3.org/2001/XMLSchema-instance" XMLSchema-instance:type="DatastoreCapability">
      <directoryHierarchySupported>true</directoryHierarchySupported>
      <rawDiskMappingsSupported>true</rawDiskMappingsSupported>
      <perFileThinProvisioningSupported>true</perFileThinProvisioningSupported>
      <storageIORMSupported>true</storageIORMSupported>
      <nativeSnapshotSupported>false</nativeSnapshotSupported>
      <topLevelDirectoryCreateSupported>true</topLevelDirectoryCreateSupported>
      <seSparseSupported>true</seSparseSupported>
      <vmfsSparseSupported>false</vmfsSparseSupported>
      <vsanSparseSupported>false</vsanSparseSupported>
      <vmdkExpandSupported>true</vmdkExpandSupported>
      <clusteredVmdkSupported>false</clusteredVmdkSupported>
    </val>
  </propSet>
  <propSet>
    <name>configIssue</name>
    <val xmlns:XMLSchema-instance="http://www.w3.org/2001/XMLSchema-instance" XMLSchema-instance:type="ArrayOfEvent"></val>
  </propSet>
  <propSet>
    <name>configStatus</name>
    <val xmlns:XMLSchema-instance="http://www.w3.org/2001/XMLSchema-instance" XMLSchema-instance:type="ManagedEntityStatus">gray</val>
  </propSet>
  <propSet>
    <name>customValue</name>
    <val xmlns:XMLSchema-instance="http://www.w3.org/2001/XMLSchema-instance" XMLSchema-instance:type="ArrayOfCustomFieldValue"></val>
  </propSet>
  <propSet>
    <name>declaredAlarmState</name>
    <val xmlns:XMLSchema-instance="http://www.w3.org/2001/XMLSchema-instance" XMLSchema-instance:type="ArrayOfAlarmState">
      <AlarmState>
        <key>alarm-109.datastore-1002</key>
        <entity type="Datastore">datastore-1002</entity>
        <alarm type="Alarm">alarm-109</alarm>
        <overallStatus>gray</overallStatus>
        <time>2023-04-19T14:12:10.105339Z</time>
        <acknowledged>false</acknowledged>
      </AlarmState>
      <AlarmState>
        <key>alarm-24.datastore-1002</key>
        <entity type="Datastore">datastore-1002</entity>
        <alarm type="Alarm">alarm-24</alarm>
        <overallStatus>gray</overallStatus>
        <time>2023-04-19T14:12:10.105339Z</time>
        <acknowledged>false</acknowledged>
      </AlarmState>
      <AlarmState>
        <key>alarm-28.datastore-1002</key>
        <entity type="Datastore">datastore-1002</entity>
        <alarm type="Alarm">alarm-28</alarm>
        <overallStatus>gray</overallStatus>
        <time>2023-04-19T14:12:10.105339Z</time>
        <acknowledged>false</acknowledged>
      </AlarmState>
      <AlarmState>
        <key>alarm-29.datastore-1002</key>
        <entity type="Datastore">datastore-1002</entity>
        <alarm type="Alarm">alarm-29</alarm>
        <overallStatus>gray</overallStatus>
        <time>2023-04-19T14:12:10.105339Z</time>
        <acknowledged>false</acknowledged>
      </AlarmState>
      <AlarmState>
        <key>alarm-53.datastore-1002</key>
        <entity type="Datastore">datastore-1002</entity>
        <alarm type="Alarm">alarm-53</alarm>
        <overallStatus>gray</overallStatus>
        <time>2023-04-19T14:12:10.105339Z</time>
        <acknowledged>false</acknowledged>
      </AlarmState>
      <AlarmState>
        <key>alarm-7.datastore-1002</key>
        <entity type="Datastore">datastore-1002</entity>
        <alarm type="Alarm">alarm-7</alarm>
        <overallStatus>green</overallStatus>
        <time>2022-02-12T18:23:39.587Z</time>
        <acknowledged>false</acknowledged>
      </AlarmState>
      <AlarmState>
        <key>alarm-79.datastore-1002</key>
        <entity type="Datastore">datastore-1002</entity>
        <alarm type="Alarm">alarm-79</alarm>
        <overallStatus>gray</overallStatus>
        <time>2023-04-19T14:12:10.105339Z</time>
        <acknowledged>false</acknowledged>
      </AlarmState>
      <AlarmState>
        <key>alarm-80.datastore-1002</key>
        <entity type="Datastore">datastore-1002</entity>
        <alarm type="Alarm">alarm-80</alarm>
        <overallStatus>gray</overallStatus>
        <time>2023-04-19T14:12:10.105339Z</time>
        <acknowledged>false</acknowledged>
      </AlarmState>
      <AlarmState>
        <key>alarm-84.datastore-1002</key>
        <entity type="Datastore">datastore-1002</entity>
        <alarm type="Alarm">alarm-84</alarm>
        <overallStatus>gray</overallStatus>
        <time>2023-04-19T14:12:10.105339Z</time>
        <acknowledged>false</acknowledged>
      </AlarmState>
    </val>
  </propSet>
  <propSet>
    <name>disabledMethod</name>
    <val xmlns:XMLSchema-instance="http://www.w3.org/2001/XMLSchema-instance" XMLSchema-instance:type="ArrayOfString">
      <string>DatastoreExitMaintenanceMode_Task</string>
    </val>
  </propSet>
  <propSet>
    <name>effectiveRole</name>
    <val xmlns:XMLSchema-instance="http://www.w3.org/2001/XMLSchema-instance" XMLSchema-instance:type="ArrayOfInt">
      <int>-1</int>
    </val>
  </propSet>
  <propSet>
    <name>host</name>
    <val xmlns:XMLSchema-instance="http://www.w3.org/2001/XMLSchema-instance" XMLSchema-instance:type="ArrayOfDatastoreHostMount">
      <DatastoreHostMount>
        <key type="HostSystem">host-10</key>
        <mountInfo>
          <path>/vmfs/volumes/6207fb24-aa326351-b107-000c293c7ab3</path>
          <accessMode>readWrite</accessMode>
          <mounted>true</mounted>
          <accessible>true</accessible>
        </mountInfo>
      </DatastoreHostMount>
    </val>
  </propSet>
  <propSet>
    <name>info</name>
    <val xmlns:XMLSchema-instance="http://www.w3.org/2001/XMLSchema-instance" XMLSchema-instance:type="VmfsDatastoreInfo">
      <name>Data2</name>
      <url>ds:///vmfs/volumes/6207fb24-aa326351-b107-000c293c7ab3/</url>
      <freeSpace>105595797504</freeSpace>
      <maxFileSize>70368744177664</maxFileSize>
      <maxVirtualDiskCapacity>68169720922112</maxVirtualDiskCapacity>
      <maxMemoryFileSize>70368744177664</maxMemoryFileSize>
      <timestamp>2023-04-19T14:13:00.587795Z</timestamp>
      <maxPhysicalRDMFileSize>70368744177664</maxPhysicalRDMFileSize>
      <maxVirtualRDMFileSize>68169720922112</maxVirtualRDMFileSize>
      <vmfs>
        <type>VMFS</type>
        <name>Data2</name>
        <capacity>107105746944</capacity>
        <blockSizeMb>1</blockSizeMb>
        <blockSize>1024</blockSize>
        <unmapGranularity>1024</unmapGranularity>
        <unmapPriority>low</unmapPriority>
        <maxBlocks>63963136</maxBlocks>
        <majorVersion>6</majorVersion>
        <version>6.82</version>
        <uuid>6207fb24-aa326351-b107-000c293c7ab3</uuid>
        <extent>
          <diskName>mpx.vmhba0:C0:T1:L0</diskName>
          <partition>1</partition>
        </extent>
        <vmfsUpgradable>false</vmfsUpgradable>
        <ssd>true</ssd>
        <local>true</local>
      </vmfs>
    </val>
  </propSet>
  <propSet>
    <name>iormConfiguration</name>
    <val xmlns:XMLSchema-instance="http://www.w3.org/2001/XMLSchema-instance" XMLSchema-instance:type="StorageIORMInfo">
      <enabled>false</enabled>
      <congestionThresholdMode>automatic</congestionThresholdMode>
      <congestionThreshold>30</congestionThreshold>
      <percentOfPeakThroughput>90</percentOfPeakThroughput>
      <statsCollectionEnabled>false</statsCollectionEnabled>
      <reservationEnabled>true</reservationEnabled>
      <statsAggregationDisabled>false</statsAggregationDisabled>
    </val>
  </propSet>
  <propSet>
    <name>name</name>
    <val xmlns:XMLSchema-instance="http://www.w3.org/2001/XMLSchema-instance" XMLSchema-instance:type="xsd:string">Data2</val>
  </propSet>
  <propSet>
    <name>overallStatus</name>
    <val xmlns:XMLSchema-instance="http://www.w3.org/2001/XMLSchema-instance" XMLSchema-instance:type="ManagedEntityStatus">green</val>
  </propSet>
  <propSet>
    <name>parent</name>
    <val xmlns:XMLSchema-instance="http://www.w3.org/2001/XMLSchema-instance" XMLSchema-instance:type="ManagedObjectReference" type="Folder">group-s6</val>
  </propSet>
  <propSet>
    <name>permission</name>
    <val xmlns:XMLSchema-instance="http://www.w3.org/2001/XMLSchema-instance" XMLSchema-instance:type="ArrayOfPermission"></val>
  </propSet>
  <propSet>
    <name>recentTask</name>
    <val xmlns:XMLSchema-instance="http://www.w3.org/2001/XMLSchema-instance" XMLSchema-instance:type="ArrayOfManagedObjectReference"></val>
  </propSet>
  <propSet>
    <name>summary</name>
    <val xmlns:XMLSchema-instance="http://www.w3.org/2001/XMLSchema-instance" XMLSchema-instance:type="DatastoreSummary">
      <datastore type="Datastore">datastore-1002</datastore>
      <name>Data2</name>
      <url>ds:///vmfs/volumes/6207fb24-aa326351-b107-000c293c7ab3/</url>
      <capacity>107105746944</capacity>
      <freeSpace>105595797504</freeSpace>
      <accessible>true</accessible>
      <multipleHostAccess>false</multipleHostAccess>
      <type>VMFS</type>
      <maintenanceMode>normal</maintenanceMode>
    </val>
  </propSet>
  <propSet>
    <name>tag</name>
    <val xmlns:XMLSchema-instance="http://www.w3.org/2001/XMLSchema-instance" XMLSchema-instance:type="ArrayOfTag"></val>
  </propSet>
  <propSet>
    <name>triggeredAlarmState</name>
    <val xmlns:XMLSchema-instance="http://www.w3.org/2001/XMLSchema-instance" XMLSchema-instance:type="ArrayOfAlarmState"></val>
  </propSet>
  <propSet>
    <name>value</name>
    <val xmlns:XMLSchema-instance="http://www.w3.org/2001/XMLSchema-instance" XMLSchema-instance:type="ArrayOfCustomFieldValue"></val>
  </propSet>
  <propSet>
    <name>vm</name>
    <val xmlns:XMLSchema-instance="http://www.w3.org/2001/XMLSchema-instance" XMLSchema-instance:type="ArrayOfManagedObjectReference"></val>
  </propSet>
</ObjectContent>