<ObjectContent>
  <obj type="ResourcePool">resgroup-9</obj>
  <propSet>
    <name>alarmActionsEnabled</name>
    <val xmlns:XMLSchema-instance="http://www.w3.org/2001/XMLSchema-instance" XMLSchema-instance:type="xsd:boolean">true</val>
  </propSet>
  <propSet>
    <name>availableField</name>
    <val xmlns:XMLSchema-instance="http://www.w3.org/2001/XMLSchema-instance" XMLSchema-instance:type="ArrayOfCustomFieldDef"></val>
  </propSet>
  <propSet>
    <name>childConfiguration</name>
    <val xmlns:XMLSchema-instance="http://www.w3.org/2001/XMLSchema-instance" XMLSchema-instance:type="ArrayOfResourceConfigSpec">
      <ResourceConfigSpec>
        <entity type="VirtualMachine">vm-11003</entity>
        <cpuAllocation>
          <reservation>0</reservation>
          <expandableReservation>false</expandableReservation>
          <limit>0</limit>
          <shares>
            <shares>1000</shares>
            <level>normal</level>
          </shares>
        </cpuAllocation>
        <memoryAllocation>
          <reservation>0</reservation>
          <expandableReservation>false</expandableReservation>
          <limit>-1</limit>
          <shares>
            <shares>2560</shares>
            <level>normal</level>
          </shares>
        </memoryAllocation>
      </ResourceConfigSpec>
      <ResourceConfigSpec>
        <entity type="VirtualMachine">vm-13</entity>
        <cpuAllocation>
          <reservation>0</reservation>
          <limit>-1</limit>
          <shares>
            <shares>4000</shares>
            <level>normal</level>
          </shares>
        </cpuAllocation>
        <memoryAllocation>
          <reservation>0</reservation>
          <limit>-1</limit>
          <shares>
            <shares>194560</shares>
            <level>normal</level>
          </shares>
        </memoryAllocation>
      </ResourceConfigSpec>
      <ResourceConfigSpec>
        <entity type="VirtualMachine">vm-18</entity>
        <cpuAllocation>
          <reservation>0</reservation>
          <expandableReservation>false</expandableReservation>
          <limit>-1</limit>
          <shares>
            <shares>1000</shares>
            <level>normal</level>
          </shares>
        </cpuAllocation>
        <memoryAllocation>
          <reservation>0</reservation>
          <expandableReservation>false</expandableReservation>
          <limit>-1</limit>
          <shares>
            <shares>10240</shares>
            <level>normal</level>
          </shares>
        </memoryAllocation>
      </ResourceConfigSpec>
      <ResourceConfigSpec>
        <entity type="VirtualMachine">vm-11004</entity>
        <cpuAllocation>
          <reservation>0</reservation>
          <expandableReservation>false</expandableReservation>
          <limit>-1</limit>
          <shares>
            <shares>1000</shares>
            <level>normal</level>
          </shares>
        </cpuAllocation>
        <memoryAllocation>
          <reservation>0</reservation>
          <expandableReservation>false</expandableReservation>
          <limit>-1</limit>
          <shares>
            <shares>2560</shares>
            <level>normal</level>
          </shares>
        </memoryAllocation>
      </ResourceConfigSpec>
      <ResourceConfigSpec>
        <entity type="VirtualMachine">vm-17</entity>
        <cpuAllocation>
          <reservation>0</reservation>
          <expandableReservation>false</expandableReservation>
          <limit>-1</limit>
          <shares>
            <shares>1000</shares>
            <level>normal</level>
          </shares>
        </cpuAllocation>
        <memoryAllocation>
          <reservation>0</reservation>
          <expandableReservation>false</expandableReservation>
          <limit>-1</limit>
          <shares>
            <shares>10240</shares>
            <level>normal</level>
          </shares>
        </memoryAllocation>
      </ResourceConfigSpec>
    </val>
  </propSet>
  <propSet>
    <name>config</name>
    <val xmlns:XMLSchema-instance="http://www.w3.org/2001/XMLSchema-instance" XMLSchema-instance:type="ResourceConfigSpec">
      <entity type="ResourcePool">resgroup-9</entity>
      <cpuAllocation>
        <reservation>16272</reservation>
        <expandableReservation>true</expandableReservation>
        <limit>16272</limit>
        <shares>
          <shares>4000</shares>
          <level>normal</level>
        </shares>
      </cpuAllocation>
      <memoryAllocation>
        <reservation>20061</reservation>
        <expandableReservation>true</expandableReservation>
        <limit>20061</limit>
        <shares>
          <shares>163840</shares>
          <level>normal</level>
        </shares>
      </memoryAllocation>
    </val>
  </propSet>
  <propSet>
    <name>configIssue</name>
    <val xmlns:XMLSchema-instance="http://www.w3.org/2001/XMLSchema-instance" XMLSchema-instance:type="ArrayOfEvent"></val>
  </propSet>
  <propSet>
    <name>configStatus</name>
    <val xmlns:XMLSchema-instance="http://www.w3.org/2001/XMLSchema-instance" XMLSchema-instance:type="ManagedEntityStatus">green</val>
  </propSet>
  <propSet>
    <name>customValue</name>
    <val xmlns:XMLSchema-instance="http://www.w3.org/2001/XMLSchema-instance" XMLSchema-instance:type="ArrayOfCustomFieldValue"></val>
  </propSet>
  <propSet>
    <name>declaredAlarmState</name>
    <val xmlns:XMLSchema-instance="http://www.w3.org/2001/XMLSchema-instance" XMLSchema-instance:type="ArrayOfAlarmState">
      <AlarmState>
        <key>alarm-10.resgroup-9</key>
        <entity type="ResourcePool">resgroup-9</entity>
        <alarm type="Alarm">alarm-10</alarm>
        <overallStatus>gray</overallStatus>
        <time>2023-04-19T14:12:10.105339Z</time>
        <acknowledged>false</acknowledged>
      </AlarmState>
      <AlarmState>
        <key>alarm-112.resgroup-9</key>
        <entity type="ResourcePool">resgroup-9</entity>
        <alarm type="Alarm">alarm-112</alarm>
        <overallStatus>gray</overallStatus>
        <time>2023-04-19T14:12:10.105339Z</time>
        <acknowledged>false</acknowledged>
      </AlarmState>
      <AlarmState>
        <key>alarm-12.resgroup-9</key>
        <entity type="ResourcePool">resgroup-9</entity>
        <alarm type="Alarm">alarm-12</alarm>
        <overallStatus>gray</overallStatus>
        <time>2023-04-19T14:12:10.105339Z</time>
        <acknowledged>false</acknowledged>
      </AlarmState>
      <AlarmState>
        <key>alarm-128.resgroup-9</key>
        <entity type="ResourcePool">resgroup-9</entity>
        <alarm type="Alarm">alarm-128</alarm>
        <overallStatus>gray</overallStatus>
        <time>2023-04-19T14:12:10.105339Z</time>
        <acknowledged>false</acknowledged>
      </AlarmState>
      <AlarmState>
        <key>alarm-140.resgroup-9</key>
        <entity type="ResourcePool">resgroup-9</entity>
        <alarm type="Alarm">alarm-140</alarm>
        <overallStatus>gray</overallStatus>
        <time>2023-04-19T14:12:10.105339Z</time>
        <acknowledged>false</acknowledged>
      </AlarmState>
      <AlarmState>
        <key>alarm-143.resgroup-9</key>
        <entity type="ResourcePool">resgroup-9</entity>
        <alarm type="Alarm">alarm-143</alarm>
        <overallStatus>gray</overallStatus>
        <time>2023-04-19T14:12:10.105339Z</time>
        <acknowledged>false</acknowledged>
      </AlarmState>
      <AlarmState>
        <key>alarm-15.resgroup-9</key>
        <entity type="ResourcePool">resgroup-9</entity>
        <alarm type="Alarm">alarm-15</alarm>
        <overallStatus>gray</overallStatus>
        <time>2023-04-19T14:12:10.105339Z</time>
        <acknowledged>false</acknowledged>
      </AlarmState>
      <AlarmState>
        <key>alarm-19.resgroup-9</key>
        <entity type="ResourcePool">resgroup-9</entity>
        <alarm type="Alarm">alarm-19</alarm>
        <overallStatus>gray</overallStatus>
        <time>2023-04-19T14:12:10.105339Z</time>
        <acknowledged>false</acknowledged>
      </AlarmState>
      <AlarmState>
        <key>alarm-2.resgroup-9</key>
        <entity type="ResourcePool">resgroup-9</entity>
        <alarm type="Alarm">alarm-2</alarm>
        <overallStatus>gray</overallStatus>
        <time>2023-04-19T14:12:10.105339Z</time>
        <acknowledged>false</acknowledged>
      </AlarmState>
      <AlarmState>
        <key>alarm-38.resgroup-9</key>
        <entity type="ResourcePool">resgroup-9</entity>
        <alarm type="Alarm">alarm-38</alarm>
        <overallStatus>gray</overallStatus>
        <time>2023-04-19T14:12:10.105339Z</time>
        <acknowledged>false</acknowledged>
      </AlarmState>
      <AlarmState>
        <key>alarm-39.resgroup-9</key>
        <entity type="ResourcePool">resgroup-9</entity>
        <alarm type="Alarm">alarm-39</alarm>
        <overallStatus>gray</overallStatus>
        <time>2023-04-19T14:12:10.105339Z</time>
        <acknowledged>false</acknowledged>
      </AlarmState>
      <AlarmState>
        <key>alarm-40.resgroup-9</key>
        <entity type="ResourcePool">resgroup-9</entity>
        <alarm type="Alarm">alarm-40</alarm>
        <overallStatus>gray</overallStatus>
        <time>2023-04-19T14:12:10.105339Z</time>
        <acknowledged>false</acknowledged>
      </AlarmState>
      <AlarmState>
        <key>alarm-47.resgroup-9</key>
        <entity type="ResourcePool">resgroup-9</entity>
        <alarm type="Alarm">alarm-47</alarm>
        <overallStatus>gray</overallStatus>
        <time>2023-04-19T14:12:10.105339Z</time>
        <acknowledged>false</acknowledged>
      </AlarmState>
      <AlarmState>
        <key>alarm-5.resgroup-9</key>
        <entity type="ResourcePool">resgroup-9</entity>
        <alarm type="Alarm">alarm-5</alarm>
        <overallStatus>gray</overallStatus>
        <time>2023-04-19T14:12:10.105339Z</time>
        <acknowledged>false</acknowledged>
      </AlarmState>
      <AlarmState>
        <key>alarm-52.resgroup-9</key>
        <entity type="ResourcePool">resgroup-9</entity>
        <alarm type="Alarm">alarm-52</alarm>
        <overallStatus>gray</overallStatus>
        <time>2023-04-19T14:12:10.105339Z</time>
        <acknowledged>false</acknowledged>
      </AlarmState>
      <AlarmState>
        <key>alarm-54.resgroup-9</key>
        <entity type="ResourcePool">resgroup-9</entity>
        <alarm type="Alarm">alarm-54</alarm>
        <overallStatus>gray</overallStatus>
        <time>2023-04-19T14:12:10.105339Z</time>
        <acknowledged>false</acknowledged>
      </AlarmState>
      <AlarmState>
        <key>alarm-6.resgroup-9</key>
        <entity type="ResourcePool">resgroup-9</entity>
        <alarm type="Alarm">alarm-6</alarm>
        <overallStatus>gray</overallStatus>
        <time>2023-04-19T14:12:10.105339Z</time>
        <acknowledged>false</acknowledged>
      </AlarmState>
      <AlarmState>
        <key>alarm-81.resgroup-9</key>
        <entity type="ResourcePool">resgroup-9</entity>
        <alarm type="Alarm">alarm-81</alarm>
        <overallStatus>gray</overallStatus>
        <time>2023-04-19T14:12:10.105339Z</time>
        <acknowledged>false</acknowledged>
      </AlarmState>
      <AlarmState>
        <key>alarm-9.resgroup-9</key>
        <entity type="ResourcePool">resgroup-9</entity>
        <alarm type="Alarm">alarm-9</alarm>
        <overallStatus>gray</overallStatus>
        <time>2023-04-19T14:12:10.105339Z</time>
        <acknowledged>false</acknowledged>
      </AlarmState>
    </val>
  </propSet>
  <propSet>
    <name>disabledMethod</name>
    <val xmlns:XMLSchema-instance="http://www.w3.org/2001/XMLSchema-instance" XMLSchema-instance:type="ArrayOfString">
      <string>CreateChildVM_Task</string>
      <string>RegisterChildVM_Task</string>
    </val>
  </propSet>
  <propSet>
    <name>effectiveRole</name>
    <val xmlns:XMLSchema-instance="http://www.w3.org/2001/XMLSchema-instance" XMLSchema-instance:type="ArrayOfInt">
      <int>-1</int>
    </val>
  </propSet>
  <propSet>
    <name>name</name>
    <val xmlns:XMLSchema-instance="http://www.w3.org/2001/XMLSchema-instance" XMLSchema-instance:type="xsd:string">Resources</val>
  </propSet>
  <propSet>
    <name>overallStatus</name>
    <val xmlns:XMLSchema-instance="http://www.w3.org/2001/XMLSchema-instance" XMLSchema-instance:type="ManagedEntityStatus">green</val>
  </propSet>
  <propSet>
    <name>owner</name>
    <val xmlns:XMLSchema-instance="http://www.w3.org/2001/XMLSchema-instance" XMLSchema-instance:type="ManagedObjectReference" type="ComputeResource">domain-s8</val>
  </propSet>
  <propSet>
    <name>parent</name>
    <val xmlns:XMLSchema-instance="http://www.w3.org/2001/XMLSchema-instance" XMLSchema-instance:type="ManagedObjectReference" type="ComputeResource">domain-s8</val>
  </propSet>
  <propSet>
    <name>permission</name>
    <val xmlns:XMLSchema-instance="http://www.w3.org/2001/XMLSchema-instance" XMLSchema-instance:type="ArrayOfPermission"></val>
  </propSet>
  <propSet>
    <name>recentTask</name>
    <val xmlns:XMLSchema-instance="http://www.w3.org/2001/XMLSchema-instance" XMLSchema-instance:type="ArrayOfManagedObjectReference"></val>
  </propSet>
  <propSet>
    <name>resourcePool</name>
    <val xmlns:XMLSchema-instance="http://www.w3.org/2001/XMLSchema-instance" XMLSchema-instance:type="ArrayOfManagedObjectReference"></val>
  </propSet>
  <propSet>
    <name>runtime</name>
    <val xmlns:XMLSchema-instance="http://www.w3.org/2001/XMLSchema-instance" XMLSchema-instance:type="ResourcePoolRuntimeInfo">
      <memory>
        <reservationUsed>338690048</reservationUsed>
        <reservationUsedForVm>338690048</reservationUsedForVm>
        <unreservedForPool>20699938816</unreservedForPool>
        <unreservedForVm>20699938816</unreservedForVm>
        <overallUsage>21038628864</overallUsage>
        <maxUsage>21038628864</maxUsage>
      </memory>
      <cpu>
        <reservationUsed>0</reservationUsed>
        <reservationUsedForVm>0</reservationUsedForVm>
        <unreservedForPool>16272</unreservedForPool>
        <unreservedForVm>16272</unreservedForVm>
        <overallUsage>8712</overallUsage>
        <maxUsage>16272</maxUsage>
      </cpu>
      <overallStatus>green</overallStatus>
      <sharesScalable>disabled</sharesScalable>
    </val>
  </propSet>
  <propSet>
    <name>summary</name>
    <val xmlns:XMLSchema-instance="http://www.w3.org/2001/XMLSchema-instance" XMLSchema-instance:type="ResourcePoolSummary">
      <name>Resources</name>
      <config>
        <entity type="ResourcePool">resgroup-9</entity>
        <cpuAllocation>
          <reservation>16272</reservation>
          <expandableReservation>true</expandableReservation>
          <limit>16272</limit>
          <shares>
            <shares>4000</shares>
            <level>normal</level>
          </shares>
        </cpuAllocation>
        <memoryAllocation>
          <reservation>20061</reservation>
          <expandableReservation>true</expandableReservation>
          <limit>20061</limit>
          <shares>
            <shares>163840</shares>
            <level>normal</level>
          </shares>
        </memoryAllocation>
      </config>
      <runtime>
        <memory>
          <reservationUsed>338690048</reservationUsed>
          <reservationUsedForVm>338690048</reservationUsedForVm>
          <unreservedForPool>20699938816</unreservedForPool>
          <unreservedForVm>20699938816</unreservedForVm>
          <overallUsage>21038628864</overallUsage>
          <maxUsage>21038628864</maxUsage>
        </memory>
        <cpu>
          <reservationUsed>0</reservationUsed>
          <reservationUsedForVm>0</reservationUsedForVm>
          <unreservedForPool>16272</unreservedForPool>
          <unreservedForVm>16272</unreservedForVm>
          <overallUsage>8712</overallUsage>
          <maxUsage>16272</maxUsage>
        </cpu>
        <overallStatus>green</overallStatus>
        <sharesScalable>disabled</sharesScalable>
      </runtime>
      <quickStats>
        <overallCpuUsage>8712</overallCpuUsage>
        <overallCpuDemand>9048</overallCpuDemand>
        <guestMemoryUsage>2542</guestMemoryUsage>
        <hostMemoryUsage>21235</hostMemoryUsage>
        <privateMemory>19898</privateMemory>
        <sharedMemory>4128</sharedMemory>
        <swappedMemory>25</swappedMemory>
        <overheadMemory>323</overheadMemory>
        <consumedOverheadMemory>271</consumedOverheadMemory>
        <compressedMemory>11856</compressedMemory>
      </quickStats>
      <configuredMemoryMB>24064</configuredMemoryMB>
    </val>
  </propSet>
  <propSet>
    <name>tag</name>
    <val xmlns:XMLSchema-instance="http://www.w3.org/2001/XMLSchema-instance" XMLSchema-instance:type="ArrayOfTag"></val>
  </propSet>
  <propSet>
    <name>triggeredAlarmState</name>
    <val xmlns:XMLSchema-instance="http://www.w3.org/2001/XMLSchema-instance" XMLSchema-instance:type="ArrayOfAlarmState">
      <AlarmState>
        <key>alarm-5.vm-11004</key>
        <entity type="VirtualMachine">vm-11004</entity>
        <alarm type="Alarm">alarm-5</alarm>
        <overallStatus>red</overallStatus>
        <time>2023-05-09T12:14:03.526735Z</time>
        <acknowledged>false</acknowledged>
      </AlarmState>
    </val>
  </propSet>
  <propSet>
    <name>value</name>
    <val xmlns:XMLSchema-instance="http://www.w3.org/2001/XMLSchema-instance" XMLSchema-instance:type="ArrayOfCustomFieldValue"></val>
  </propSet>
  <propSet>
    <name>vm</name>
    <val xmlns:XMLSchema-instance="http://www.w3.org/2001/XMLSchema-instance" XMLSchema-instance:type="ArrayOfManagedObjectReference">
      <ManagedObjectReference type="VirtualMachine">vm-11003</ManagedObjectReference>
      <ManagedObjectReference type="VirtualMachine">vm-13</ManagedObjectReference>
      <ManagedObjectReference type="VirtualMachine">vm-18</ManagedObjectReference>
      <ManagedObjectReference type="VirtualMachine">vm-11004</ManagedObjectReference>
      <ManagedObjectReference type="VirtualMachine">vm-17</ManagedObjectReference>
    </val>
  </propSet>
</ObjectContent>