<ObjectContent>
  <obj type="Folder">group-v19</obj>
  <propSet>
    <name>alarmActionsEnabled</name>
    <val xmlns:XMLSchema-instance="http://www.w3.org/2001/XMLSchema-instance" XMLSchema-instance:type="xsd:boolean">true</val>
  </propSet>
  <propSet>
    <name>availableField</name>
    <val xmlns:XMLSchema-instance="http://www.w3.org/2001/XMLSchema-instance" XMLSchema-instance:type="ArrayOfCustomFieldDef"></val>
  </propSet>
  <propSet>
    <name>childEntity</name>
    <val xmlns:XMLSchema-instance="http://www.w3.org/2001/XMLSchema-instance" XMLSchema-instance:type="ArrayOfManagedObjectReference">
      <ManagedObjectReference type="VirtualMachine">vm-13</ManagedObjectReference>
    </val>
  </propSet>
  <propSet>
    <name>childType</name>
    <val xmlns:XMLSchema-instance="http://www.w3.org/2001/XMLSchema-instance" XMLSchema-instance:type="ArrayOfString">
      <string>Folder</string>
      <string>VirtualMachine</string>
      <string>VirtualApp</string>
    </val>
  </propSet>
  <propSet>
    <name>configIssue</name>
    <val xmlns:XMLSchema-instance="http://www.w3.org/2001/XMLSchema-instance" XMLSchema-instance:type="ArrayOfEvent"></val>
  </propSet>
  <propSet>
    <name>configStatus</name>
    <val xmlns:XMLSchema-instance="http://www.w3.org/2001/XMLSchema-instance" XMLSchema-instance:type="ManagedEntityStatus">gray</val>
  </propSet>
  <propSet>
    <name>customValue</name>
    <val xmlns:XMLSchema-instance="http://www.w3.org/2001/XMLSchema-instance" XMLSchema-instance:type="ArrayOfCustomFieldValue"></val>
  </propSet>
  <propSet>
    <name>declaredAlarmState</name>
    <val xmlns:XMLSchema-instance="http://www.w3.org/2001/XMLSchema-instance" XMLSchema-instance:type="ArrayOfAlarmState">
      <AlarmState>
        <key>alarm-10.group-v19</key>
        <entity type="Folder">group-v19</entity>
        <alarm type="Alarm">alarm-10</alarm>
        <overallStatus>gray</overallStatus>
        <time>2023-04-19T14:12:10.105339Z</time>
        <acknowledged>false</acknowledged>
      </AlarmState>
      <AlarmState>
        <key>alarm-112.group-v19</key>
        <entity type="Folder">group-v19</entity>
        <alarm type="Alarm">alarm-112</alarm>
        <overallStatus>gray</overallStatus>
        <time>2023-04-19T14:12:10.105339Z</time>
        <acknowledged>false</acknowledged>
      </AlarmState>
      <AlarmState>
        <key>alarm-12.group-v19</key>
        <entity type="Folder">group-v19</entity>
        <alarm type="Alarm">alarm-12</alarm>
        <overallStatus>gray</overallStatus>
        <time>2023-04-19T14:12:10.105339Z</time>
        <acknowledged>false</acknowledged>
      </AlarmState>
      <AlarmState>
        <key>alarm-128.group-v19</key>
        <entity type="Folder">group-v19</entity>
        <alarm type="Alarm">alarm-128</alarm>
        <overallStatus>gray</overallStatus>
        <time>2023-04-19T14:12:10.105339Z</time>
        <acknowledged>false</acknowledged>
      </AlarmState>
      <AlarmState>
        <key>alarm-140.group-v19</key>
        <entity type="Folder">group-v19</entity>
        <alarm type="Alarm">alarm-140</alarm>
        <overallStatus>gray</overallStatus>
        <time>2023-04-19T14:12:10.105339Z</time>
        <acknowledged>false</acknowledged>
      </AlarmState>
      <AlarmState>
        <key>alarm-143.group-v19</key>
        <entity type="Folder">group-v19</entity>
        <alarm type="Alarm">alarm-143</alarm>
        <overallStatus>gray</overallStatus>
        <time>2023-04-19T14:12:10.105339Z</time>
        <acknowledged>false</acknowledged>
      </AlarmState>
      <AlarmState>
        <key>alarm-15.group-v19</key>
        <entity type="Folder">group-v19</entity>
        <alarm type="Alarm">alarm-15</alarm>
        <overallStatus>gray</overallStatus>
        <time>2023-04-19T14:12:10.105339Z</time>
        <acknowledged>false</acknowledged>
      </AlarmState>
      <AlarmState>
        <key>alarm-19.group-v19</key>
        <entity type="Folder">group-v19</entity>
        <alarm type="Alarm">alarm-19</alarm>
        <overallStatus>gray</overallStatus>
        <time>2023-04-19T14:12:10.105339Z</time>
        <acknowledged>false</acknowledged>
      </AlarmState>
      <AlarmState>
        <key>alarm-2.group-v19</key>
        <entity type="Folder">group-v19</entity>
        <alarm type="Alarm">alarm-2</alarm>
        <overallStatus>gray</overallStatus>
        <time>2023-04-19T14:12:10.105339Z</time>
        <acknowledged>false</acknowledged>
      </AlarmState>
      <AlarmState>
        <key>alarm-38.group-v19</key>
        <entity type="Folder">group-v19</entity>
        <alarm type="Alarm">alarm-38</alarm>
        <overallStatus>gray</overallStatus>
        <time>2023-04-19T14:12:10.105339Z</time>
        <acknowledged>false</acknowledged>
      </AlarmState>
      <AlarmState>
        <key>alarm-39.group-v19</key>
        <entity type="Folder">group-v19</entity>
        <alarm type="Alarm">alarm-39</alarm>
        <overallStatus>gray</overallStatus>
        <time>2023-04-19T14:12:10.105339Z</time>
        <acknowledged>false</acknowledged>
      </AlarmState>
      <AlarmState>
        <key>alarm-40.group-v19</key>
        <entity type="Folder">group-v19</entity>
        <alarm type="Alarm">alarm-40</alarm>
        <overallStatus>gray</overallStatus>
        <time>2023-04-19T14:12:10.105339Z</time>
        <acknowledged>false</acknowledged>
      </AlarmState>
      <AlarmState>
        <key>alarm-47.group-v19</key>
        <entity type="Folder">group-v19</entity>
        <alarm type="Alarm">alarm-47</alarm>
        <overallStatus>gray</overallStatus>
        <time>2023-04-19T14:12:10.105339Z</time>
        <acknowledged>false</acknowledged>
      </AlarmState>
      <AlarmState>
        <key>alarm-5.group-v19</key>
        <entity type="Folder">group-v19</entity>
        <alarm type="Alarm">alarm-5</alarm>
        <overallStatus>gray</overallStatus>
        <time>2023-04-19T14:12:10.105339Z</time>
        <acknowledged>false</acknowledged>
      </AlarmState>
      <AlarmState>
        <key>alarm-52.group-v19</key>
        <entity type="Folder">group-v19</entity>
        <alarm type="Alarm">alarm-52</alarm>
        <overallStatus>gray</overallStatus>
        <time>2023-04-19T14:12:10.105339Z</time>
        <acknowledged>false</acknowledged>
      </AlarmState>
      <AlarmState>
        <key>alarm-54.group-v19</key>
        <entity type="Folder">group-v19</entity>
        <alarm type="Alarm">alarm-54</alarm>
        <overallStatus>gray</overallStatus>
        <time>2023-04-19T14:12:10.105339Z</time>
        <acknowledged>false</acknowledged>
      </AlarmState>
      <AlarmState>
        <key>alarm-6.group-v19</key>
        <entity type="Folder">group-v19</entity>
        <alarm type="Alarm">alarm-6</alarm>
        <overallStatus>gray</overallStatus>
        <time>2023-04-19T14:12:10.105339Z</time>
        <acknowledged>false</acknowledged>
      </AlarmState>
      <AlarmState>
        <key>alarm-81.group-v19</key>
        <entity type="Folder">group-v19</entity>
        <alarm type="Alarm">alarm-81</alarm>
        <overallStatus>gray</overallStatus>
        <time>2023-04-19T14:12:10.105339Z</time>
        <acknowledged>false</acknowledged>
      </AlarmState>
      <AlarmState>
        <key>alarm-9.group-v19</key>
        <entity type="Folder">group-v19</entity>
        <alarm type="Alarm">alarm-9</alarm>
        <overallStatus>gray</overallStatus>
        <time>2023-04-19T14:12:10.105339Z</time>
        <acknowledged>false</acknowledged>
      </AlarmState>
    </val>
  </propSet>
  <propSet>
    <name>disabledMethod</name>
    <val xmlns:XMLSchema-instance="http://www.w3.org/2001/XMLSchema-instance" XMLSchema-instance:type="ArrayOfString"></val>
  </propSet>
  <propSet>
    <name>effectiveRole</name>
    <val xmlns:XMLSchema-instance="http://www.w3.org/2001/XMLSchema-instance" XMLSchema-instance:type="ArrayOfInt">
      <int>-1</int>
    </val>
  </propSet>
  <propSet>
    <name>name</name>
    <val xmlns:XMLSchema-instance="http://www.w3.org/2001/XMLSchema-instance" XMLSchema-instance:type="xsd:string">SYSTEM</val>
  </propSet>
  <propSet>
    <name>overallStatus</name>
    <val xmlns:XMLSchema-instance="http://www.w3.org/2001/XMLSchema-instance" XMLSchema-instance:type="ManagedEntityStatus">gray</val>
  </propSet>
  <propSet>
    <name>parent</name>
    <val xmlns:XMLSchema-instance="http://www.w3.org/2001/XMLSchema-instance" XMLSchema-instance:type="ManagedObjectReference" type="Folder">group-v4</val>
  </propSet>
  <propSet>
    <name>permission</name>
    <val xmlns:XMLSchema-instance="http://www.w3.org/2001/XMLSchema-instance" XMLSchema-instance:type="ArrayOfPermission"></val>
  </propSet>
  <propSet>
    <name>recentTask</name>
    <val xmlns:XMLSchema-instance="http://www.w3.org/2001/XMLSchema-instance" XMLSchema-instance:type="ArrayOfManagedObjectReference"></val>
  </propSet>
  <propSet>
    <name>tag</name>
    <val xmlns:XMLSchema-instance="http://www.w3.org/2001/XMLSchema-instance" XMLSchema-instance:type="ArrayOfTag"></val>
  </propSet>
  <propSet>
    <name>triggeredAlarmState</name>
    <val xmlns:XMLSchema-instance="http://www.w3.org/2001/XMLSchema-instance" XMLSchema-instance:type="ArrayOfAlarmState"></val>
  </propSet>
  <propSet>
    <name>value</name>
    <val xmlns:XMLSchema-instance="http://www.w3.org/2001/XMLSchema-instance" XMLSchema-instance:type="ArrayOfCustomFieldValue"></val>
  </propSet>
</ObjectContent>