<ObjectContent>
  <obj type="Folder">group-h22</obj>
  <propSet>
    <name>alarmActionsEnabled</name>
    <val xmlns:XMLSchema-instance="http://www.w3.org/2001/XMLSchema-instance" XMLSchema-instance:type="xsd:boolean">true</val>
  </propSet>
  <propSet>
    <name>availableField</name>
    <val xmlns:XMLSchema-instance="http://www.w3.org/2001/XMLSchema-instance" XMLSchema-instance:type="ArrayOfCustomFieldDef"></val>
  </propSet>
  <propSet>
    <name>childEntity</name>
    <val xmlns:XMLSchema-instance="http://www.w3.org/2001/XMLSchema-instance" XMLSchema-instance:type="ArrayOfManagedObjectReference">
      <ManagedObjectReference type="ClusterComputeResource">domain-c25</ManagedObjectReference>
    </val>
  </propSet>
  <propSet>
    <name>childType</name>
    <val xmlns:XMLSchema-instance="http://www.w3.org/2001/XMLSchema-instance" XMLSchema-instance:type="ArrayOfString">
      <string>Folder</string>
      <string>ComputeResource</string>
    </val>
  </propSet>
  <propSet>
    <name>configIssue</name>
    <val xmlns:XMLSchema-instance="http://www.w3.org/2001/XMLSchema-instance" XMLSchema-instance:type="ArrayOfEvent"></val>
  </propSet>
  <propSet>
    <name>configStatus</name>
    <val xmlns:XMLSchema-instance="http://www.w3.org/2001/XMLSchema-instance" XMLSchema-instance:type="ManagedEntityStatus">gray</val>
  </propSet>
  <propSet>
    <name>customValue</name>
    <val xmlns:XMLSchema-instance="http://www.w3.org/2001/XMLSchema-instance" XMLSchema-instance:type="ArrayOfCustomFieldValue"></val>
  </propSet>
  <propSet>
    <name>declaredAlarmState</name>
    <val xmlns:XMLSchema-instance="http://www.w3.org/2001/XMLSchema-instance" XMLSchema-instance:type="ArrayOfAlarmState">
      <AlarmState>
        <key>alarm-1.group-h22</key>
        <entity type="Folder">group-h22</entity>
        <alarm type="Alarm">alarm-1</alarm>
        <overallStatus>gray</overallStatus>
        <time>2023-04-19T14:12:10.105339Z</time>
        <acknowledged>false</acknowledged>
      </AlarmState>
      <AlarmState>
        <key>alarm-10.group-h22</key>
        <entity type="Folder">group-h22</entity>
        <alarm type="Alarm">alarm-10</alarm>
        <overallStatus>gray</overallStatus>
        <time>2023-04-19T14:12:10.105339Z</time>
        <acknowledged>false</acknowledged>
      </AlarmState>
      <AlarmState>
        <key>alarm-108.group-h22</key>
        <entity type="Folder">group-h22</entity>
        <alarm type="Alarm">alarm-108</alarm>
        <overallStatus>gray</overallStatus>
        <time>2023-04-19T14:12:10.105339Z</time>
        <acknowledged>false</acknowledged>
      </AlarmState>
      <AlarmState>
        <key>alarm-11.group-h22</key>
        <entity type="Folder">group-h22</entity>
        <alarm type="Alarm">alarm-11</alarm>
        <overallStatus>gray</overallStatus>
        <time>2023-04-19T14:12:10.105339Z</time>
        <acknowledged>false</acknowledged>
      </AlarmState>
      <AlarmState>
        <key>alarm-112.group-h22</key>
        <entity type="Folder">group-h22</entity>
        <alarm type="Alarm">alarm-112</alarm>
        <overallStatus>gray</overallStatus>
        <time>2023-04-19T14:12:10.105339Z</time>
        <acknowledged>false</acknowledged>
      </AlarmState>
      <AlarmState>
        <key>alarm-113.group-h22</key>
        <entity type="Folder">group-h22</entity>
        <alarm type="Alarm">alarm-113</alarm>
        <overallStatus>gray</overallStatus>
        <time>2023-04-19T14:12:10.105339Z</time>
        <acknowledged>false</acknowledged>
      </AlarmState>
      <AlarmState>
        <key>alarm-114.group-h22</key>
        <entity type="Folder">group-h22</entity>
        <alarm type="Alarm">alarm-114</alarm>
        <overallStatus>gray</overallStatus>
        <time>2023-04-19T14:12:10.105339Z</time>
        <acknowledged>false</acknowledged>
      </AlarmState>
      <AlarmState>
        <key>alarm-115.group-h22</key>
        <entity type="Folder">group-h22</entity>
        <alarm type="Alarm">alarm-115</alarm>
        <overallStatus>gray</overallStatus>
        <time>2023-04-19T14:12:10.105339Z</time>
        <acknowledged>false</acknowledged>
      </AlarmState>
      <AlarmState>
        <key>alarm-116.group-h22</key>
        <entity type="Folder">group-h22</entity>
        <alarm type="Alarm">alarm-116</alarm>
        <overallStatus>gray</overallStatus>
        <time>2023-04-19T14:12:10.105339Z</time>
        <acknowledged>false</acknowledged>
      </AlarmState>
      <AlarmState>
        <key>alarm-117.group-h22</key>
        <entity type="Folder">group-h22</entity>
        <alarm type="Alarm">alarm-117</alarm>
        <overallStatus>gray</overallStatus>
        <time>2023-04-19T14:12:10.105339Z</time>
        <acknowledged>false</acknowledged>
      </AlarmState>
      <AlarmState>
        <key>alarm-118.group-h22</key>
        <entity type="Folder">group-h22</entity>
        <alarm type="Alarm">alarm-118</alarm>
        <overallStatus>gray</overallStatus>
        <time>2023-04-19T14:12:10.105339Z</time>
        <acknowledged>false</acknowledged>
      </AlarmState>
      <AlarmState>
        <key>alarm-119.group-h22</key>
        <entity type="Folder">group-h22</entity>
        <alarm type="Alarm">alarm-119</alarm>
        <overallStatus>gray</overallStatus>
        <time>2023-04-19T14:12:10.105339Z</time>
        <acknowledged>false</acknowledged>
      </AlarmState>
      <AlarmState>
        <key>alarm-12.group-h22</key>
        <entity type="Folder">group-h22</entity>
        <alarm type="Alarm">alarm-12</alarm>
        <overallStatus>gray</overallStatus>
        <time>2023-04-19T14:12:10.105339Z</time>
        <acknowledged>false</acknowledged>
      </AlarmState>
      <AlarmState>
        <key>alarm-120.group-h22</key>
        <entity type="Folder">group-h22</entity>
        <alarm type="Alarm">alarm-120</alarm>
        <overallStatus>gray</overallStatus>
        <time>2023-04-19T14:12:10.105339Z</time>
        <acknowledged>false</acknowledged>
      </AlarmState>
      <AlarmState>
        <key>alarm-121.group-h22</key>
        <entity type="Folder">group-h22</entity>
        <alarm type="Alarm">alarm-121</alarm>
        <overallStatus>gray</overallStatus>
        <time>2023-04-19T14:12:10.105339Z</time>
        <acknowledged>false</acknowledged>
      </AlarmState>
      <AlarmState>
        <key>alarm-122.group-h22</key>
        <entity type="Folder">group-h22</entity>
        <alarm type="Alarm">alarm-122</alarm>
        <overallStatus>gray</overallStatus>
        <time>2023-04-19T14:12:10.105339Z</time>
        <acknowledged>false</acknowledged>
      </AlarmState>
      <AlarmState>
        <key>alarm-123.group-h22</key>
        <entity type="Folder">group-h22</entity>
        <alarm type="Alarm">alarm-123</alarm>
        <overallStatus>gray</overallStatus>
        <time>2023-04-19T14:12:10.105339Z</time>
        <acknowledged>false</acknowledged>
      </AlarmState>
      <AlarmState>
        <key>alarm-124.group-h22</key>
        <entity type="Folder">group-h22</entity>
        <alarm type="Alarm">alarm-124</alarm>
        <overallStatus>gray</overallStatus>
        <time>2023-04-19T14:12:10.105339Z</time>
        <acknowledged>false</acknowledged>
      </AlarmState>
      <AlarmState>
        <key>alarm-128.group-h22</key>
        <entity type="Folder">group-h22</entity>
        <alarm type="Alarm">alarm-128</alarm>
        <overallStatus>gray</overallStatus>
        <time>2023-04-19T14:12:10.105339Z</time>
        <acknowledged>false</acknowledged>
      </AlarmState>
      <AlarmState>
        <key>alarm-129.group-h22</key>
        <entity type="Folder">group-h22</entity>
        <alarm type="Alarm">alarm-129</alarm>
        <overallStatus>gray</overallStatus>
        <time>2023-04-19T14:12:10.105339Z</time>
        <acknowledged>false</acknowledged>
      </AlarmState>
      <AlarmState>
        <key>alarm-13.group-h22</key>
        <entity type="Folder">group-h22</entity>
        <alarm type="Alarm">alarm-13</alarm>
        <overallStatus>gray</overallStatus>
        <time>2023-04-19T14:12:10.105339Z</time>
        <acknowledged>false</acknowledged>
      </AlarmState>
      <AlarmState>
        <key>alarm-130.group-h22</key>
        <entity type="Folder">group-h22</entity>
        <alarm type="Alarm">alarm-130</alarm>
        <overallStatus>gray</overallStatus>
        <time>2023-04-19T14:12:10.105339Z</time>
        <acknowledged>false</acknowledged>
      </AlarmState>
      <AlarmState>
        <key>alarm-131.group-h22</key>
        <entity type="Folder">group-h22</entity>
        <alarm type="Alarm">alarm-131</alarm>
        <overallStatus>gray</overallStatus>
        <time>2023-04-19T14:12:10.105339Z</time>
        <acknowledged>false</acknowledged>
      </AlarmState>
      <AlarmState>
        <key>alarm-134.group-h22</key>
        <entity type="Folder">group-h22</entity>
        <alarm type="Alarm">alarm-134</alarm>
        <overallStatus>gray</overallStatus>
        <time>2023-04-19T14:12:10.105339Z</time>
        <acknowledged>false</acknowledged>
      </AlarmState>
      <AlarmState>
        <key>alarm-135.group-h22</key>
        <entity type="Folder">group-h22</entity>
        <alarm type="Alarm">alarm-135</alarm>
        <overallStatus>gray</overallStatus>
        <time>2023-04-19T14:12:10.105339Z</time>
        <acknowledged>false</acknowledged>
      </AlarmState>
      <AlarmState>
        <key>alarm-137.group-h22</key>
        <entity type="Folder">group-h22</entity>
        <alarm type="Alarm">alarm-137</alarm>
        <overallStatus>gray</overallStatus>
        <time>2023-04-19T14:12:10.105339Z</time>
        <acknowledged>false</acknowledged>
      </AlarmState>
      <AlarmState>
        <key>alarm-138.group-h22</key>
        <entity type="Folder">group-h22</entity>
        <alarm type="Alarm">alarm-138</alarm>
        <overallStatus>gray</overallStatus>
        <time>2023-04-19T14:12:10.105339Z</time>
        <acknowledged>false</acknowledged>
      </AlarmState>
      <AlarmState>
        <key>alarm-139.group-h22</key>
        <entity type="Folder">group-h22</entity>
        <alarm type="Alarm">alarm-139</alarm>
        <overallStatus>gray</overallStatus>
        <time>2023-04-19T14:12:10.105339Z</time>
        <acknowledged>false</acknowledged>
      </AlarmState>
      <AlarmState>
        <key>alarm-14.group-h22</key>
        <entity type="Folder">group-h22</entity>
        <alarm type="Alarm">alarm-14</alarm>
        <overallStatus>gray</overallStatus>
        <time>2023-04-19T14:12:10.105339Z</time>
        <acknowledged>false</acknowledged>
      </AlarmState>
      <AlarmState>
        <key>alarm-140.group-h22</key>
        <entity type="Folder">group-h22</entity>
        <alarm type="Alarm">alarm-140</alarm>
        <overallStatus>gray</overallStatus>
        <time>2023-04-19T14:12:10.105339Z</time>
        <acknowledged>false</acknowledged>
      </AlarmState>
      <AlarmState>
        <key>alarm-142.group-h22</key>
        <entity type="Folder">group-h22</entity>
        <alarm type="Alarm">alarm-142</alarm>
        <overallStatus>gray</overallStatus>
        <time>2023-04-19T14:12:10.105339Z</time>
        <acknowledged>false</acknowledged>
      </AlarmState>
      <AlarmState>
        <key>alarm-143.group-h22</key>
        <entity type="Folder">group-h22</entity>
        <alarm type="Alarm">alarm-143</alarm>
        <overallStatus>gray</overallStatus>
        <time>2023-04-19T14:12:10.105339Z</time>
        <acknowledged>false</acknowledged>
      </AlarmState>
      <AlarmState>
        <key>alarm-15.group-h22</key>
        <entity type="Folder">group-h22</entity>
        <alarm type="Alarm">alarm-15</alarm>
        <overallStatus>gray</overallStatus>
        <time>2023-04-19T14:12:10.105339Z</time>
        <acknowledged>false</acknowledged>
      </AlarmState>
      <AlarmState>
        <key>alarm-16.group-h22</key>
        <entity type="Folder">group-h22</entity>
        <alarm type="Alarm">alarm-16</alarm>
        <overallStatus>gray</overallStatus>
        <time>2023-04-19T14:12:10.105339Z</time>
        <acknowledged>false</acknowledged>
      </AlarmState>
      <AlarmState>
        <key>alarm-162.group-h22</key>
        <entity type="Folder">group-h22</entity>
        <alarm type="Alarm">alarm-162</alarm>
        <overallStatus>gray</overallStatus>
        <time>2023-04-19T14:12:10.105339Z</time>
        <acknowledged>false</acknowledged>
      </AlarmState>
      <AlarmState>
        <key>alarm-163.group-h22</key>
        <entity type="Folder">group-h22</entity>
        <alarm type="Alarm">alarm-163</alarm>
        <overallStatus>gray</overallStatus>
        <time>2023-04-19T14:12:10.105339Z</time>
        <acknowledged>false</acknowledged>
      </AlarmState>
      <AlarmState>
        <key>alarm-164.group-h22</key>
        <entity type="Folder">group-h22</entity>
        <alarm type="Alarm">alarm-164</alarm>
        <overallStatus>gray</overallStatus>
        <time>2023-04-19T14:12:10.105339Z</time>
        <acknowledged>false</acknowledged>
      </AlarmState>
      <AlarmState>
        <key>alarm-165.group-h22</key>
        <entity type="Folder">group-h22</entity>
        <alarm type="Alarm">alarm-165</alarm>
        <overallStatus>gray</overallStatus>
        <time>2023-04-19T14:12:10.105339Z</time>
        <acknowledged>false</acknowledged>
      </AlarmState>
      <AlarmState>
        <key>alarm-166.group-h22</key>
        <entity type="Folder">group-h22</entity>
        <alarm type="Alarm">alarm-166</alarm>
        <overallStatus>gray</overallStatus>
        <time>2023-04-19T14:12:10.105339Z</time>
        <acknowledged>false</acknowledged>
      </AlarmState>
      <AlarmState>
        <key>alarm-167.group-h22</key>
        <entity type="Folder">group-h22</entity>
        <alarm type="Alarm">alarm-167</alarm>
        <overallStatus>gray</overallStatus>
        <time>2023-04-19T14:12:10.105339Z</time>
        <acknowledged>false</acknowledged>
      </AlarmState>
      <AlarmState>
        <key>alarm-168.group-h22</key>
        <entity type="Folder">group-h22</entity>
        <alarm type="Alarm">alarm-168</alarm>
        <overallStatus>gray</overallStatus>
        <time>2023-04-19T14:12:10.105339Z</time>
        <acknowledged>false</acknowledged>
      </AlarmState>
      <AlarmState>
        <key>alarm-169.group-h22</key>
        <entity type="Folder">group-h22</entity>
        <alarm type="Alarm">alarm-169</alarm>
        <overallStatus>gray</overallStatus>
        <time>2023-04-19T14:12:10.105339Z</time>
        <acknowledged>false</acknowledged>
      </AlarmState>
      <AlarmState>
        <key>alarm-17.group-h22</key>
        <entity type="Folder">group-h22</entity>
        <alarm type="Alarm">alarm-17</alarm>
        <overallStatus>gray</overallStatus>
        <time>2023-04-19T14:12:10.105339Z</time>
        <acknowledged>false</acknowledged>
      </AlarmState>
      <AlarmState>
        <key>alarm-170.group-h22</key>
        <entity type="Folder">group-h22</entity>
        <alarm type="Alarm">alarm-170</alarm>
        <overallStatus>gray</overallStatus>
        <time>2023-04-19T14:12:10.105339Z</time>
        <acknowledged>false</acknowledged>
      </AlarmState>
      <AlarmState>
        <key>alarm-171.group-h22</key>
        <entity type="Folder">group-h22</entity>
        <alarm type="Alarm">alarm-171</alarm>
        <overallStatus>gray</overallStatus>
        <time>2023-04-19T14:12:10.105339Z</time>
        <acknowledged>false</acknowledged>
      </AlarmState>
      <AlarmState>
        <key>alarm-172.group-h22</key>
        <entity type="Folder">group-h22</entity>
        <alarm type="Alarm">alarm-172</alarm>
        <overallStatus>gray</overallStatus>
        <time>2023-04-19T14:12:10.105339Z</time>
        <acknowledged>false</acknowledged>
      </AlarmState>
      <AlarmState>
        <key>alarm-173.group-h22</key>
        <entity type="Folder">group-h22</entity>
        <alarm type="Alarm">alarm-173</alarm>
        <overallStatus>gray</overallStatus>
        <time>2023-04-19T14:12:10.105339Z</time>
        <acknowledged>false</acknowledged>
      </AlarmState>
      <AlarmState>
        <key>alarm-174.group-h22</key>
        <entity type="Folder">group-h22</entity>
        <alarm type="Alarm">alarm-174</alarm>
        <overallStatus>gray</overallStatus>
        <time>2023-04-19T14:12:10.105339Z</time>
        <acknowledged>false</acknowledged>
      </AlarmState>
      <AlarmState>
        <key>alarm-175.group-h22</key>
        <entity type="Folder">group-h22</entity>
        <alarm type="Alarm">alarm-175</alarm>
        <overallStatus>gray</overallStatus>
        <time>2023-04-19T14:12:10.105339Z</time>
        <acknowledged>false</acknowledged>
      </AlarmState>
      <AlarmState>
        <key>alarm-176.group-h22</key>
        <entity type="Folder">group-h22</entity>
        <alarm type="Alarm">alarm-176</alarm>
        <overallStatus>gray</overallStatus>
        <time>2023-04-19T14:12:10.105339Z</time>
        <acknowledged>false</acknowledged>
      </AlarmState>
      <AlarmState>
        <key>alarm-177.group-h22</key>
        <entity type="Folder">group-h22</entity>
        <alarm type="Alarm">alarm-177</alarm>
        <overallStatus>gray</overallStatus>
        <time>2023-04-19T14:12:10.105339Z</time>
        <acknowledged>false</acknowledged>
      </AlarmState>
      <AlarmState>
        <key>alarm-178.group-h22</key>
        <entity type="Folder">group-h22</entity>
        <alarm type="Alarm">alarm-178</alarm>
        <overallStatus>gray</overallStatus>
        <time>2023-04-19T14:12:10.105339Z</time>
        <acknowledged>false</acknowledged>
      </AlarmState>
      <AlarmState>
        <key>alarm-179.group-h22</key>
        <entity type="Folder">group-h22</entity>
        <alarm type="Alarm">alarm-179</alarm>
        <overallStatus>gray</overallStatus>
        <time>2023-04-19T14:12:10.105339Z</time>
        <acknowledged>false</acknowledged>
      </AlarmState>
      <AlarmState>
        <key>alarm-180.group-h22</key>
        <entity type="Folder">group-h22</entity>
        <alarm type="Alarm">alarm-180</alarm>
        <overallStatus>gray</overallStatus>
        <time>2023-04-19T14:12:10.105339Z</time>
        <acknowledged>false</acknowledged>
      </AlarmState>
      <AlarmState>
        <key>alarm-181.group-h22</key>
        <entity type="Folder">group-h22</entity>
        <alarm type="Alarm">alarm-181</alarm>
        <overallStatus>gray</overallStatus>
        <time>2023-04-19T14:12:10.105339Z</time>
        <acknowledged>false</acknowledged>
      </AlarmState>
      <AlarmState>
        <key>alarm-182.group-h22</key>
        <entity type="Folder">group-h22</entity>
        <alarm type="Alarm">alarm-182</alarm>
        <overallStatus>gray</overallStatus>
        <time>2023-04-19T14:12:10.105339Z</time>
        <acknowledged>false</acknowledged>
      </AlarmState>
      <AlarmState>
        <key>alarm-183.group-h22</key>
        <entity type="Folder">group-h22</entity>
        <alarm type="Alarm">alarm-183</alarm>
        <overallStatus>gray</overallStatus>
        <time>2023-04-19T14:12:10.105339Z</time>
        <acknowledged>false</acknowledged>
      </AlarmState>
      <AlarmState>
        <key>alarm-184.group-h22</key>
        <entity type="Folder">group-h22</entity>
        <alarm type="Alarm">alarm-184</alarm>
        <overallStatus>gray</overallStatus>
        <time>2023-04-19T14:12:10.105339Z</time>
        <acknowledged>false</acknowledged>
      </AlarmState>
      <AlarmState>
        <key>alarm-185.group-h22</key>
        <entity type="Folder">group-h22</entity>
        <alarm type="Alarm">alarm-185</alarm>
        <overallStatus>gray</overallStatus>
        <time>2023-04-19T14:12:10.105339Z</time>
        <acknowledged>false</acknowledged>
      </AlarmState>
      <AlarmState>
        <key>alarm-186.group-h22</key>
        <entity type="Folder">group-h22</entity>
        <alarm type="Alarm">alarm-186</alarm>
        <overallStatus>gray</overallStatus>
        <time>2023-04-19T14:12:10.105339Z</time>
        <acknowledged>false</acknowledged>
      </AlarmState>
      <AlarmState>
        <key>alarm-187.group-h22</key>
        <entity type="Folder">group-h22</entity>
        <alarm type="Alarm">alarm-187</alarm>
        <overallStatus>gray</overallStatus>
        <time>2023-04-19T14:12:10.105339Z</time>
        <acknowledged>false</acknowledged>
      </AlarmState>
      <AlarmState>
        <key>alarm-188.group-h22</key>
        <entity type="Folder">group-h22</entity>
        <alarm type="Alarm">alarm-188</alarm>
        <overallStatus>gray</overallStatus>
        <time>2023-04-19T14:12:10.105339Z</time>
        <acknowledged>false</acknowledged>
      </AlarmState>
      <AlarmState>
        <key>alarm-189.group-h22</key>
        <entity type="Folder">group-h22</entity>
        <alarm type="Alarm">alarm-189</alarm>
        <overallStatus>gray</overallStatus>
        <time>2023-04-19T14:12:10.105339Z</time>
        <acknowledged>false</acknowledged>
      </AlarmState>
      <AlarmState>
        <key>alarm-19.group-h22</key>
        <entity type="Folder">group-h22</entity>
        <alarm type="Alarm">alarm-19</alarm>
        <overallStatus>gray</overallStatus>
        <time>2023-04-19T14:12:10.105339Z</time>
        <acknowledged>false</acknowledged>
      </AlarmState>
      <AlarmState>
        <key>alarm-190.group-h22</key>
        <entity type="Folder">group-h22</entity>
        <alarm type="Alarm">alarm-190</alarm>
        <overallStatus>gray</overallStatus>
        <time>2023-04-19T14:12:10.105339Z</time>
        <acknowledged>false</acknowledged>
      </AlarmState>
      <AlarmState>
        <key>alarm-191.group-h22</key>
        <entity type="Folder">group-h22</entity>
        <alarm type="Alarm">alarm-191</alarm>
        <overallStatus>gray</overallStatus>
        <time>2023-04-19T14:12:10.105339Z</time>
        <acknowledged>false</acknowledged>
      </AlarmState>
      <AlarmState>
        <key>alarm-192.group-h22</key>
        <entity type="Folder">group-h22</entity>
        <alarm type="Alarm">alarm-192</alarm>
        <overallStatus>gray</overallStatus>
        <time>2023-04-19T14:12:10.105339Z</time>
        <acknowledged>false</acknowledged>
      </AlarmState>
      <AlarmState>
        <key>alarm-193.group-h22</key>
        <entity type="Folder">group-h22</entity>
        <alarm type="Alarm">alarm-193</alarm>
        <overallStatus>gray</overallStatus>
        <time>2023-04-19T14:12:10.105339Z</time>
        <acknowledged>false</acknowledged>
      </AlarmState>
      <AlarmState>
        <key>alarm-194.group-h22</key>
        <entity type="Folder">group-h22</entity>
        <alarm type="Alarm">alarm-194</alarm>
        <overallStatus>gray</overallStatus>
        <time>2023-04-19T14:12:10.105339Z</time>
        <acknowledged>false</acknowledged>
      </AlarmState>
      <AlarmState>
        <key>alarm-195.group-h22</key>
        <entity type="Folder">group-h22</entity>
        <alarm type="Alarm">alarm-195</alarm>
        <overallStatus>gray</overallStatus>
        <time>2023-04-19T14:12:10.105339Z</time>
        <acknowledged>false</acknowledged>
      </AlarmState>
      <AlarmState>
        <key>alarm-196.group-h22</key>
        <entity type="Folder">group-h22</entity>
        <alarm type="Alarm">alarm-196</alarm>
        <overallStatus>gray</overallStatus>
        <time>2023-04-19T14:12:10.105339Z</time>
        <acknowledged>false</acknowledged>
      </AlarmState>
      <AlarmState>
        <key>alarm-197.group-h22</key>
        <entity type="Folder">group-h22</entity>
        <alarm type="Alarm">alarm-197</alarm>
        <overallStatus>gray</overallStatus>
        <time>2023-04-19T14:12:10.105339Z</time>
        <acknowledged>false</acknowledged>
      </AlarmState>
      <AlarmState>
        <key>alarm-198.group-h22</key>
        <entity type="Folder">group-h22</entity>
        <alarm type="Alarm">alarm-198</alarm>
        <overallStatus>gray</overallStatus>
        <time>2023-04-19T14:12:10.105339Z</time>
        <acknowledged>false</acknowledged>
      </AlarmState>
      <AlarmState>
        <key>alarm-199.group-h22</key>
        <entity type="Folder">group-h22</entity>
        <alarm type="Alarm">alarm-199</alarm>
        <overallStatus>gray</overallStatus>
        <time>2023-04-19T14:12:10.105339Z</time>
        <acknowledged>false</acknowledged>
      </AlarmState>
      <AlarmState>
        <key>alarm-2.group-h22</key>
        <entity type="Folder">group-h22</entity>
        <alarm type="Alarm">alarm-2</alarm>
        <overallStatus>gray</overallStatus>
        <time>2023-04-19T14:12:10.105339Z</time>
        <acknowledged>false</acknowledged>
      </AlarmState>
      <AlarmState>
        <key>alarm-20.group-h22</key>
        <entity type="Folder">group-h22</entity>
        <alarm type="Alarm">alarm-20</alarm>
        <overallStatus>gray</overallStatus>
        <time>2023-04-19T14:12:10.105339Z</time>
        <acknowledged>false</acknowledged>
      </AlarmState>
      <AlarmState>
        <key>alarm-200.group-h22</key>
        <entity type="Folder">group-h22</entity>
        <alarm type="Alarm">alarm-200</alarm>
        <overallStatus>gray</overallStatus>
        <time>2023-04-19T14:12:10.105339Z</time>
        <acknowledged>false</acknowledged>
      </AlarmState>
      <AlarmState>
        <key>alarm-201.group-h22</key>
        <entity type="Folder">group-h22</entity>
        <alarm type="Alarm">alarm-201</alarm>
        <overallStatus>gray</overallStatus>
        <time>2023-04-19T14:12:10.105339Z</time>
        <acknowledged>false</acknowledged>
      </AlarmState>
      <AlarmState>
        <key>alarm-202.group-h22</key>
        <entity type="Folder">group-h22</entity>
        <alarm type="Alarm">alarm-202</alarm>
        <overallStatus>gray</overallStatus>
        <time>2023-04-19T14:12:10.105339Z</time>
        <acknowledged>false</acknowledged>
      </AlarmState>
      <AlarmState>
        <key>alarm-203.group-h22</key>
        <entity type="Folder">group-h22</entity>
        <alarm type="Alarm">alarm-203</alarm>
        <overallStatus>gray</overallStatus>
        <time>2023-04-19T14:12:10.105339Z</time>
        <acknowledged>false</acknowledged>
      </AlarmState>
      <AlarmState>
        <key>alarm-204.group-h22</key>
        <entity type="Folder">group-h22</entity>
        <alarm type="Alarm">alarm-204</alarm>
        <overallStatus>gray</overallStatus>
        <time>2023-04-19T14:12:10.105339Z</time>
        <acknowledged>false</acknowledged>
      </AlarmState>
      <AlarmState>
        <key>alarm-205.group-h22</key>
        <entity type="Folder">group-h22</entity>
        <alarm type="Alarm">alarm-205</alarm>
        <overallStatus>gray</overallStatus>
        <time>2023-04-19T14:12:10.105339Z</time>
        <acknowledged>false</acknowledged>
      </AlarmState>
      <AlarmState>
        <key>alarm-206.group-h22</key>
        <entity type="Folder">group-h22</entity>
        <alarm type="Alarm">alarm-206</alarm>
        <overallStatus>gray</overallStatus>
        <time>2023-04-19T14:12:10.105339Z</time>
        <acknowledged>false</acknowledged>
      </AlarmState>
      <AlarmState>
        <key>alarm-207.group-h22</key>
        <entity type="Folder">group-h22</entity>
        <alarm type="Alarm">alarm-207</alarm>
        <overallStatus>gray</overallStatus>
        <time>2023-04-19T14:12:10.105339Z</time>
        <acknowledged>false</acknowledged>
      </AlarmState>
      <AlarmState>
        <key>alarm-208.group-h22</key>
        <entity type="Folder">group-h22</entity>
        <alarm type="Alarm">alarm-208</alarm>
        <overallStatus>gray</overallStatus>
        <time>2023-04-19T14:12:10.105339Z</time>
        <acknowledged>false</acknowledged>
      </AlarmState>
      <AlarmState>
        <key>alarm-209.group-h22</key>
        <entity type="Folder">group-h22</entity>
        <alarm type="Alarm">alarm-209</alarm>
        <overallStatus>gray</overallStatus>
        <time>2023-04-19T14:12:10.105339Z</time>
        <acknowledged>false</acknowledged>
      </AlarmState>
      <AlarmState>
        <key>alarm-21.group-h22</key>
        <entity type="Folder">group-h22</entity>
        <alarm type="Alarm">alarm-21</alarm>
        <overallStatus>gray</overallStatus>
        <time>2023-04-19T14:12:10.105339Z</time>
        <acknowledged>false</acknowledged>
      </AlarmState>
      <AlarmState>
        <key>alarm-210.group-h22</key>
        <entity type="Folder">group-h22</entity>
        <alarm type="Alarm">alarm-210</alarm>
        <overallStatus>gray</overallStatus>
        <time>2023-04-19T14:12:10.105339Z</time>
        <acknowledged>false</acknowledged>
      </AlarmState>
      <AlarmState>
        <key>alarm-211.group-h22</key>
        <entity type="Folder">group-h22</entity>
        <alarm type="Alarm">alarm-211</alarm>
        <overallStatus>gray</overallStatus>
        <time>2023-04-19T14:12:10.105339Z</time>
        <acknowledged>false</acknowledged>
      </AlarmState>
      <AlarmState>
        <key>alarm-212.group-h22</key>
        <entity type="Folder">group-h22</entity>
        <alarm type="Alarm">alarm-212</alarm>
        <overallStatus>gray</overallStatus>
        <time>2023-04-19T14:12:10.105339Z</time>
        <acknowledged>false</acknowledged>
      </AlarmState>
      <AlarmState>
        <key>alarm-213.group-h22</key>
        <entity type="Folder">group-h22</entity>
        <alarm type="Alarm">alarm-213</alarm>
        <overallStatus>gray</overallStatus>
        <time>2023-04-19T14:12:10.105339Z</time>
        <acknowledged>false</acknowledged>
      </AlarmState>
      <AlarmState>
        <key>alarm-214.group-h22</key>
        <entity type="Folder">group-h22</entity>
        <alarm type="Alarm">alarm-214</alarm>
        <overallStatus>gray</overallStatus>
        <time>2023-04-19T14:12:10.105339Z</time>
        <acknowledged>false</acknowledged>
      </AlarmState>
      <AlarmState>
        <key>alarm-215.group-h22</key>
        <entity type="Folder">group-h22</entity>
        <alarm type="Alarm">alarm-215</alarm>
        <overallStatus>gray</overallStatus>
        <time>2023-04-19T14:12:10.105339Z</time>
        <acknowledged>false</acknowledged>
      </AlarmState>
      <AlarmState>
        <key>alarm-216.group-h22</key>
        <entity type="Folder">group-h22</entity>
        <alarm type="Alarm">alarm-216</alarm>
        <overallStatus>gray</overallStatus>
        <time>2023-04-19T14:12:10.105339Z</time>
        <acknowledged>false</acknowledged>
      </AlarmState>
      <AlarmState>
        <key>alarm-217.group-h22</key>
        <entity type="Folder">group-h22</entity>
        <alarm type="Alarm">alarm-217</alarm>
        <overallStatus>gray</overallStatus>
        <time>2023-04-19T14:12:10.105339Z</time>
        <acknowledged>false</acknowledged>
      </AlarmState>
      <AlarmState>
        <key>alarm-218.group-h22</key>
        <entity type="Folder">group-h22</entity>
        <alarm type="Alarm">alarm-218</alarm>
        <overallStatus>gray</overallStatus>
        <time>2023-04-19T14:12:10.105339Z</time>
        <acknowledged>false</acknowledged>
      </AlarmState>
      <AlarmState>
        <key>alarm-219.group-h22</key>
        <entity type="Folder">group-h22</entity>
        <alarm type="Alarm">alarm-219</alarm>
        <overallStatus>gray</overallStatus>
        <time>2023-04-19T14:12:10.105339Z</time>
        <acknowledged>false</acknowledged>
      </AlarmState>
      <AlarmState>
        <key>alarm-22.group-h22</key>
        <entity type="Folder">group-h22</entity>
        <alarm type="Alarm">alarm-22</alarm>
        <overallStatus>gray</overallStatus>
        <time>2023-04-19T14:12:10.105339Z</time>
        <acknowledged>false</acknowledged>
      </AlarmState>
      <AlarmState>
        <key>alarm-220.group-h22</key>
        <entity type="Folder">group-h22</entity>
        <alarm type="Alarm">alarm-220</alarm>
        <overallStatus>gray</overallStatus>
        <time>2023-04-19T14:12:10.105339Z</time>
        <acknowledged>false</acknowledged>
      </AlarmState>
      <AlarmState>
        <key>alarm-221.group-h22</key>
        <entity type="Folder">group-h22</entity>
        <alarm type="Alarm">alarm-221</alarm>
        <overallStatus>gray</overallStatus>
        <time>2023-04-19T14:12:10.105339Z</time>
        <acknowledged>false</acknowledged>
      </AlarmState>
      <AlarmState>
        <key>alarm-222.group-h22</key>
        <entity type="Folder">group-h22</entity>
        <alarm type="Alarm">alarm-222</alarm>
        <overallStatus>gray</overallStatus>
        <time>2023-04-19T14:12:10.105339Z</time>
        <acknowledged>false</acknowledged>
      </AlarmState>
      <AlarmState>
        <key>alarm-223.group-h22</key>
        <entity type="Folder">group-h22</entity>
        <alarm type="Alarm">alarm-223</alarm>
        <overallStatus>gray</overallStatus>
        <time>2023-04-19T14:12:10.105339Z</time>
        <acknowledged>false</acknowledged>
      </AlarmState>
      <AlarmState>
        <key>alarm-224.group-h22</key>
        <entity type="Folder">group-h22</entity>
        <alarm type="Alarm">alarm-224</alarm>
        <overallStatus>gray</overallStatus>
        <time>2023-04-19T14:12:10.105339Z</time>
        <acknowledged>false</acknowledged>
      </AlarmState>
      <AlarmState>
        <key>alarm-225.group-h22</key>
        <entity type="Folder">group-h22</entity>
        <alarm type="Alarm">alarm-225</alarm>
        <overallStatus>gray</overallStatus>
        <time>2023-04-19T14:12:10.105339Z</time>
        <acknowledged>false</acknowledged>
      </AlarmState>
      <AlarmState>
        <key>alarm-226.group-h22</key>
        <entity type="Folder">group-h22</entity>
        <alarm type="Alarm">alarm-226</alarm>
        <overallStatus>gray</overallStatus>
        <time>2023-04-19T14:12:10.105339Z</time>
        <acknowledged>false</acknowledged>
      </AlarmState>
      <AlarmState>
        <key>alarm-227.group-h22</key>
        <entity type="Folder">group-h22</entity>
        <alarm type="Alarm">alarm-227</alarm>
        <overallStatus>gray</overallStatus>
        <time>2023-04-19T14:12:10.105339Z</time>
        <acknowledged>false</acknowledged>
      </AlarmState>
      <AlarmState>
        <key>alarm-228.group-h22</key>
        <entity type="Folder">group-h22</entity>
        <alarm type="Alarm">alarm-228</alarm>
        <overallStatus>gray</overallStatus>
        <time>2023-04-19T14:12:10.105339Z</time>
        <acknowledged>false</acknowledged>
      </AlarmState>
      <AlarmState>
        <key>alarm-229.group-h22</key>
        <entity type="Folder">group-h22</entity>
        <alarm type="Alarm">alarm-229</alarm>
        <overallStatus>gray</overallStatus>
        <time>2023-04-19T14:12:10.105339Z</time>
        <acknowledged>false</acknowledged>
      </AlarmState>
      <AlarmState>
        <key>alarm-23.group-h22</key>
        <entity type="Folder">group-h22</entity>
        <alarm type="Alarm">alarm-23</alarm>
        <overallStatus>gray</overallStatus>
        <time>2023-04-19T14:12:10.105339Z</time>
        <acknowledged>false</acknowledged>
      </AlarmState>
      <AlarmState>
        <key>alarm-230.group-h22</key>
        <entity type="Folder">group-h22</entity>
        <alarm type="Alarm">alarm-230</alarm>
        <overallStatus>gray</overallStatus>
        <time>2023-04-19T14:12:10.105339Z</time>
        <acknowledged>false</acknowledged>
      </AlarmState>
      <AlarmState>
        <key>alarm-231.group-h22</key>
        <entity type="Folder">group-h22</entity>
        <alarm type="Alarm">alarm-231</alarm>
        <overallStatus>gray</overallStatus>
        <time>2023-04-19T14:12:10.105339Z</time>
        <acknowledged>false</acknowledged>
      </AlarmState>
      <AlarmState>
        <key>alarm-232.group-h22</key>
        <entity type="Folder">group-h22</entity>
        <alarm type="Alarm">alarm-232</alarm>
        <overallStatus>gray</overallStatus>
        <time>2023-04-19T14:12:10.105339Z</time>
        <acknowledged>false</acknowledged>
      </AlarmState>
      <AlarmState>
        <key>alarm-233.group-h22</key>
        <entity type="Folder">group-h22</entity>
        <alarm type="Alarm">alarm-233</alarm>
        <overallStatus>gray</overallStatus>
        <time>2023-04-19T14:12:10.105339Z</time>
        <acknowledged>false</acknowledged>
      </AlarmState>
      <AlarmState>
        <key>alarm-234.group-h22</key>
        <entity type="Folder">group-h22</entity>
        <alarm type="Alarm">alarm-234</alarm>
        <overallStatus>gray</overallStatus>
        <time>2023-04-19T14:12:10.105339Z</time>
        <acknowledged>false</acknowledged>
      </AlarmState>
      <AlarmState>
        <key>alarm-235.group-h22</key>
        <entity type="Folder">group-h22</entity>
        <alarm type="Alarm">alarm-235</alarm>
        <overallStatus>gray</overallStatus>
        <time>2023-04-19T14:12:10.105339Z</time>
        <acknowledged>false</acknowledged>
      </AlarmState>
      <AlarmState>
        <key>alarm-236.group-h22</key>
        <entity type="Folder">group-h22</entity>
        <alarm type="Alarm">alarm-236</alarm>
        <overallStatus>gray</overallStatus>
        <time>2023-04-19T14:12:10.105339Z</time>
        <acknowledged>false</acknowledged>
      </AlarmState>
      <AlarmState>
        <key>alarm-237.group-h22</key>
        <entity type="Folder">group-h22</entity>
        <alarm type="Alarm">alarm-237</alarm>
        <overallStatus>gray</overallStatus>
        <time>2023-04-19T14:12:10.105339Z</time>
        <acknowledged>false</acknowledged>
      </AlarmState>
      <AlarmState>
        <key>alarm-238.group-h22</key>
        <entity type="Folder">group-h22</entity>
        <alarm type="Alarm">alarm-238</alarm>
        <overallStatus>gray</overallStatus>
        <time>2023-04-19T14:12:10.105339Z</time>
        <acknowledged>false</acknowledged>
      </AlarmState>
      <AlarmState>
        <key>alarm-239.group-h22</key>
        <entity type="Folder">group-h22</entity>
        <alarm type="Alarm">alarm-239</alarm>
        <overallStatus>gray</overallStatus>
        <time>2023-04-19T14:12:10.105339Z</time>
        <acknowledged>false</acknowledged>
      </AlarmState>
      <AlarmState>
        <key>alarm-240.group-h22</key>
        <entity type="Folder">group-h22</entity>
        <alarm type="Alarm">alarm-240</alarm>
        <overallStatus>gray</overallStatus>
        <time>2023-04-19T14:12:10.105339Z</time>
        <acknowledged>false</acknowledged>
      </AlarmState>
      <AlarmState>
        <key>alarm-241.group-h22</key>
        <entity type="Folder">group-h22</entity>
        <alarm type="Alarm">alarm-241</alarm>
        <overallStatus>gray</overallStatus>
        <time>2023-04-19T14:12:10.105339Z</time>
        <acknowledged>false</acknowledged>
      </AlarmState>
      <AlarmState>
        <key>alarm-242.group-h22</key>
        <entity type="Folder">group-h22</entity>
        <alarm type="Alarm">alarm-242</alarm>
        <overallStatus>gray</overallStatus>
        <time>2023-04-19T14:12:10.105339Z</time>
        <acknowledged>false</acknowledged>
      </AlarmState>
      <AlarmState>
        <key>alarm-243.group-h22</key>
        <entity type="Folder">group-h22</entity>
        <alarm type="Alarm">alarm-243</alarm>
        <overallStatus>gray</overallStatus>
        <time>2023-04-19T14:12:10.105339Z</time>
        <acknowledged>false</acknowledged>
      </AlarmState>
      <AlarmState>
        <key>alarm-244.group-h22</key>
        <entity type="Folder">group-h22</entity>
        <alarm type="Alarm">alarm-244</alarm>
        <overallStatus>gray</overallStatus>
        <time>2023-04-19T14:12:10.105339Z</time>
        <acknowledged>false</acknowledged>
      </AlarmState>
      <AlarmState>
        <key>alarm-245.group-h22</key>
        <entity type="Folder">group-h22</entity>
        <alarm type="Alarm">alarm-245</alarm>
        <overallStatus>gray</overallStatus>
        <time>2023-04-19T14:12:10.105339Z</time>
        <acknowledged>false</acknowledged>
      </AlarmState>
      <AlarmState>
        <key>alarm-246.group-h22</key>
        <entity type="Folder">group-h22</entity>
        <alarm type="Alarm">alarm-246</alarm>
        <overallStatus>gray</overallStatus>
        <time>2023-04-19T14:12:10.105339Z</time>
        <acknowledged>false</acknowledged>
      </AlarmState>
      <AlarmState>
        <key>alarm-247.group-h22</key>
        <entity type="Folder">group-h22</entity>
        <alarm type="Alarm">alarm-247</alarm>
        <overallStatus>gray</overallStatus>
        <time>2023-04-19T14:12:10.105339Z</time>
        <acknowledged>false</acknowledged>
      </AlarmState>
      <AlarmState>
        <key>alarm-248.group-h22</key>
        <entity type="Folder">group-h22</entity>
        <alarm type="Alarm">alarm-248</alarm>
        <overallStatus>gray</overallStatus>
        <time>2023-04-19T14:12:10.105339Z</time>
        <acknowledged>false</acknowledged>
      </AlarmState>
      <AlarmState>
        <key>alarm-249.group-h22</key>
        <entity type="Folder">group-h22</entity>
        <alarm type="Alarm">alarm-249</alarm>
        <overallStatus>gray</overallStatus>
        <time>2023-04-19T14:12:10.105339Z</time>
        <acknowledged>false</acknowledged>
      </AlarmState>
      <AlarmState>
        <key>alarm-25.group-h22</key>
        <entity type="Folder">group-h22</entity>
        <alarm type="Alarm">alarm-25</alarm>
        <overallStatus>gray</overallStatus>
        <time>2023-04-19T14:12:10.105339Z</time>
        <acknowledged>false</acknowledged>
      </AlarmState>
      <AlarmState>
        <key>alarm-250.group-h22</key>
        <entity type="Folder">group-h22</entity>
        <alarm type="Alarm">alarm-250</alarm>
        <overallStatus>gray</overallStatus>
        <time>2023-04-19T14:12:10.105339Z</time>
        <acknowledged>false</acknowledged>
      </AlarmState>
      <AlarmState>
        <key>alarm-251.group-h22</key>
        <entity type="Folder">group-h22</entity>
        <alarm type="Alarm">alarm-251</alarm>
        <overallStatus>gray</overallStatus>
        <time>2023-04-19T14:12:10.105339Z</time>
        <acknowledged>false</acknowledged>
      </AlarmState>
      <AlarmState>
        <key>alarm-252.group-h22</key>
        <entity type="Folder">group-h22</entity>
        <alarm type="Alarm">alarm-252</alarm>
        <overallStatus>gray</overallStatus>
        <time>2023-04-19T14:12:10.105339Z</time>
        <acknowledged>false</acknowledged>
      </AlarmState>
      <AlarmState>
        <key>alarm-253.group-h22</key>
        <entity type="Folder">group-h22</entity>
        <alarm type="Alarm">alarm-253</alarm>
        <overallStatus>gray</overallStatus>
        <time>2023-04-19T14:12:10.105339Z</time>
        <acknowledged>false</acknowledged>
      </AlarmState>
      <AlarmState>
        <key>alarm-254.group-h22</key>
        <entity type="Folder">group-h22</entity>
        <alarm type="Alarm">alarm-254</alarm>
        <overallStatus>gray</overallStatus>
        <time>2023-04-19T14:12:10.105339Z</time>
        <acknowledged>false</acknowledged>
      </AlarmState>
      <AlarmState>
        <key>alarm-255.group-h22</key>
        <entity type="Folder">group-h22</entity>
        <alarm type="Alarm">alarm-255</alarm>
        <overallStatus>gray</overallStatus>
        <time>2023-04-19T14:12:10.105339Z</time>
        <acknowledged>false</acknowledged>
      </AlarmState>
      <AlarmState>
        <key>alarm-256.group-h22</key>
        <entity type="Folder">group-h22</entity>
        <alarm type="Alarm">alarm-256</alarm>
        <overallStatus>gray</overallStatus>
        <time>2023-04-19T14:12:10.105339Z</time>
        <acknowledged>false</acknowledged>
      </AlarmState>
      <AlarmState>
        <key>alarm-257.group-h22</key>
        <entity type="Folder">group-h22</entity>
        <alarm type="Alarm">alarm-257</alarm>
        <overallStatus>gray</overallStatus>
        <time>2023-04-19T14:12:10.105339Z</time>
        <acknowledged>false</acknowledged>
      </AlarmState>
      <AlarmState>
        <key>alarm-258.group-h22</key>
        <entity type="Folder">group-h22</entity>
        <alarm type="Alarm">alarm-258</alarm>
        <overallStatus>gray</overallStatus>
        <time>2023-04-19T14:12:10.105339Z</time>
        <acknowledged>false</acknowledged>
      </AlarmState>
      <AlarmState>
        <key>alarm-259.group-h22</key>
        <entity type="Folder">group-h22</entity>
        <alarm type="Alarm">alarm-259</alarm>
        <overallStatus>gray</overallStatus>
        <time>2023-04-19T14:12:10.105339Z</time>
        <acknowledged>false</acknowledged>
      </AlarmState>
      <AlarmState>
        <key>alarm-26.group-h22</key>
        <entity type="Folder">group-h22</entity>
        <alarm type="Alarm">alarm-26</alarm>
        <overallStatus>gray</overallStatus>
        <time>2023-04-19T14:12:10.105339Z</time>
        <acknowledged>false</acknowledged>
      </AlarmState>
      <AlarmState>
        <key>alarm-260.group-h22</key>
        <entity type="Folder">group-h22</entity>
        <alarm type="Alarm">alarm-260</alarm>
        <overallStatus>gray</overallStatus>
        <time>2023-04-19T14:12:10.105339Z</time>
        <acknowledged>false</acknowledged>
      </AlarmState>
      <AlarmState>
        <key>alarm-261.group-h22</key>
        <entity type="Folder">group-h22</entity>
        <alarm type="Alarm">alarm-261</alarm>
        <overallStatus>gray</overallStatus>
        <time>2023-04-19T14:12:10.105339Z</time>
        <acknowledged>false</acknowledged>
      </AlarmState>
      <AlarmState>
        <key>alarm-262.group-h22</key>
        <entity type="Folder">group-h22</entity>
        <alarm type="Alarm">alarm-262</alarm>
        <overallStatus>gray</overallStatus>
        <time>2023-04-19T14:12:10.105339Z</time>
        <acknowledged>false</acknowledged>
      </AlarmState>
      <AlarmState>
        <key>alarm-263.group-h22</key>
        <entity type="Folder">group-h22</entity>
        <alarm type="Alarm">alarm-263</alarm>
        <overallStatus>gray</overallStatus>
        <time>2023-04-19T14:12:10.105339Z</time>
        <acknowledged>false</acknowledged>
      </AlarmState>
      <AlarmState>
        <key>alarm-264.group-h22</key>
        <entity type="Folder">group-h22</entity>
        <alarm type="Alarm">alarm-264</alarm>
        <overallStatus>gray</overallStatus>
        <time>2023-04-19T14:12:10.105339Z</time>
        <acknowledged>false</acknowledged>
      </AlarmState>
      <AlarmState>
        <key>alarm-265.group-h22</key>
        <entity type="Folder">group-h22</entity>
        <alarm type="Alarm">alarm-265</alarm>
        <overallStatus>gray</overallStatus>
        <time>2023-04-19T14:12:10.105339Z</time>
        <acknowledged>false</acknowledged>
      </AlarmState>
      <AlarmState>
        <key>alarm-266.group-h22</key>
        <entity type="Folder">group-h22</entity>
        <alarm type="Alarm">alarm-266</alarm>
        <overallStatus>gray</overallStatus>
        <time>2023-04-19T14:12:10.105339Z</time>
        <acknowledged>false</acknowledged>
      </AlarmState>
      <AlarmState>
        <key>alarm-267.group-h22</key>
        <entity type="Folder">group-h22</entity>
        <alarm type="Alarm">alarm-267</alarm>
        <overallStatus>gray</overallStatus>
        <time>2023-04-19T14:12:10.105339Z</time>
        <acknowledged>false</acknowledged>
      </AlarmState>
      <AlarmState>
        <key>alarm-268.group-h22</key>
        <entity type="Folder">group-h22</entity>
        <alarm type="Alarm">alarm-268</alarm>
        <overallStatus>gray</overallStatus>
        <time>2023-04-19T14:12:10.105339Z</time>
        <acknowledged>false</acknowledged>
      </AlarmState>
      <AlarmState>
        <key>alarm-269.group-h22</key>
        <entity type="Folder">group-h22</entity>
        <alarm type="Alarm">alarm-269</alarm>
        <overallStatus>gray</overallStatus>
        <time>2023-04-19T14:12:10.105339Z</time>
        <acknowledged>false</acknowledged>
      </AlarmState>
      <AlarmState>
        <key>alarm-270.group-h22</key>
        <entity type="Folder">group-h22</entity>
        <alarm type="Alarm">alarm-270</alarm>
        <overallStatus>gray</overallStatus>
        <time>2023-04-19T14:12:10.105339Z</time>
        <acknowledged>false</acknowledged>
      </AlarmState>
      <AlarmState>
        <key>alarm-271.group-h22</key>
        <entity type="Folder">group-h22</entity>
        <alarm type="Alarm">alarm-271</alarm>
        <overallStatus>gray</overallStatus>
        <time>2023-04-19T14:12:10.105339Z</time>
        <acknowledged>false</acknowledged>
      </AlarmState>
      <AlarmState>
        <key>alarm-272.group-h22</key>
        <entity type="Folder">group-h22</entity>
        <alarm type="Alarm">alarm-272</alarm>
        <overallStatus>gray</overallStatus>
        <time>2023-04-19T14:12:10.105339Z</time>
        <acknowledged>false</acknowledged>
      </AlarmState>
      <AlarmState>
        <key>alarm-273.group-h22</key>
        <entity type="Folder">group-h22</entity>
        <alarm type="Alarm">alarm-273</alarm>
        <overallStatus>gray</overallStatus>
        <time>2023-04-19T14:12:10.105339Z</time>
        <acknowledged>false</acknowledged>
      </AlarmState>
      <AlarmState>
        <key>alarm-274.group-h22</key>
        <entity type="Folder">group-h22</entity>
        <alarm type="Alarm">alarm-274</alarm>
        <overallStatus>gray</overallStatus>
        <time>2023-04-19T14:12:10.105339Z</time>
        <acknowledged>false</acknowledged>
      </AlarmState>
      <AlarmState>
        <key>alarm-275.group-h22</key>
        <entity type="Folder">group-h22</entity>
        <alarm type="Alarm">alarm-275</alarm>
        <overallStatus>gray</overallStatus>
        <time>2023-04-19T14:12:10.105339Z</time>
        <acknowledged>false</acknowledged>
      </AlarmState>
      <AlarmState>
        <key>alarm-276.group-h22</key>
        <entity type="Folder">group-h22</entity>
        <alarm type="Alarm">alarm-276</alarm>
        <overallStatus>gray</overallStatus>
        <time>2023-04-19T14:12:10.105339Z</time>
        <acknowledged>false</acknowledged>
      </AlarmState>
      <AlarmState>
        <key>alarm-277.group-h22</key>
        <entity type="Folder">group-h22</entity>
        <alarm type="Alarm">alarm-277</alarm>
        <overallStatus>gray</overallStatus>
        <time>2023-04-19T14:12:10.105339Z</time>
        <acknowledged>false</acknowledged>
      </AlarmState>
      <AlarmState>
        <key>alarm-278.group-h22</key>
        <entity type="Folder">group-h22</entity>
        <alarm type="Alarm">alarm-278</alarm>
        <overallStatus>gray</overallStatus>
        <time>2023-04-19T14:12:10.105339Z</time>
        <acknowledged>false</acknowledged>
      </AlarmState>
      <AlarmState>
        <key>alarm-279.group-h22</key>
        <entity type="Folder">group-h22</entity>
        <alarm type="Alarm">alarm-279</alarm>
        <overallStatus>gray</overallStatus>
        <time>2023-04-19T14:12:10.105339Z</time>
        <acknowledged>false</acknowledged>
      </AlarmState>
      <AlarmState>
        <key>alarm-280.group-h22</key>
        <entity type="Folder">group-h22</entity>
        <alarm type="Alarm">alarm-280</alarm>
        <overallStatus>gray</overallStatus>
        <time>2023-04-19T14:12:10.105339Z</time>
        <acknowledged>false</acknowledged>
      </AlarmState>
      <AlarmState>
        <key>alarm-281.group-h22</key>
        <entity type="Folder">group-h22</entity>
        <alarm type="Alarm">alarm-281</alarm>
        <overallStatus>gray</overallStatus>
        <time>2023-04-19T14:12:10.105339Z</time>
        <acknowledged>false</acknowledged>
      </AlarmState>
      <AlarmState>
        <key>alarm-282.group-h22</key>
        <entity type="Folder">group-h22</entity>
        <alarm type="Alarm">alarm-282</alarm>
        <overallStatus>gray</overallStatus>
        <time>2023-04-19T14:12:10.105339Z</time>
        <acknowledged>false</acknowledged>
      </AlarmState>
      <AlarmState>
        <key>alarm-283.group-h22</key>
        <entity type="Folder">group-h22</entity>
        <alarm type="Alarm">alarm-283</alarm>
        <overallStatus>gray</overallStatus>
        <time>2023-04-19T14:12:10.105339Z</time>
        <acknowledged>false</acknowledged>
      </AlarmState>
      <AlarmState>
        <key>alarm-284.group-h22</key>
        <entity type="Folder">group-h22</entity>
        <alarm type="Alarm">alarm-284</alarm>
        <overallStatus>gray</overallStatus>
        <time>2023-04-19T14:12:10.105339Z</time>
        <acknowledged>false</acknowledged>
      </AlarmState>
      <AlarmState>
        <key>alarm-285.group-h22</key>
        <entity type="Folder">group-h22</entity>
        <alarm type="Alarm">alarm-285</alarm>
        <overallStatus>gray</overallStatus>
        <time>2023-04-19T14:12:10.105339Z</time>
        <acknowledged>false</acknowledged>
      </AlarmState>
      <AlarmState>
        <key>alarm-286.group-h22</key>
        <entity type="Folder">group-h22</entity>
        <alarm type="Alarm">alarm-286</alarm>
        <overallStatus>gray</overallStatus>
        <time>2023-04-19T14:12:10.105339Z</time>
        <acknowledged>false</acknowledged>
      </AlarmState>
      <AlarmState>
        <key>alarm-287.group-h22</key>
        <entity type="Folder">group-h22</entity>
        <alarm type="Alarm">alarm-287</alarm>
        <overallStatus>gray</overallStatus>
        <time>2023-04-19T14:12:10.105339Z</time>
        <acknowledged>false</acknowledged>
      </AlarmState>
      <AlarmState>
        <key>alarm-288.group-h22</key>
        <entity type="Folder">group-h22</entity>
        <alarm type="Alarm">alarm-288</alarm>
        <overallStatus>gray</overallStatus>
        <time>2023-04-19T14:12:10.105339Z</time>
        <acknowledged>false</acknowledged>
      </AlarmState>
      <AlarmState>
        <key>alarm-289.group-h22</key>
        <entity type="Folder">group-h22</entity>
        <alarm type="Alarm">alarm-289</alarm>
        <overallStatus>gray</overallStatus>
        <time>2023-04-19T14:12:10.105339Z</time>
        <acknowledged>false</acknowledged>
      </AlarmState>
      <AlarmState>
        <key>alarm-290.group-h22</key>
        <entity type="Folder">group-h22</entity>
        <alarm type="Alarm">alarm-290</alarm>
        <overallStatus>gray</overallStatus>
        <time>2023-04-19T14:12:10.105339Z</time>
        <acknowledged>false</acknowledged>
      </AlarmState>
      <AlarmState>
        <key>alarm-291.group-h22</key>
        <entity type="Folder">group-h22</entity>
        <alarm type="Alarm">alarm-291</alarm>
        <overallStatus>gray</overallStatus>
        <time>2023-04-19T14:12:10.105339Z</time>
        <acknowledged>false</acknowledged>
      </AlarmState>
      <AlarmState>
        <key>alarm-292.group-h22</key>
        <entity type="Folder">group-h22</entity>
        <alarm type="Alarm">alarm-292</alarm>
        <overallStatus>gray</overallStatus>
        <time>2023-04-19T14:12:10.105339Z</time>
        <acknowledged>false</acknowledged>
      </AlarmState>
      <AlarmState>
        <key>alarm-293.group-h22</key>
        <entity type="Folder">group-h22</entity>
        <alarm type="Alarm">alarm-293</alarm>
        <overallStatus>gray</overallStatus>
        <time>2023-04-19T14:12:10.105339Z</time>
        <acknowledged>false</acknowledged>
      </AlarmState>
      <AlarmState>
        <key>alarm-294.group-h22</key>
        <entity type="Folder">group-h22</entity>
        <alarm type="Alarm">alarm-294</alarm>
        <overallStatus>gray</overallStatus>
        <time>2023-04-19T14:12:10.105339Z</time>
        <acknowledged>false</acknowledged>
      </AlarmState>
      <AlarmState>
        <key>alarm-295.group-h22</key>
        <entity type="Folder">group-h22</entity>
        <alarm type="Alarm">alarm-295</alarm>
        <overallStatus>gray</overallStatus>
        <time>2023-04-19T14:12:10.105339Z</time>
        <acknowledged>false</acknowledged>
      </AlarmState>
      <AlarmState>
        <key>alarm-296.group-h22</key>
        <entity type="Folder">group-h22</entity>
        <alarm type="Alarm">alarm-296</alarm>
        <overallStatus>gray</overallStatus>
        <time>2023-04-19T14:12:10.105339Z</time>
        <acknowledged>false</acknowledged>
      </AlarmState>
      <AlarmState>
        <key>alarm-3.group-h22</key>
        <entity type="Folder">group-h22</entity>
        <alarm type="Alarm">alarm-3</alarm>
        <overallStatus>gray</overallStatus>
        <time>2023-04-19T14:12:10.105339Z</time>
        <acknowledged>false</acknowledged>
      </AlarmState>
      <AlarmState>
        <key>alarm-34.group-h22</key>
        <entity type="Folder">group-h22</entity>
        <alarm type="Alarm">alarm-34</alarm>
        <overallStatus>gray</overallStatus>
        <time>2023-04-19T14:12:10.105339Z</time>
        <acknowledged>false</acknowledged>
      </AlarmState>
      <AlarmState>
        <key>alarm-35.group-h22</key>
        <entity type="Folder">group-h22</entity>
        <alarm type="Alarm">alarm-35</alarm>
        <overallStatus>gray</overallStatus>
        <time>2023-04-19T14:12:10.105339Z</time>
        <acknowledged>false</acknowledged>
      </AlarmState>
      <AlarmState>
        <key>alarm-36.group-h22</key>
        <entity type="Folder">group-h22</entity>
        <alarm type="Alarm">alarm-36</alarm>
        <overallStatus>gray</overallStatus>
        <time>2023-04-19T14:12:10.105339Z</time>
        <acknowledged>false</acknowledged>
      </AlarmState>
      <AlarmState>
        <key>alarm-37.group-h22</key>
        <entity type="Folder">group-h22</entity>
        <alarm type="Alarm">alarm-37</alarm>
        <overallStatus>gray</overallStatus>
        <time>2023-04-19T14:12:10.105339Z</time>
        <acknowledged>false</acknowledged>
      </AlarmState>
      <AlarmState>
        <key>alarm-38.group-h22</key>
        <entity type="Folder">group-h22</entity>
        <alarm type="Alarm">alarm-38</alarm>
        <overallStatus>gray</overallStatus>
        <time>2023-04-19T14:12:10.105339Z</time>
        <acknowledged>false</acknowledged>
      </AlarmState>
      <AlarmState>
        <key>alarm-39.group-h22</key>
        <entity type="Folder">group-h22</entity>
        <alarm type="Alarm">alarm-39</alarm>
        <overallStatus>gray</overallStatus>
        <time>2023-04-19T14:12:10.105339Z</time>
        <acknowledged>false</acknowledged>
      </AlarmState>
      <AlarmState>
        <key>alarm-4.group-h22</key>
        <entity type="Folder">group-h22</entity>
        <alarm type="Alarm">alarm-4</alarm>
        <overallStatus>gray</overallStatus>
        <time>2023-04-19T14:12:10.105339Z</time>
        <acknowledged>false</acknowledged>
      </AlarmState>
      <AlarmState>
        <key>alarm-40.group-h22</key>
        <entity type="Folder">group-h22</entity>
        <alarm type="Alarm">alarm-40</alarm>
        <overallStatus>gray</overallStatus>
        <time>2023-04-19T14:12:10.105339Z</time>
        <acknowledged>false</acknowledged>
      </AlarmState>
      <AlarmState>
        <key>alarm-42.group-h22</key>
        <entity type="Folder">group-h22</entity>
        <alarm type="Alarm">alarm-42</alarm>
        <overallStatus>gray</overallStatus>
        <time>2023-04-19T14:12:10.105339Z</time>
        <acknowledged>false</acknowledged>
      </AlarmState>
      <AlarmState>
        <key>alarm-43.group-h22</key>
        <entity type="Folder">group-h22</entity>
        <alarm type="Alarm">alarm-43</alarm>
        <overallStatus>gray</overallStatus>
        <time>2023-04-19T14:12:10.105339Z</time>
        <acknowledged>false</acknowledged>
      </AlarmState>
      <AlarmState>
        <key>alarm-44.group-h22</key>
        <entity type="Folder">group-h22</entity>
        <alarm type="Alarm">alarm-44</alarm>
        <overallStatus>gray</overallStatus>
        <time>2023-04-19T14:12:10.105339Z</time>
        <acknowledged>false</acknowledged>
      </AlarmState>
      <AlarmState>
        <key>alarm-45.group-h22</key>
        <entity type="Folder">group-h22</entity>
        <alarm type="Alarm">alarm-45</alarm>
        <overallStatus>gray</overallStatus>
        <time>2023-04-19T14:12:10.105339Z</time>
        <acknowledged>false</acknowledged>
      </AlarmState>
      <AlarmState>
        <key>alarm-46.group-h22</key>
        <entity type="Folder">group-h22</entity>
        <alarm type="Alarm">alarm-46</alarm>
        <overallStatus>gray</overallStatus>
        <time>2023-04-19T14:12:10.105339Z</time>
        <acknowledged>false</acknowledged>
      </AlarmState>
      <AlarmState>
        <key>alarm-47.group-h22</key>
        <entity type="Folder">group-h22</entity>
        <alarm type="Alarm">alarm-47</alarm>
        <overallStatus>gray</overallStatus>
        <time>2023-04-19T14:12:10.105339Z</time>
        <acknowledged>false</acknowledged>
      </AlarmState>
      <AlarmState>
        <key>alarm-48.group-h22</key>
        <entity type="Folder">group-h22</entity>
        <alarm type="Alarm">alarm-48</alarm>
        <overallStatus>gray</overallStatus>
        <time>2023-04-19T14:12:10.105339Z</time>
        <acknowledged>false</acknowledged>
      </AlarmState>
      <AlarmState>
        <key>alarm-49.group-h22</key>
        <entity type="Folder">group-h22</entity>
        <alarm type="Alarm">alarm-49</alarm>
        <overallStatus>gray</overallStatus>
        <time>2023-04-19T14:12:10.105339Z</time>
        <acknowledged>false</acknowledged>
      </AlarmState>
      <AlarmState>
        <key>alarm-5.group-h22</key>
        <entity type="Folder">group-h22</entity>
        <alarm type="Alarm">alarm-5</alarm>
        <overallStatus>gray</overallStatus>
        <time>2023-04-19T14:12:10.105339Z</time>
        <acknowledged>false</acknowledged>
      </AlarmState>
      <AlarmState>
        <key>alarm-50.group-h22</key>
        <entity type="Folder">group-h22</entity>
        <alarm type="Alarm">alarm-50</alarm>
        <overallStatus>gray</overallStatus>
        <time>2023-04-19T14:12:10.105339Z</time>
        <acknowledged>false</acknowledged>
      </AlarmState>
      <AlarmState>
        <key>alarm-51.group-h22</key>
        <entity type="Folder">group-h22</entity>
        <alarm type="Alarm">alarm-51</alarm>
        <overallStatus>gray</overallStatus>
        <time>2023-04-19T14:12:10.105339Z</time>
        <acknowledged>false</acknowledged>
      </AlarmState>
      <AlarmState>
        <key>alarm-52.group-h22</key>
        <entity type="Folder">group-h22</entity>
        <alarm type="Alarm">alarm-52</alarm>
        <overallStatus>gray</overallStatus>
        <time>2023-04-19T14:12:10.105339Z</time>
        <acknowledged>false</acknowledged>
      </AlarmState>
      <AlarmState>
        <key>alarm-54.group-h22</key>
        <entity type="Folder">group-h22</entity>
        <alarm type="Alarm">alarm-54</alarm>
        <overallStatus>gray</overallStatus>
        <time>2023-04-19T14:12:10.105339Z</time>
        <acknowledged>false</acknowledged>
      </AlarmState>
      <AlarmState>
        <key>alarm-6.group-h22</key>
        <entity type="Folder">group-h22</entity>
        <alarm type="Alarm">alarm-6</alarm>
        <overallStatus>gray</overallStatus>
        <time>2023-04-19T14:12:10.105339Z</time>
        <acknowledged>false</acknowledged>
      </AlarmState>
      <AlarmState>
        <key>alarm-77.group-h22</key>
        <entity type="Folder">group-h22</entity>
        <alarm type="Alarm">alarm-77</alarm>
        <overallStatus>gray</overallStatus>
        <time>2023-04-19T14:12:10.105339Z</time>
        <acknowledged>false</acknowledged>
      </AlarmState>
      <AlarmState>
        <key>alarm-81.group-h22</key>
        <entity type="Folder">group-h22</entity>
        <alarm type="Alarm">alarm-81</alarm>
        <overallStatus>gray</overallStatus>
        <time>2023-04-19T14:12:10.105339Z</time>
        <acknowledged>false</acknowledged>
      </AlarmState>
      <AlarmState>
        <key>alarm-82.group-h22</key>
        <entity type="Folder">group-h22</entity>
        <alarm type="Alarm">alarm-82</alarm>
        <overallStatus>gray</overallStatus>
        <time>2023-04-19T14:12:10.105339Z</time>
        <acknowledged>false</acknowledged>
      </AlarmState>
      <AlarmState>
        <key>alarm-8201.group-h22</key>
        <entity type="Folder">group-h22</entity>
        <alarm type="Alarm">alarm-8201</alarm>
        <overallStatus>gray</overallStatus>
        <time>2023-04-19T14:14:44.993864Z</time>
        <acknowledged>false</acknowledged>
      </AlarmState>
      <AlarmState>
        <key>alarm-85.group-h22</key>
        <entity type="Folder">group-h22</entity>
        <alarm type="Alarm">alarm-85</alarm>
        <overallStatus>gray</overallStatus>
        <time>2023-04-19T14:12:10.105339Z</time>
        <acknowledged>false</acknowledged>
      </AlarmState>
      <AlarmState>
        <key>alarm-86.group-h22</key>
        <entity type="Folder">group-h22</entity>
        <alarm type="Alarm">alarm-86</alarm>
        <overallStatus>gray</overallStatus>
        <time>2023-04-19T14:12:10.105339Z</time>
        <acknowledged>false</acknowledged>
      </AlarmState>
      <AlarmState>
        <key>alarm-88.group-h22</key>
        <entity type="Folder">group-h22</entity>
        <alarm type="Alarm">alarm-88</alarm>
        <overallStatus>gray</overallStatus>
        <time>2023-04-19T14:12:10.105339Z</time>
        <acknowledged>false</acknowledged>
      </AlarmState>
      <AlarmState>
        <key>alarm-9.group-h22</key>
        <entity type="Folder">group-h22</entity>
        <alarm type="Alarm">alarm-9</alarm>
        <overallStatus>gray</overallStatus>
        <time>2023-04-19T14:12:10.105339Z</time>
        <acknowledged>false</acknowledged>
      </AlarmState>
      <AlarmState>
        <key>alarm-90.group-h22</key>
        <entity type="Folder">group-h22</entity>
        <alarm type="Alarm">alarm-90</alarm>
        <overallStatus>gray</overallStatus>
        <time>2023-04-19T14:12:10.105339Z</time>
        <acknowledged>false</acknowledged>
      </AlarmState>
      <AlarmState>
        <key>alarm-91.group-h22</key>
        <entity type="Folder">group-h22</entity>
        <alarm type="Alarm">alarm-91</alarm>
        <overallStatus>gray</overallStatus>
        <time>2023-04-19T14:12:10.105339Z</time>
        <acknowledged>false</acknowledged>
      </AlarmState>
      <AlarmState>
        <key>alarm-93.group-h22</key>
        <entity type="Folder">group-h22</entity>
        <alarm type="Alarm">alarm-93</alarm>
        <overallStatus>gray</overallStatus>
        <time>2023-04-19T14:12:10.105339Z</time>
        <acknowledged>false</acknowledged>
      </AlarmState>
    </val>
  </propSet>
  <propSet>
    <name>disabledMethod</name>
    <val xmlns:XMLSchema-instance="http://www.w3.org/2001/XMLSchema-instance" XMLSchema-instance:type="ArrayOfString"></val>
  </propSet>
  <propSet>
    <name>effectiveRole</name>
    <val xmlns:XMLSchema-instance="http://www.w3.org/2001/XMLSchema-instance" XMLSchema-instance:type="ArrayOfInt">
      <int>-1</int>
    </val>
  </propSet>
  <propSet>
    <name>name</name>
    <val xmlns:XMLSchema-instance="http://www.w3.org/2001/XMLSchema-instance" XMLSchema-instance:type="xsd:string">host</val>
  </propSet>
  <propSet>
    <name>overallStatus</name>
    <val xmlns:XMLSchema-instance="http://www.w3.org/2001/XMLSchema-instance" XMLSchema-instance:type="ManagedEntityStatus">gray</val>
  </propSet>
  <propSet>
    <name>parent</name>
    <val xmlns:XMLSchema-instance="http://www.w3.org/2001/XMLSchema-instance" XMLSchema-instance:type="ManagedObjectReference" type="Datacenter">datacenter-20</val>
  </propSet>
  <propSet>
    <name>permission</name>
    <val xmlns:XMLSchema-instance="http://www.w3.org/2001/XMLSchema-instance" XMLSchema-instance:type="ArrayOfPermission"></val>
  </propSet>
  <propSet>
    <name>recentTask</name>
    <val xmlns:XMLSchema-instance="http://www.w3.org/2001/XMLSchema-instance" XMLSchema-instance:type="ArrayOfManagedObjectReference"></val>
  </propSet>
  <propSet>
    <name>tag</name>
    <val xmlns:XMLSchema-instance="http://www.w3.org/2001/XMLSchema-instance" XMLSchema-instance:type="ArrayOfTag"></val>
  </propSet>
  <propSet>
    <name>triggeredAlarmState</name>
    <val xmlns:XMLSchema-instance="http://www.w3.org/2001/XMLSchema-instance" XMLSchema-instance:type="ArrayOfAlarmState">
      <AlarmState>
        <key>alarm-88.host-1009</key>
        <entity type="HostSystem">host-1009</entity>
        <alarm type="Alarm">alarm-88</alarm>
        <overallStatus>red</overallStatus>
        <time>2022-10-06T14:28:06.296Z</time>
        <acknowledged>false</acknowledged>
        <eventKey>69022</eventKey>
      </AlarmState>
      <AlarmState>
        <key>alarm-88.host-1020</key>
        <entity type="HostSystem">host-1020</entity>
        <alarm type="Alarm">alarm-88</alarm>
        <overallStatus>red</overallStatus>
        <time>2022-10-06T14:28:08.544Z</time>
        <acknowledged>false</acknowledged>
        <eventKey>69027</eventKey>
      </AlarmState>
    </val>
  </propSet>
  <propSet>
    <name>value</name>
    <val xmlns:XMLSchema-instance="http://www.w3.org/2001/XMLSchema-instance" XMLSchema-instance:type="ArrayOfCustomFieldValue"></val>
  </propSet>
</ObjectContent>