<ObjectContent>
  <obj type="VmwareDistributedVirtualSwitch">dvs-1021</obj>
  <propSet>
    <name>alarmActionsEnabled</name>
    <val xmlns:XMLSchema-instance="http://www.w3.org/2001/XMLSchema-instance" XMLSchema-instance:type="xsd:boolean">true</val>
  </propSet>
  <propSet>
    <name>availableField</name>
    <val xmlns:XMLSchema-instance="http://www.w3.org/2001/XMLSchema-instance" XMLSchema-instance:type="ArrayOfCustomFieldDef"></val>
  </propSet>
  <propSet>
    <name>capability</name>
    <val xmlns:XMLSchema-instance="http://www.w3.org/2001/XMLSchema-instance" XMLSchema-instance:type="DVSCapability">
      <dvsOperationSupported>true</dvsOperationSupported>
      <dvPortGroupOperationSupported>true</dvPortGroupOperationSupported>
      <dvPortOperationSupported>true</dvPortOperationSupported>
      <compatibleHostComponentProductInfo>
        <productLineId>embeddedEsx</productLineId>
        <version>e.x.p</version>
      </compatibleHostComponentProductInfo>
      <compatibleHostComponentProductInfo>
        <productLineId>embeddedEsx</productLineId>
        <version>6.6&lt;</version>
      </compatibleHostComponentProductInfo>
      <featuresSupported XMLSchema-instance:type="VMwareDVSFeatureCapability">
        <networkResourceManagementSupported>true</networkResourceManagementSupported>
        <vmDirectPathGen2Supported>true</vmDirectPathGen2Supported>
        <nicTeamingPolicy>loadbalance_ip</nicTeamingPolicy>
        <nicTeamingPolicy>loadbalance_srcmac</nicTeamingPolicy>
        <nicTeamingPolicy>loadbalance_srcid</nicTeamingPolicy>
        <nicTeamingPolicy>failover_explicit</nicTeamingPolicy>
        <nicTeamingPolicy>loadbalance_loadbased</nicTeamingPolicy>
        <networkResourcePoolHighShareValue>100</networkResourcePoolHighShareValue>
        <networkResourceManagementCapability>
          <networkResourceManagementSupported>true</networkResourceManagementSupported>
          <networkResourcePoolHighShareValue>100</networkResourcePoolHighShareValue>
          <qosSupported>true</qosSupported>
          <userDefinedNetworkResourcePoolsSupported>true</userDefinedNetworkResourcePoolsSupported>
          <networkResourceControlVersion3Supported>true</networkResourceControlVersion3Supported>
          <userDefinedInfraTrafficPoolSupported>true</userDefinedInfraTrafficPoolSupported>
        </networkResourceManagementCapability>
        <healthCheckCapability XMLSchema-instance:type="VMwareDVSHealthCheckCapability">
          <vlanMtuSupported>true</vlanMtuSupported>
          <teamingSupported>true</teamingSupported>
        </healthCheckCapability>
        <rollbackCapability>
          <rollbackSupported>true</rollbackSupported>
        </rollbackCapability>
        <backupRestoreCapability>
          <backupRestoreSupported>true</backupRestoreSupported>
        </backupRestoreCapability>
        <networkFilterSupported>true</networkFilterSupported>
        <macLearningSupported>true</macLearningSupported>
        <vspanSupported>true</vspanSupported>
        <lldpSupported>true</lldpSupported>
        <ipfixSupported>true</ipfixSupported>
        <ipfixCapability>
          <ipfixSupported>true</ipfixSupported>
          <ipv6ForIpfixSupported>true</ipv6ForIpfixSupported>
          <observationDomainIdSupported>true</observationDomainIdSupported>
        </ipfixCapability>
        <multicastSnoopingSupported>true</multicastSnoopingSupported>
        <vspanCapability>
          <mixedDestSupported>true</mixedDestSupported>
          <dvportSupported>true</dvportSupported>
          <remoteSourceSupported>true</remoteSourceSupported>
          <remoteDestSupported>true</remoteDestSupported>
          <encapRemoteSourceSupported>true</encapRemoteSourceSupported>
          <erspanProtocolSupported>true</erspanProtocolSupported>
          <mirrorNetstackSupported>true</mirrorNetstackSupported>
        </vspanCapability>
        <lacpCapability>
          <lacpSupported>true</lacpSupported>
          <multiLacpGroupSupported>true</multiLacpGroupSupported>
        </lacpCapability>
        <mtuCapability>
          <minMtuSupported>1280</minMtuSupported>
          <maxMtuSupported>9000</maxMtuSupported>
        </mtuCapability>
      </featuresSupported>
    </val>
  </propSet>
  <propSet>
    <name>config</name>
    <val xmlns:XMLSchema-instance="http://www.w3.org/2001/XMLSchema-instance" XMLSchema-instance:type="VMwareDVSConfigInfo">
      <uuid>50 26 e7 fd c0 ce 70 e8-45 fe d3 2c 70 f3 40 60</uuid>
      <name>DSwitch 1</name>
      <numStandalonePorts>0</numStandalonePorts>
      <numPorts>16</numPorts>
      <maxPorts>2147483647</maxPorts>
      <uplinkPortPolicy XMLSchema-instance:type="DVSNameArrayUplinkPortPolicy">
        <uplinkPortName>uplink1</uplinkPortName>
        <uplinkPortName>uplink2</uplinkPortName>
        <uplinkPortName>uplink3</uplinkPortName>
        <uplinkPortName>uplink4</uplinkPortName>
      </uplinkPortPolicy>
      <uplinkPortgroup type="DistributedVirtualPortgroup">dvportgroup-1022</uplinkPortgroup>
      <defaultPortConfig XMLSchema-instance:type="VMwareDVSPortSetting">
        <blocked>
          <inherited>false</inherited>
          <value>false</value>
        </blocked>
        <vmDirectPathGen2Allowed>
          <inherited>false</inherited>
          <value>false</value>
        </vmDirectPathGen2Allowed>
        <inShapingPolicy>
          <inherited>false</inherited>
          <enabled>
            <inherited>false</inherited>
            <value>false</value>
          </enabled>
          <averageBandwidth>
            <inherited>false</inherited>
            <value>100000000</value>
          </averageBandwidth>
          <peakBandwidth>
            <inherited>false</inherited>
            <value>100000000</value>
          </peakBandwidth>
          <burstSize>
            <inherited>false</inherited>
            <value>104857600</value>
          </burstSize>
        </inShapingPolicy>
        <outShapingPolicy>
          <inherited>false</inherited>
          <enabled>
            <inherited>false</inherited>
            <value>false</value>
          </enabled>
          <averageBandwidth>
            <inherited>false</inherited>
            <value>100000000</value>
          </averageBandwidth>
          <peakBandwidth>
            <inherited>false</inherited>
            <value>100000000</value>
          </peakBandwidth>
          <burstSize>
            <inherited>false</inherited>
            <value>104857600</value>
          </burstSize>
        </outShapingPolicy>
        <vendorSpecificConfig>
          <inherited>false</inherited>
        </vendorSpecificConfig>
        <networkResourcePoolKey>
          <inherited>false</inherited>
          <value>-1</value>
        </networkResourcePoolKey>
        <filterPolicy>
          <inherited>false</inherited>
        </filterPolicy>
        <vlan XMLSchema-instance:type="VmwareDistributedVirtualSwitchVlanIdSpec">
          <inherited>false</inherited>
          <vlanId>0</vlanId>
        </vlan>
        <qosTag>
          <inherited>false</inherited>
          <value>-1</value>
        </qosTag>
        <uplinkTeamingPolicy>
          <inherited>false</inherited>
          <policy>
            <inherited>false</inherited>
            <value>loadbalance_srcid</value>
          </policy>
          <reversePolicy>
            <inherited>false</inherited>
            <value>true</value>
          </reversePolicy>
          <notifySwitches>
            <inherited>false</inherited>
            <value>true</value>
          </notifySwitches>
          <rollingOrder>
            <inherited>false</inherited>
            <value>false</value>
          </rollingOrder>
          <failureCriteria>
            <inherited>false</inherited>
            <checkSpeed>
              <inherited>false</inherited>
              <value>minimum</value>
            </checkSpeed>
            <speed>
              <inherited>false</inherited>
              <value>10</value>
            </speed>
            <checkDuplex>
              <inherited>false</inherited>
              <value>false</value>
            </checkDuplex>
            <fullDuplex>
              <inherited>false</inherited>
              <value>false</value>
            </fullDuplex>
            <checkErrorPercent>
              <inherited>false</inherited>
              <value>false</value>
            </checkErrorPercent>
            <percentage>
              <inherited>false</inherited>
            </percentage>
            <checkBeacon>
              <inherited>false</inherited>
              <value>false</value>
            </checkBeacon>
          </failureCriteria>
          <uplinkPortOrder>
            <inherited>false</inherited>
            <activeUplinkPort>uplink1</activeUplinkPort>
            <activeUplinkPort>uplink2</activeUplinkPort>
            <activeUplinkPort>uplink3</activeUplinkPort>
            <activeUplinkPort>uplink4</activeUplinkPort>
          </uplinkPortOrder>
        </uplinkTeamingPolicy>
        <securityPolicy>
          <inherited>false</inherited>
          <allowPromiscuous>
            <inherited>false</inherited>
            <value>false</value>
          </allowPromiscuous>
          <macChanges>
            <inherited>false</inherited>
            <value>false</value>
          </macChanges>
          <forgedTransmits>
            <inherited>false</inherited>
            <value>false</value>
          </forgedTransmits>
        </securityPolicy>
        <ipfixEnabled>
          <inherited>false</inherited>
          <value>false</value>
        </ipfixEnabled>
        <txUplink>
          <inherited>false</inherited>
          <value>false</value>
        </txUplink>
        <lacpPolicy>
          <inherited>false</inherited>
          <enable>
            <inherited>false</inherited>
            <value>false</value>
          </enable>
          <mode>
            <inherited>false</inherited>
            <value>passive</value>
          </mode>
        </lacpPolicy>
        <macManagementPolicy>
          <inherited>false</inherited>
          <allowPromiscuous>false</allowPromiscuous>
          <macChanges>false</macChanges>
          <forgedTransmits>false</forgedTransmits>
          <macLearningPolicy>
            <inherited>false</inherited>
            <enabled>false</enabled>
          </macLearningPolicy>
        </macManagementPolicy>
        <VNI>
          <inherited>false</inherited>
        </VNI>
      </defaultPortConfig>
      <host>
        <runtimeState>
          <currentMaxProxySwitchPorts>1536</currentMaxProxySwitchPorts>
        </runtimeState>
        <config>
          <host type="HostSystem">host-1009</host>
          <maxProxySwitchPorts>512</maxProxySwitchPorts>
          <vendorSpecificConfig>
            <key>com.vmware.net.feature.cap.supportVmotionFromOpaqueNetwork</key>
            <opaqueData>1</opaqueData>
          </vendorSpecificConfig>
          <backing XMLSchema-instance:type="DistributedVirtualSwitchHostMemberPnicBacking">
            <pnicSpec>
              <pnicDevice>vmnic0</pnicDevice>
              <uplinkPortKey>4</uplinkPortKey>
              <connectionCookie>2072635524</connectionCookie>
            </pnicSpec>
          </backing>
          <nsxSwitch>false</nsxSwitch>
          <ensEnabled>false</ensEnabled>
          <ensInterruptEnabled>false</ensInterruptEnabled>
        </config>
        <uplinkPortKey>4</uplinkPortKey>
        <uplinkPortKey>5</uplinkPortKey>
        <uplinkPortKey>6</uplinkPortKey>
        <uplinkPortKey>7</uplinkPortKey>
        <status>up</status>
      </host>
      <host>
        <runtimeState>
          <currentMaxProxySwitchPorts>1536</currentMaxProxySwitchPorts>
        </runtimeState>
        <config>
          <host type="HostSystem">host-1020</host>
          <maxProxySwitchPorts>512</maxProxySwitchPorts>
          <vendorSpecificConfig>
            <key>com.vmware.net.feature.cap.supportVmotionFromOpaqueNetwork</key>
            <opaqueData>1</opaqueData>
          </vendorSpecificConfig>
          <backing XMLSchema-instance:type="DistributedVirtualSwitchHostMemberPnicBacking"></backing>
          <nsxSwitch>false</nsxSwitch>
          <ensEnabled>false</ensEnabled>
          <ensInterruptEnabled>false</ensInterruptEnabled>
        </config>
        <uplinkPortKey>0</uplinkPortKey>
        <uplinkPortKey>1</uplinkPortKey>
        <uplinkPortKey>2</uplinkPortKey>
        <uplinkPortKey>3</uplinkPortKey>
        <status>up</status>
      </host>
      <productInfo>
        <name>DVS</name>
        <vendor>VMware, Inc.</vendor>
        <version>6.6.0</version>
        <build>00000</build>
        <forwardingClass>cswitch</forwardingClass>
      </productInfo>
      <vendorSpecificConfig>
        <key>com.vmware.vrdma.uuid</key>
        <opaqueData>52 bd c1 c8 23 3c 5a ff-56 7d 3d b4 82 84 66 9c</opaqueData>
      </vendorSpecificConfig>
      <policy>
        <autoPreInstallAllowed>true</autoPreInstallAllowed>
        <autoUpgradeAllowed>true</autoUpgradeAllowed>
        <partialUpgradeAllowed>true</partialUpgradeAllowed>
      </policy>
      <configVersion>0</configVersion>
      <contact></contact>
      <createTime>2022-02-13T14:17:57.107999Z</createTime>
      <networkResourceManagementEnabled>false</networkResourceManagementEnabled>
      <defaultProxySwitchMaxNumPorts>512</defaultProxySwitchMaxNumPorts>
      <healthCheckConfig XMLSchema-instance:type="VMwareDVSVlanMtuHealthCheckConfig">
        <enable>false</enable>
      </healthCheckConfig>
      <healthCheckConfig XMLSchema-instance:type="VMwareDVSTeamingHealthCheckConfig">
        <enable>false</enable>
      </healthCheckConfig>
      <infrastructureTrafficResourceConfig>
        <key>management</key>
        <description>Management Traffic Type</description>
        <allocationInfo>
          <limit>-1</limit>
          <shares>
            <shares>50</shares>
            <level>normal</level>
          </shares>
          <reservation>0</reservation>
        </allocationInfo>
      </infrastructureTrafficResourceConfig>
      <infrastructureTrafficResourceConfig>
        <key>faultTolerance</key>
        <description>Fault Tolerance (FT) Traffic Type</description>
        <allocationInfo>
          <limit>-1</limit>
          <shares>
            <shares>50</shares>
            <level>normal</level>
          </shares>
          <reservation>0</reservation>
        </allocationInfo>
      </infrastructureTrafficResourceConfig>
      <infrastructureTrafficResourceConfig>
        <key>vmotion</key>
        <description>vMotion Traffic Type</description>
        <allocationInfo>
          <limit>-1</limit>
          <shares>
            <shares>50</shares>
            <level>normal</level>
          </shares>
          <reservation>0</reservation>
        </allocationInfo>
      </infrastructureTrafficResourceConfig>
      <infrastructureTrafficResourceConfig>
        <key>virtualMachine</key>
        <description>Virtual Machine Traffic Type</description>
        <allocationInfo>
          <limit>-1</limit>
          <shares>
            <shares>100</shares>
            <level>high</level>
          </shares>
          <reservation>0</reservation>
        </allocationInfo>
      </infrastructureTrafficResourceConfig>
      <infrastructureTrafficResourceConfig>
        <key>iSCSI</key>
        <description>iSCSI Traffic Type</description>
        <allocationInfo>
          <limit>-1</limit>
          <shares>
            <shares>50</shares>
            <level>normal</level>
          </shares>
          <reservation>0</reservation>
        </allocationInfo>
      </infrastructureTrafficResourceConfig>
      <infrastructureTrafficResourceConfig>
        <key>nfs</key>
        <description>NFS Traffic Type</description>
        <allocationInfo>
          <limit>-1</limit>
          <shares>
            <shares>50</shares>
            <level>normal</level>
          </shares>
          <reservation>0</reservation>
        </allocationInfo>
      </infrastructureTrafficResourceConfig>
      <infrastructureTrafficResourceConfig>
        <key>hbr</key>
        <description>vSphere Replication (VR) Traffic Type</description>
        <allocationInfo>
          <limit>-1</limit>
          <shares>
            <shares>50</shares>
            <level>normal</level>
          </shares>
          <reservation>0</reservation>
        </allocationInfo>
      </infrastructureTrafficResourceConfig>
      <infrastructureTrafficResourceConfig>
        <key>vsan</key>
        <description>vSAN Traffic Type</description>
        <allocationInfo>
          <limit>-1</limit>
          <shares>
            <shares>50</shares>
            <level>normal</level>
          </shares>
          <reservation>0</reservation>
        </allocationInfo>
      </infrastructureTrafficResourceConfig>
      <infrastructureTrafficResourceConfig>
        <key>vdp</key>
        <description>vSphere Data Protection Backup Traffic Type</description>
        <allocationInfo>
          <limit>-1</limit>
          <shares>
            <shares>50</shares>
            <level>normal</level>
          </shares>
          <reservation>0</reservation>
        </allocationInfo>
      </infrastructureTrafficResourceConfig>
      <networkResourceControlVersion>version3</networkResourceControlVersion>
      <pnicCapacityRatioForReservation>75</pnicCapacityRatioForReservation>
      <maxMtu>1500</maxMtu>
      <linkDiscoveryProtocolConfig>
        <protocol>cdp</protocol>
        <operation>listen</operation>
      </linkDiscoveryProtocolConfig>
      <ipfixConfig>
        <activeFlowTimeout>60</activeFlowTimeout>
        <idleFlowTimeout>15</idleFlowTimeout>
        <samplingRate>4096</samplingRate>
        <internalFlowsOnly>false</internalFlowsOnly>
      </ipfixConfig>
      <lacpApiVersion>multipleLag</lacpApiVersion>
      <multicastFilteringMode>legacyFiltering</multicastFilteringMode>
    </val>
  </propSet>
  <propSet>
    <name>configIssue</name>
    <val xmlns:XMLSchema-instance="http://www.w3.org/2001/XMLSchema-instance" XMLSchema-instance:type="ArrayOfEvent"></val>
  </propSet>
  <propSet>
    <name>configStatus</name>
    <val xmlns:XMLSchema-instance="http://www.w3.org/2001/XMLSchema-instance" XMLSchema-instance:type="ManagedEntityStatus">green</val>
  </propSet>
  <propSet>
    <name>customValue</name>
    <val xmlns:XMLSchema-instance="http://www.w3.org/2001/XMLSchema-instance" XMLSchema-instance:type="ArrayOfCustomFieldValue"></val>
  </propSet>
  <propSet>
    <name>declaredAlarmState</name>
    <val xmlns:XMLSchema-instance="http://www.w3.org/2001/XMLSchema-instance" XMLSchema-instance:type="ArrayOfAlarmState"></val>
  </propSet>
  <propSet>
    <name>disabledMethod</name>
    <val xmlns:XMLSchema-instance="http://www.w3.org/2001/XMLSchema-instance" XMLSchema-instance:type="ArrayOfString"></val>
  </propSet>
  <propSet>
    <name>effectiveRole</name>
    <val xmlns:XMLSchema-instance="http://www.w3.org/2001/XMLSchema-instance" XMLSchema-instance:type="ArrayOfInt">
      <int>-1</int>
    </val>
  </propSet>
  <propSet>
    <name>name</name>
    <val xmlns:XMLSchema-instance="http://www.w3.org/2001/XMLSchema-instance" XMLSchema-instance:type="xsd:string">DSwitch 1</val>
  </propSet>
  <propSet>
    <name>networkResourcePool</name>
    <val xmlns:XMLSchema-instance="http://www.w3.org/2001/XMLSchema-instance" XMLSchema-instance:type="ArrayOfDVSNetworkResourcePool"></val>
  </propSet>
  <propSet>
    <name>overallStatus</name>
    <val xmlns:XMLSchema-instance="http://www.w3.org/2001/XMLSchema-instance" XMLSchema-instance:type="ManagedEntityStatus">green</val>
  </propSet>
  <propSet>
    <name>parent</name>
    <val xmlns:XMLSchema-instance="http://www.w3.org/2001/XMLSchema-instance" XMLSchema-instance:type="ManagedObjectReference" type="Folder">group-n24</val>
  </propSet>
  <propSet>
    <name>permission</name>
    <val xmlns:XMLSchema-instance="http://www.w3.org/2001/XMLSchema-instance" XMLSchema-instance:type="ArrayOfPermission"></val>
  </propSet>
  <propSet>
    <name>portgroup</name>
    <val xmlns:XMLSchema-instance="http://www.w3.org/2001/XMLSchema-instance" XMLSchema-instance:type="ArrayOfManagedObjectReference">
      <ManagedObjectReference type="DistributedVirtualPortgroup">dvportgroup-1022</ManagedObjectReference>
      <ManagedObjectReference type="DistributedVirtualPortgroup">dvportgroup-1024</ManagedObjectReference>
      <ManagedObjectReference type="DistributedVirtualPortgroup">dvportgroup-1023</ManagedObjectReference>
    </val>
  </propSet>
  <propSet>
    <name>recentTask</name>
    <val xmlns:XMLSchema-instance="http://www.w3.org/2001/XMLSchema-instance" XMLSchema-instance:type="ArrayOfManagedObjectReference"></val>
  </propSet>
  <propSet>
    <name>runtime</name>
    <val xmlns:XMLSchema-instance="http://www.w3.org/2001/XMLSchema-instance" XMLSchema-instance:type="DVSRuntimeInfo">
      <hostMemberRuntime>
        <host type="HostSystem">host-1009</host>
        <status>up</status>
      </hostMemberRuntime>
      <hostMemberRuntime>
        <host type="HostSystem">host-1020</host>
        <status>up</status>
      </hostMemberRuntime>
      <resourceRuntimeInfo></resourceRuntimeInfo>
    </val>
  </propSet>
  <propSet>
    <name>summary</name>
    <val xmlns:XMLSchema-instance="http://www.w3.org/2001/XMLSchema-instance" XMLSchema-instance:type="DVSSummary">
      <name>DSwitch 1</name>
      <uuid>50 26 e7 fd c0 ce 70 e8-45 fe d3 2c 70 f3 40 60</uuid>
      <numPorts>16</numPorts>
      <productInfo>
        <name>DVS</name>
        <vendor>VMware, Inc.</vendor>
        <version>6.6.0</version>
        <build>00000</build>
        <forwardingClass>cswitch</forwardingClass>
      </productInfo>
      <hostMember type="HostSystem">host-1009</hostMember>
      <hostMember type="HostSystem">host-1020</hostMember>
      <portgroupName>DSwitch 1-DVUplinks-1021</portgroupName>
      <portgroupName>DSwitch 1-Management Network</portgroupName>
      <portgroupName>DSwitch 1-VM Network</portgroupName>
      <contact></contact>
      <numHosts>2</numHosts>
    </val>
  </propSet>
  <propSet>
    <name>tag</name>
    <val xmlns:XMLSchema-instance="http://www.w3.org/2001/XMLSchema-instance" XMLSchema-instance:type="ArrayOfTag"></val>
  </propSet>
  <propSet>
    <name>triggeredAlarmState</name>
    <val xmlns:XMLSchema-instance="http://www.w3.org/2001/XMLSchema-instance" XMLSchema-instance:type="ArrayOfAlarmState"></val>
  </propSet>
  <propSet>
    <name>uuid</name>
    <val xmlns:XMLSchema-instance="http://www.w3.org/2001/XMLSchema-instance" XMLSchema-instance:type="xsd:string">50 26 e7 fd c0 ce 70 e8-45 fe d3 2c 70 f3 40 60</val>
  </propSet>
  <propSet>
    <name>value</name>
    <val xmlns:XMLSchema-instance="http://www.w3.org/2001/XMLSchema-instance" XMLSchema-instance:type="ArrayOfCustomFieldValue"></val>
  </propSet>
</ObjectContent>