<ObjectContent>
  <obj type="Datastore">datastore-1010</obj>
  <propSet>
    <name>alarmActionsEnabled</name>
    <val xmlns:XMLSchema-instance="http://www.w3.org/2001/XMLSchema-instance" XMLSchema-instance:type="xsd:boolean">true</val>
  </propSet>
  <propSet>
    <name>availableField</name>
    <val xmlns:XMLSchema-instance="http://www.w3.org/2001/XMLSchema-instance" XMLSchema-instance:type="ArrayOfCustomFieldDef"></val>
  </propSet>
  <propSet>
    <name>browser</name>
    <val xmlns:XMLSchema-instance="http://www.w3.org/2001/XMLSchema-instance" XMLSchema-instance:type="ManagedObjectReference" type="HostDatastoreBrowser">datastoreBrowser-datastore-1010</val>
  </propSet>
  <propSet>
    <name>capability</name>
    <val xmlns:XMLSchema-instance="http://www.w3.org/2001/XMLSchema-instance" XMLSchema-instance:type="DatastoreCapability">
      <directoryHierarchySupported>true</directoryHierarchySupported>
      <rawDiskMappingsSupported>true</rawDiskMappingsSupported>
      <perFileThinProvisioningSupported>true</perFileThinProvisioningSupported>
      <storageIORMSupported>true</storageIORMSupported>
      <nativeSnapshotSupported>false</nativeSnapshotSupported>
      <topLevelDirectoryCreateSupported>true</topLevelDirectoryCreateSupported>
      <seSparseSupported>true</seSparseSupported>
      <vmfsSparseSupported>false</vmfsSparseSupported>
      <vsanSparseSupported>false</vsanSparseSupported>
      <vmdkExpandSupported>true</vmdkExpandSupported>
      <clusteredVmdkSupported>false</clusteredVmdkSupported>
    </val>
  </propSet>
  <propSet>
    <name>configIssue</name>
    <val xmlns:XMLSchema-instance="http://www.w3.org/2001/XMLSchema-instance" XMLSchema-instance:type="ArrayOfEvent"></val>
  </propSet>
  <propSet>
    <name>configStatus</name>
    <val xmlns:XMLSchema-instance="http://www.w3.org/2001/XMLSchema-instance" XMLSchema-instance:type="ManagedEntityStatus">gray</val>
  </propSet>
  <propSet>
    <name>customValue</name>
    <val xmlns:XMLSchema-instance="http://www.w3.org/2001/XMLSchema-instance" XMLSchema-instance:type="ArrayOfCustomFieldValue"></val>
  </propSet>
  <propSet>
    <name>declaredAlarmState</name>
    <val xmlns:XMLSchema-instance="http://www.w3.org/2001/XMLSchema-instance" XMLSchema-instance:type="ArrayOfAlarmState">
      <AlarmState>
        <key>alarm-109.datastore-1010</key>
        <entity type="Datastore">datastore-1010</entity>
        <alarm type="Alarm">alarm-109</alarm>
        <overallStatus>gray</overallStatus>
        <time>2023-04-19T14:12:10.105339Z</time>
        <acknowledged>false</acknowledged>
      </AlarmState>
      <AlarmState>
        <key>alarm-24.datastore-1010</key>
        <entity type="Datastore">datastore-1010</entity>
        <alarm type="Alarm">alarm-24</alarm>
        <overallStatus>gray</overallStatus>
        <time>2023-04-19T14:12:10.105339Z</time>
        <acknowledged>false</acknowledged>
      </AlarmState>
      <AlarmState>
        <key>alarm-28.datastore-1010</key>
        <entity type="Datastore">datastore-1010</entity>
        <alarm type="Alarm">alarm-28</alarm>
        <overallStatus>gray</overallStatus>
        <time>2023-04-19T14:12:10.105339Z</time>
        <acknowledged>false</acknowledged>
      </AlarmState>
      <AlarmState>
        <key>alarm-29.datastore-1010</key>
        <entity type="Datastore">datastore-1010</entity>
        <alarm type="Alarm">alarm-29</alarm>
        <overallStatus>gray</overallStatus>
        <time>2023-04-19T14:12:10.105339Z</time>
        <acknowledged>false</acknowledged>
      </AlarmState>
      <AlarmState>
        <key>alarm-53.datastore-1010</key>
        <entity type="Datastore">datastore-1010</entity>
        <alarm type="Alarm">alarm-53</alarm>
        <overallStatus>gray</overallStatus>
        <time>2023-04-19T14:12:10.105339Z</time>
        <acknowledged>false</acknowledged>
      </AlarmState>
      <AlarmState>
        <key>alarm-7.datastore-1010</key>
        <entity type="Datastore">datastore-1010</entity>
        <alarm type="Alarm">alarm-7</alarm>
        <overallStatus>green</overallStatus>
        <time>2022-02-12T18:37:12.673Z</time>
        <acknowledged>false</acknowledged>
      </AlarmState>
      <AlarmState>
        <key>alarm-79.datastore-1010</key>
        <entity type="Datastore">datastore-1010</entity>
        <alarm type="Alarm">alarm-79</alarm>
        <overallStatus>gray</overallStatus>
        <time>2023-04-19T14:12:10.105339Z</time>
        <acknowledged>false</acknowledged>
      </AlarmState>
      <AlarmState>
        <key>alarm-80.datastore-1010</key>
        <entity type="Datastore">datastore-1010</entity>
        <alarm type="Alarm">alarm-80</alarm>
        <overallStatus>gray</overallStatus>
        <time>2023-04-19T14:12:10.105339Z</time>
        <acknowledged>false</acknowledged>
      </AlarmState>
      <AlarmState>
        <key>alarm-84.datastore-1010</key>
        <entity type="Datastore">datastore-1010</entity>
        <alarm type="Alarm">alarm-84</alarm>
        <overallStatus>gray</overallStatus>
        <time>2023-04-19T14:12:10.105339Z</time>
        <acknowledged>false</acknowledged>
      </AlarmState>
    </val>
  </propSet>
  <propSet>
    <name>disabledMethod</name>
    <val xmlns:XMLSchema-instance="http://www.w3.org/2001/XMLSchema-instance" XMLSchema-instance:type="ArrayOfString">
      <string>DatastoreExitMaintenanceMode_Task</string>
    </val>
  </propSet>
  <propSet>
    <name>effectiveRole</name>
    <val xmlns:XMLSchema-instance="http://www.w3.org/2001/XMLSchema-instance" XMLSchema-instance:type="ArrayOfInt">
      <int>-1</int>
    </val>
  </propSet>
  <propSet>
    <name>host</name>
    <val xmlns:XMLSchema-instance="http://www.w3.org/2001/XMLSchema-instance" XMLSchema-instance:type="ArrayOfDatastoreHostMount">
      <DatastoreHostMount>
        <key type="HostSystem">host-1009</key>
        <mountInfo>
          <path>/vmfs/volumes/6207ef19-910d5fb2-ac37-000c29fef0ee</path>
          <accessMode>readWrite</accessMode>
          <mounted>true</mounted>
          <accessible>true</accessible>
        </mountInfo>
      </DatastoreHostMount>
    </val>
  </propSet>
  <propSet>
    <name>info</name>
    <val xmlns:XMLSchema-instance="http://www.w3.org/2001/XMLSchema-instance" XMLSchema-instance:type="VmfsDatastoreInfo">
      <name>datastore1</name>
      <url>ds:///vmfs/volumes/6207ef19-910d5fb2-ac37-000c29fef0ee/</url>
      <freeSpace>699955937280</freeSpace>
      <maxFileSize>70368744177664</maxFileSize>
      <maxMemoryFileSize>70368744177664</maxMemoryFileSize>
      <timestamp>2022-02-13T14:46:54.293999Z</timestamp>
      <maxPhysicalRDMFileSize>70368744177664</maxPhysicalRDMFileSize>
      <maxVirtualRDMFileSize>68169720922112</maxVirtualRDMFileSize>
      <vmfs>
        <type>VMFS</type>
        <name>datastore1</name>
        <capacity>736318455808</capacity>
        <blockSizeMb>1</blockSizeMb>
        <maxBlocks>63963136</maxBlocks>
        <majorVersion>6</majorVersion>
        <version>6.82</version>
        <uuid>6207ef19-910d5fb2-ac37-000c29fef0ee</uuid>
        <extent>
          <diskName>mpx.vmhba0:C0:T0:L0</diskName>
          <partition>8</partition>
        </extent>
        <vmfsUpgradable>false</vmfsUpgradable>
        <ssd>true</ssd>
      </vmfs>
    </val>
  </propSet>
  <propSet>
    <name>iormConfiguration</name>
    <val xmlns:XMLSchema-instance="http://www.w3.org/2001/XMLSchema-instance" XMLSchema-instance:type="StorageIORMInfo">
      <enabled>false</enabled>
      <congestionThresholdMode>automatic</congestionThresholdMode>
      <congestionThreshold>30</congestionThreshold>
      <percentOfPeakThroughput>90</percentOfPeakThroughput>
      <statsCollectionEnabled>false</statsCollectionEnabled>
      <reservationEnabled>true</reservationEnabled>
      <statsAggregationDisabled>false</statsAggregationDisabled>
    </val>
  </propSet>
  <propSet>
    <name>name</name>
    <val xmlns:XMLSchema-instance="http://www.w3.org/2001/XMLSchema-instance" XMLSchema-instance:type="xsd:string">datastore1</val>
  </propSet>
  <propSet>
    <name>overallStatus</name>
    <val xmlns:XMLSchema-instance="http://www.w3.org/2001/XMLSchema-instance" XMLSchema-instance:type="ManagedEntityStatus">green</val>
  </propSet>
  <propSet>
    <name>parent</name>
    <val xmlns:XMLSchema-instance="http://www.w3.org/2001/XMLSchema-instance" XMLSchema-instance:type="ManagedObjectReference" type="Folder">group-s23</val>
  </propSet>
  <propSet>
    <name>permission</name>
    <val xmlns:XMLSchema-instance="http://www.w3.org/2001/XMLSchema-instance" XMLSchema-instance:type="ArrayOfPermission"></val>
  </propSet>
  <propSet>
    <name>recentTask</name>
    <val xmlns:XMLSchema-instance="http://www.w3.org/2001/XMLSchema-instance" XMLSchema-instance:type="ArrayOfManagedObjectReference"></val>
  </propSet>
  <propSet>
    <name>summary</name>
    <val xmlns:XMLSchema-instance="http://www.w3.org/2001/XMLSchema-instance" XMLSchema-instance:type="DatastoreSummary">
      <datastore type="Datastore">datastore-1010</datastore>
      <name>datastore1</name>
      <url>ds:///vmfs/volumes/6207ef19-910d5fb2-ac37-000c29fef0ee/</url>
      <capacity>736318455808</capacity>
      <freeSpace>699955937280</freeSpace>
      <uncommitted>4221842943</uncommitted>
      <accessible>false</accessible>
      <multipleHostAccess>false</multipleHostAccess>
      <type>VMFS</type>
      <maintenanceMode>normal</maintenanceMode>
    </val>
  </propSet>
  <propSet>
    <name>tag</name>
    <val xmlns:XMLSchema-instance="http://www.w3.org/2001/XMLSchema-instance" XMLSchema-instance:type="ArrayOfTag"></val>
  </propSet>
  <propSet>
    <name>triggeredAlarmState</name>
    <val xmlns:XMLSchema-instance="http://www.w3.org/2001/XMLSchema-instance" XMLSchema-instance:type="ArrayOfAlarmState"></val>
  </propSet>
  <propSet>
    <name>value</name>
    <val xmlns:XMLSchema-instance="http://www.w3.org/2001/XMLSchema-instance" XMLSchema-instance:type="ArrayOfCustomFieldValue"></val>
  </propSet>
  <propSet>
    <name>vm</name>
    <val xmlns:XMLSchema-instance="http://www.w3.org/2001/XMLSchema-instance" XMLSchema-instance:type="ArrayOfManagedObjectReference">
      <ManagedObjectReference type="VirtualMachine">vm-1028</ManagedObjectReference>
      <ManagedObjectReference type="VirtualMachine">vm-1012</ManagedObjectReference>
      <ManagedObjectReference type="VirtualMachine">vm-1013</ManagedObjectReference>
    </val>
  </propSet>
</ObjectContent>