<ObjectContent>
  <obj type="ClusterComputeResource">domain-c25</obj>
  <propSet>
    <name>actionHistory</name>
    <val xmlns:XMLSchema-instance="http://www.w3.org/2001/XMLSchema-instance" XMLSchema-instance:type="ArrayOfClusterActionHistory"></val>
  </propSet>
  <propSet>
    <name>alarmActionsEnabled</name>
    <val xmlns:XMLSchema-instance="http://www.w3.org/2001/XMLSchema-instance" XMLSchema-instance:type="xsd:boolean">true</val>
  </propSet>
  <propSet>
    <name>availableField</name>
    <val xmlns:XMLSchema-instance="http://www.w3.org/2001/XMLSchema-instance" XMLSchema-instance:type="ArrayOfCustomFieldDef">
      <CustomFieldDef>
        <key>1</key>
        <name>com.vmware.vcenter.cluster.edrs.upgradeHostAdded</name>
        <type>string</type>
        <managedObjectType>ClusterComputeResource</managedObjectType>
        <fieldDefPrivileges>
          <createPrivilege>Host.Inventory.EditCluster</createPrivilege>
          <readPrivilege>Host.Inventory.EditCluster</readPrivilege>
          <updatePrivilege>Host.Inventory.EditCluster</updatePrivilege>
          <deletePrivilege>Host.Inventory.EditCluster</deletePrivilege>
        </fieldDefPrivileges>
        <fieldInstancePrivileges>
          <createPrivilege>Host.Inventory.EditCluster</createPrivilege>
          <readPrivilege>Host.Inventory.EditCluster</readPrivilege>
          <updatePrivilege>Host.Inventory.EditCluster</updatePrivilege>
          <deletePrivilege>Host.Inventory.EditCluster</deletePrivilege>
        </fieldInstancePrivileges>
      </CustomFieldDef>
    </val>
  </propSet>
  <propSet>
    <name>configIssue</name>
    <val xmlns:XMLSchema-instance="http://www.w3.org/2001/XMLSchema-instance" XMLSchema-instance:type="ArrayOfEvent"></val>
  </propSet>
  <propSet>
    <name>configStatus</name>
    <val xmlns:XMLSchema-instance="http://www.w3.org/2001/XMLSchema-instance" XMLSchema-instance:type="ManagedEntityStatus">green</val>
  </propSet>
  <propSet>
    <name>configuration</name>
    <val xmlns:XMLSchema-instance="http://www.w3.org/2001/XMLSchema-instance" XMLSchema-instance:type="ClusterConfigInfo">
      <dasConfig>
        <enabled>false</enabled>
        <vmMonitoring>vmMonitoringDisabled</vmMonitoring>
        <hostMonitoring>enabled</hostMonitoring>
        <vmComponentProtecting>enabled</vmComponentProtecting>
        <failoverLevel>1</failoverLevel>
        <admissionControlPolicy XMLSchema-instance:type="ClusterFailoverResourcesAdmissionControlPolicy">
          <resourceReductionToToleratePercent>100</resourceReductionToToleratePercent>
          <pMemAdmissionControlEnabled>false</pMemAdmissionControlEnabled>
          <cpuFailoverResourcesPercent>0</cpuFailoverResourcesPercent>
          <memoryFailoverResourcesPercent>0</memoryFailoverResourcesPercent>
          <failoverLevel>1</failoverLevel>
          <autoComputePercentages>true</autoComputePercentages>
        </admissionControlPolicy>
        <admissionControlEnabled>true</admissionControlEnabled>
        <defaultVmSettings>
          <restartPriority>medium</restartPriority>
          <restartPriorityTimeout>600</restartPriorityTimeout>
          <isolationResponse>none</isolationResponse>
          <vmToolsMonitoringSettings>
            <enabled>false</enabled>
            <vmMonitoring>vmMonitoringDisabled</vmMonitoring>
            <clusterSettings>true</clusterSettings>
            <failureInterval>30</failureInterval>
            <minUpTime>120</minUpTime>
            <maxFailures>3</maxFailures>
            <maxFailureWindow>-1</maxFailureWindow>
          </vmToolsMonitoringSettings>
          <vmComponentProtectionSettings>
            <vmStorageProtectionForAPD>restartConservative</vmStorageProtectionForAPD>
            <enableAPDTimeoutForHosts>true</enableAPDTimeoutForHosts>
            <vmTerminateDelayForAPDSec>180</vmTerminateDelayForAPDSec>
            <vmReactionOnAPDCleared>none</vmReactionOnAPDCleared>
            <vmStorageProtectionForPDL>restartAggressive</vmStorageProtectionForPDL>
          </vmComponentProtectionSettings>
        </defaultVmSettings>
        <hBDatastoreCandidatePolicy>allFeasibleDsWithUserPreference</hBDatastoreCandidatePolicy>
      </dasConfig>
      <drsConfig>
        <enabled>true</enabled>
        <enableVmBehaviorOverrides>true</enableVmBehaviorOverrides>
        <defaultVmBehavior>fullyAutomated</defaultVmBehavior>
        <vmotionRate>3</vmotionRate>
        <scaleDescendantsShares>disabled</scaleDescendantsShares>
      </drsConfig>
    </val>
  </propSet>
  <propSet>
    <name>configurationEx</name>
    <val xmlns:XMLSchema-instance="http://www.w3.org/2001/XMLSchema-instance" XMLSchema-instance:type="ClusterConfigInfoEx">
      <vmSwapPlacement>vmDirectory</vmSwapPlacement>
      <spbmEnabled>true</spbmEnabled>
      <systemVMsConfig>
        <dsTagCategoriesToExclude>SRM-com.vmware.vcDr:::status</dsTagCategoriesToExclude>
      </systemVMsConfig>
      <dasConfig>
        <enabled>false</enabled>
        <vmMonitoring>vmMonitoringDisabled</vmMonitoring>
        <hostMonitoring>enabled</hostMonitoring>
        <vmComponentProtecting>enabled</vmComponentProtecting>
        <failoverLevel>1</failoverLevel>
        <admissionControlPolicy XMLSchema-instance:type="ClusterFailoverResourcesAdmissionControlPolicy">
          <resourceReductionToToleratePercent>100</resourceReductionToToleratePercent>
          <pMemAdmissionControlEnabled>false</pMemAdmissionControlEnabled>
          <cpuFailoverResourcesPercent>0</cpuFailoverResourcesPercent>
          <memoryFailoverResourcesPercent>0</memoryFailoverResourcesPercent>
          <failoverLevel>1</failoverLevel>
          <autoComputePercentages>true</autoComputePercentages>
        </admissionControlPolicy>
        <admissionControlEnabled>true</admissionControlEnabled>
        <defaultVmSettings>
          <restartPriority>medium</restartPriority>
          <restartPriorityTimeout>600</restartPriorityTimeout>
          <isolationResponse>none</isolationResponse>
          <vmToolsMonitoringSettings>
            <enabled>false</enabled>
            <vmMonitoring>vmMonitoringDisabled</vmMonitoring>
            <clusterSettings>true</clusterSettings>
            <failureInterval>30</failureInterval>
            <minUpTime>120</minUpTime>
            <maxFailures>3</maxFailures>
            <maxFailureWindow>-1</maxFailureWindow>
          </vmToolsMonitoringSettings>
          <vmComponentProtectionSettings>
            <vmStorageProtectionForAPD>restartConservative</vmStorageProtectionForAPD>
            <enableAPDTimeoutForHosts>true</enableAPDTimeoutForHosts>
            <vmTerminateDelayForAPDSec>180</vmTerminateDelayForAPDSec>
            <vmReactionOnAPDCleared>none</vmReactionOnAPDCleared>
            <vmStorageProtectionForPDL>restartAggressive</vmStorageProtectionForPDL>
          </vmComponentProtectionSettings>
        </defaultVmSettings>
        <hBDatastoreCandidatePolicy>allFeasibleDsWithUserPreference</hBDatastoreCandidatePolicy>
      </dasConfig>
      <drsConfig>
        <enabled>true</enabled>
        <enableVmBehaviorOverrides>true</enableVmBehaviorOverrides>
        <defaultVmBehavior>fullyAutomated</defaultVmBehavior>
        <vmotionRate>3</vmotionRate>
        <scaleDescendantsShares>disabled</scaleDescendantsShares>
      </drsConfig>
      <orchestration>
        <defaultVmReadiness>
          <readyCondition>none</readyCondition>
        </defaultVmReadiness>
      </orchestration>
      <dpmConfigInfo>
        <enabled>false</enabled>
        <defaultDpmBehavior>automated</defaultDpmBehavior>
        <hostPowerActionRate>3</hostPowerActionRate>
      </dpmConfigInfo>
      <vsanConfigInfo>
        <enabled>false</enabled>
        <defaultConfig>
          <autoClaimStorage>false</autoClaimStorage>
        </defaultConfig>
      </vsanConfigInfo>
      <vsanHostConfig>
        <enabled>false</enabled>
        <hostSystem type="HostSystem">host-1009</hostSystem>
        <clusterInfo></clusterInfo>
        <storageInfo>
          <autoClaimStorage>false</autoClaimStorage>
        </storageInfo>
        <faultDomainInfo>
          <name></name>
        </faultDomainInfo>
      </vsanHostConfig>
      <vsanHostConfig>
        <enabled>false</enabled>
        <hostSystem type="HostSystem">host-1020</hostSystem>
        <clusterInfo></clusterInfo>
        <storageInfo>
          <autoClaimStorage>false</autoClaimStorage>
        </storageInfo>
        <faultDomainInfo>
          <name></name>
        </faultDomainInfo>
      </vsanHostConfig>
      <infraUpdateHaConfig>
        <enabled>false</enabled>
        <behavior>Manual</behavior>
        <moderateRemediation>QuarantineMode</moderateRemediation>
        <severeRemediation>QuarantineMode</severeRemediation>
      </infraUpdateHaConfig>
      <proactiveDrsConfig>
        <enabled>false</enabled>
      </proactiveDrsConfig>
      <cryptoConfig>
        <cryptoMode>onDemand</cryptoMode>
      </cryptoConfig>
    </val>
  </propSet>
  <propSet>
    <name>customValue</name>
    <val xmlns:XMLSchema-instance="http://www.w3.org/2001/XMLSchema-instance" XMLSchema-instance:type="ArrayOfCustomFieldValue"></val>
  </propSet>
  <propSet>
    <name>datastore</name>
    <val xmlns:XMLSchema-instance="http://www.w3.org/2001/XMLSchema-instance" XMLSchema-instance:type="ArrayOfManagedObjectReference">
      <ManagedObjectReference type="Datastore">datastore-1010</ManagedObjectReference>
      <ManagedObjectReference type="Datastore">datastore-1026</ManagedObjectReference>
    </val>
  </propSet>
  <propSet>
    <name>declaredAlarmState</name>
    <val xmlns:XMLSchema-instance="http://www.w3.org/2001/XMLSchema-instance" XMLSchema-instance:type="ArrayOfAlarmState">
      <AlarmState>
        <key>alarm-1.domain-c25</key>
        <entity type="ClusterComputeResource">domain-c25</entity>
        <alarm type="Alarm">alarm-1</alarm>
        <overallStatus>gray</overallStatus>
        <time>2023-04-19T14:12:10.105339Z</time>
        <acknowledged>false</acknowledged>
      </AlarmState>
      <AlarmState>
        <key>alarm-10.domain-c25</key>
        <entity type="ClusterComputeResource">domain-c25</entity>
        <alarm type="Alarm">alarm-10</alarm>
        <overallStatus>gray</overallStatus>
        <time>2023-04-19T14:12:10.105339Z</time>
        <acknowledged>false</acknowledged>
      </AlarmState>
      <AlarmState>
        <key>alarm-108.domain-c25</key>
        <entity type="ClusterComputeResource">domain-c25</entity>
        <alarm type="Alarm">alarm-108</alarm>
        <overallStatus>gray</overallStatus>
        <time>2023-04-19T14:12:10.105339Z</time>
        <acknowledged>false</acknowledged>
      </AlarmState>
      <AlarmState>
        <key>alarm-11.domain-c25</key>
        <entity type="ClusterComputeResource">domain-c25</entity>
        <alarm type="Alarm">alarm-11</alarm>
        <overallStatus>gray</overallStatus>
        <time>2023-04-19T14:12:10.105339Z</time>
        <acknowledged>false</acknowledged>
      </AlarmState>
      <AlarmState>
        <key>alarm-112.domain-c25</key>
        <entity type="ClusterComputeResource">domain-c25</entity>
        <alarm type="Alarm">alarm-112</alarm>
        <overallStatus>gray</overallStatus>
        <time>2023-04-19T14:12:10.105339Z</time>
        <acknowledged>false</acknowledged>
      </AlarmState>
      <AlarmState>
        <key>alarm-113.domain-c25</key>
        <entity type="ClusterComputeResource">domain-c25</entity>
        <alarm type="Alarm">alarm-113</alarm>
        <overallStatus>gray</overallStatus>
        <time>2023-04-19T14:12:10.105339Z</time>
        <acknowledged>false</acknowledged>
      </AlarmState>
      <AlarmState>
        <key>alarm-114.domain-c25</key>
        <entity type="ClusterComputeResource">domain-c25</entity>
        <alarm type="Alarm">alarm-114</alarm>
        <overallStatus>gray</overallStatus>
        <time>2023-04-19T14:12:10.105339Z</time>
        <acknowledged>false</acknowledged>
      </AlarmState>
      <AlarmState>
        <key>alarm-115.domain-c25</key>
        <entity type="ClusterComputeResource">domain-c25</entity>
        <alarm type="Alarm">alarm-115</alarm>
        <overallStatus>gray</overallStatus>
        <time>2023-04-19T14:12:10.105339Z</time>
        <acknowledged>false</acknowledged>
      </AlarmState>
      <AlarmState>
        <key>alarm-116.domain-c25</key>
        <entity type="ClusterComputeResource">domain-c25</entity>
        <alarm type="Alarm">alarm-116</alarm>
        <overallStatus>gray</overallStatus>
        <time>2023-04-19T14:12:10.105339Z</time>
        <acknowledged>false</acknowledged>
      </AlarmState>
      <AlarmState>
        <key>alarm-117.domain-c25</key>
        <entity type="ClusterComputeResource">domain-c25</entity>
        <alarm type="Alarm">alarm-117</alarm>
        <overallStatus>gray</overallStatus>
        <time>2023-04-19T14:12:10.105339Z</time>
        <acknowledged>false</acknowledged>
      </AlarmState>
      <AlarmState>
        <key>alarm-118.domain-c25</key>
        <entity type="ClusterComputeResource">domain-c25</entity>
        <alarm type="Alarm">alarm-118</alarm>
        <overallStatus>gray</overallStatus>
        <time>2023-04-19T14:12:10.105339Z</time>
        <acknowledged>false</acknowledged>
      </AlarmState>
      <AlarmState>
        <key>alarm-119.domain-c25</key>
        <entity type="ClusterComputeResource">domain-c25</entity>
        <alarm type="Alarm">alarm-119</alarm>
        <overallStatus>gray</overallStatus>
        <time>2023-04-19T14:12:10.105339Z</time>
        <acknowledged>false</acknowledged>
      </AlarmState>
      <AlarmState>
        <key>alarm-12.domain-c25</key>
        <entity type="ClusterComputeResource">domain-c25</entity>
        <alarm type="Alarm">alarm-12</alarm>
        <overallStatus>gray</overallStatus>
        <time>2023-04-19T14:12:10.105339Z</time>
        <acknowledged>false</acknowledged>
      </AlarmState>
      <AlarmState>
        <key>alarm-120.domain-c25</key>
        <entity type="ClusterComputeResource">domain-c25</entity>
        <alarm type="Alarm">alarm-120</alarm>
        <overallStatus>gray</overallStatus>
        <time>2023-04-19T14:12:10.105339Z</time>
        <acknowledged>false</acknowledged>
      </AlarmState>
      <AlarmState>
        <key>alarm-121.domain-c25</key>
        <entity type="ClusterComputeResource">domain-c25</entity>
        <alarm type="Alarm">alarm-121</alarm>
        <overallStatus>gray</overallStatus>
        <time>2023-04-19T14:12:10.105339Z</time>
        <acknowledged>false</acknowledged>
      </AlarmState>
      <AlarmState>
        <key>alarm-122.domain-c25</key>
        <entity type="ClusterComputeResource">domain-c25</entity>
        <alarm type="Alarm">alarm-122</alarm>
        <overallStatus>gray</overallStatus>
        <time>2023-04-19T14:12:10.105339Z</time>
        <acknowledged>false</acknowledged>
      </AlarmState>
      <AlarmState>
        <key>alarm-123.domain-c25</key>
        <entity type="ClusterComputeResource">domain-c25</entity>
        <alarm type="Alarm">alarm-123</alarm>
        <overallStatus>gray</overallStatus>
        <time>2023-04-19T14:12:10.105339Z</time>
        <acknowledged>false</acknowledged>
      </AlarmState>
      <AlarmState>
        <key>alarm-124.domain-c25</key>
        <entity type="ClusterComputeResource">domain-c25</entity>
        <alarm type="Alarm">alarm-124</alarm>
        <overallStatus>gray</overallStatus>
        <time>2023-04-19T14:12:10.105339Z</time>
        <acknowledged>false</acknowledged>
      </AlarmState>
      <AlarmState>
        <key>alarm-128.domain-c25</key>
        <entity type="ClusterComputeResource">domain-c25</entity>
        <alarm type="Alarm">alarm-128</alarm>
        <overallStatus>gray</overallStatus>
        <time>2023-04-19T14:12:10.105339Z</time>
        <acknowledged>false</acknowledged>
      </AlarmState>
      <AlarmState>
        <key>alarm-129.domain-c25</key>
        <entity type="ClusterComputeResource">domain-c25</entity>
        <alarm type="Alarm">alarm-129</alarm>
        <overallStatus>gray</overallStatus>
        <time>2023-04-19T14:12:10.105339Z</time>
        <acknowledged>false</acknowledged>
      </AlarmState>
      <AlarmState>
        <key>alarm-13.domain-c25</key>
        <entity type="ClusterComputeResource">domain-c25</entity>
        <alarm type="Alarm">alarm-13</alarm>
        <overallStatus>gray</overallStatus>
        <time>2023-04-19T14:12:10.105339Z</time>
        <acknowledged>false</acknowledged>
      </AlarmState>
      <AlarmState>
        <key>alarm-130.domain-c25</key>
        <entity type="ClusterComputeResource">domain-c25</entity>
        <alarm type="Alarm">alarm-130</alarm>
        <overallStatus>gray</overallStatus>
        <time>2023-04-19T14:12:10.105339Z</time>
        <acknowledged>false</acknowledged>
      </AlarmState>
      <AlarmState>
        <key>alarm-131.domain-c25</key>
        <entity type="ClusterComputeResource">domain-c25</entity>
        <alarm type="Alarm">alarm-131</alarm>
        <overallStatus>gray</overallStatus>
        <time>2023-04-19T14:12:10.105339Z</time>
        <acknowledged>false</acknowledged>
      </AlarmState>
      <AlarmState>
        <key>alarm-134.domain-c25</key>
        <entity type="ClusterComputeResource">domain-c25</entity>
        <alarm type="Alarm">alarm-134</alarm>
        <overallStatus>gray</overallStatus>
        <time>2023-04-19T14:12:10.105339Z</time>
        <acknowledged>false</acknowledged>
      </AlarmState>
      <AlarmState>
        <key>alarm-135.domain-c25</key>
        <entity type="ClusterComputeResource">domain-c25</entity>
        <alarm type="Alarm">alarm-135</alarm>
        <overallStatus>gray</overallStatus>
        <time>2023-04-19T14:12:10.105339Z</time>
        <acknowledged>false</acknowledged>
      </AlarmState>
      <AlarmState>
        <key>alarm-137.domain-c25</key>
        <entity type="ClusterComputeResource">domain-c25</entity>
        <alarm type="Alarm">alarm-137</alarm>
        <overallStatus>gray</overallStatus>
        <time>2023-04-19T14:12:10.105339Z</time>
        <acknowledged>false</acknowledged>
      </AlarmState>
      <AlarmState>
        <key>alarm-138.domain-c25</key>
        <entity type="ClusterComputeResource">domain-c25</entity>
        <alarm type="Alarm">alarm-138</alarm>
        <overallStatus>gray</overallStatus>
        <time>2023-04-19T14:12:10.105339Z</time>
        <acknowledged>false</acknowledged>
      </AlarmState>
      <AlarmState>
        <key>alarm-139.domain-c25</key>
        <entity type="ClusterComputeResource">domain-c25</entity>
        <alarm type="Alarm">alarm-139</alarm>
        <overallStatus>gray</overallStatus>
        <time>2023-04-19T14:12:10.105339Z</time>
        <acknowledged>false</acknowledged>
      </AlarmState>
      <AlarmState>
        <key>alarm-14.domain-c25</key>
        <entity type="ClusterComputeResource">domain-c25</entity>
        <alarm type="Alarm">alarm-14</alarm>
        <overallStatus>gray</overallStatus>
        <time>2023-04-19T14:12:10.105339Z</time>
        <acknowledged>false</acknowledged>
      </AlarmState>
      <AlarmState>
        <key>alarm-140.domain-c25</key>
        <entity type="ClusterComputeResource">domain-c25</entity>
        <alarm type="Alarm">alarm-140</alarm>
        <overallStatus>gray</overallStatus>
        <time>2023-04-19T14:12:10.105339Z</time>
        <acknowledged>false</acknowledged>
      </AlarmState>
      <AlarmState>
        <key>alarm-142.domain-c25</key>
        <entity type="ClusterComputeResource">domain-c25</entity>
        <alarm type="Alarm">alarm-142</alarm>
        <overallStatus>gray</overallStatus>
        <time>2023-04-19T14:12:10.105339Z</time>
        <acknowledged>false</acknowledged>
      </AlarmState>
      <AlarmState>
        <key>alarm-143.domain-c25</key>
        <entity type="ClusterComputeResource">domain-c25</entity>
        <alarm type="Alarm">alarm-143</alarm>
        <overallStatus>gray</overallStatus>
        <time>2023-04-19T14:12:10.105339Z</time>
        <acknowledged>false</acknowledged>
      </AlarmState>
      <AlarmState>
        <key>alarm-15.domain-c25</key>
        <entity type="ClusterComputeResource">domain-c25</entity>
        <alarm type="Alarm">alarm-15</alarm>
        <overallStatus>gray</overallStatus>
        <time>2023-04-19T14:12:10.105339Z</time>
        <acknowledged>false</acknowledged>
      </AlarmState>
      <AlarmState>
        <key>alarm-16.domain-c25</key>
        <entity type="ClusterComputeResource">domain-c25</entity>
        <alarm type="Alarm">alarm-16</alarm>
        <overallStatus>gray</overallStatus>
        <time>2023-04-19T14:12:10.105339Z</time>
        <acknowledged>false</acknowledged>
      </AlarmState>
      <AlarmState>
        <key>alarm-162.domain-c25</key>
        <entity type="ClusterComputeResource">domain-c25</entity>
        <alarm type="Alarm">alarm-162</alarm>
        <overallStatus>gray</overallStatus>
        <time>2023-04-19T14:12:10.105339Z</time>
        <acknowledged>false</acknowledged>
      </AlarmState>
      <AlarmState>
        <key>alarm-163.domain-c25</key>
        <entity type="ClusterComputeResource">domain-c25</entity>
        <alarm type="Alarm">alarm-163</alarm>
        <overallStatus>gray</overallStatus>
        <time>2023-04-19T14:12:10.105339Z</time>
        <acknowledged>false</acknowledged>
      </AlarmState>
      <AlarmState>
        <key>alarm-164.domain-c25</key>
        <entity type="ClusterComputeResource">domain-c25</entity>
        <alarm type="Alarm">alarm-164</alarm>
        <overallStatus>gray</overallStatus>
        <time>2023-04-19T14:12:10.105339Z</time>
        <acknowledged>false</acknowledged>
      </AlarmState>
      <AlarmState>
        <key>alarm-165.domain-c25</key>
        <entity type="ClusterComputeResource">domain-c25</entity>
        <alarm type="Alarm">alarm-165</alarm>
        <overallStatus>gray</overallStatus>
        <time>2023-04-19T14:12:10.105339Z</time>
        <acknowledged>false</acknowledged>
      </AlarmState>
      <AlarmState>
        <key>alarm-166.domain-c25</key>
        <entity type="ClusterComputeResource">domain-c25</entity>
        <alarm type="Alarm">alarm-166</alarm>
        <overallStatus>gray</overallStatus>
        <time>2023-04-19T14:12:10.105339Z</time>
        <acknowledged>false</acknowledged>
      </AlarmState>
      <AlarmState>
        <key>alarm-167.domain-c25</key>
        <entity type="ClusterComputeResource">domain-c25</entity>
        <alarm type="Alarm">alarm-167</alarm>
        <overallStatus>gray</overallStatus>
        <time>2023-04-19T14:12:10.105339Z</time>
        <acknowledged>false</acknowledged>
      </AlarmState>
      <AlarmState>
        <key>alarm-168.domain-c25</key>
        <entity type="ClusterComputeResource">domain-c25</entity>
        <alarm type="Alarm">alarm-168</alarm>
        <overallStatus>gray</overallStatus>
        <time>2023-04-19T14:12:10.105339Z</time>
        <acknowledged>false</acknowledged>
      </AlarmState>
      <AlarmState>
        <key>alarm-169.domain-c25</key>
        <entity type="ClusterComputeResource">domain-c25</entity>
        <alarm type="Alarm">alarm-169</alarm>
        <overallStatus>gray</overallStatus>
        <time>2023-04-19T14:12:10.105339Z</time>
        <acknowledged>false</acknowledged>
      </AlarmState>
      <AlarmState>
        <key>alarm-17.domain-c25</key>
        <entity type="ClusterComputeResource">domain-c25</entity>
        <alarm type="Alarm">alarm-17</alarm>
        <overallStatus>gray</overallStatus>
        <time>2023-04-19T14:12:10.105339Z</time>
        <acknowledged>false</acknowledged>
      </AlarmState>
      <AlarmState>
        <key>alarm-170.domain-c25</key>
        <entity type="ClusterComputeResource">domain-c25</entity>
        <alarm type="Alarm">alarm-170</alarm>
        <overallStatus>gray</overallStatus>
        <time>2023-04-19T14:12:10.105339Z</time>
        <acknowledged>false</acknowledged>
      </AlarmState>
      <AlarmState>
        <key>alarm-171.domain-c25</key>
        <entity type="ClusterComputeResource">domain-c25</entity>
        <alarm type="Alarm">alarm-171</alarm>
        <overallStatus>gray</overallStatus>
        <time>2023-04-19T14:12:10.105339Z</time>
        <acknowledged>false</acknowledged>
      </AlarmState>
      <AlarmState>
        <key>alarm-172.domain-c25</key>
        <entity type="ClusterComputeResource">domain-c25</entity>
        <alarm type="Alarm">alarm-172</alarm>
        <overallStatus>gray</overallStatus>
        <time>2023-04-19T14:12:10.105339Z</time>
        <acknowledged>false</acknowledged>
      </AlarmState>
      <AlarmState>
        <key>alarm-173.domain-c25</key>
        <entity type="ClusterComputeResource">domain-c25</entity>
        <alarm type="Alarm">alarm-173</alarm>
        <overallStatus>gray</overallStatus>
        <time>2023-04-19T14:12:10.105339Z</time>
        <acknowledged>false</acknowledged>
      </AlarmState>
      <AlarmState>
        <key>alarm-174.domain-c25</key>
        <entity type="ClusterComputeResource">domain-c25</entity>
        <alarm type="Alarm">alarm-174</alarm>
        <overallStatus>gray</overallStatus>
        <time>2023-04-19T14:12:10.105339Z</time>
        <acknowledged>false</acknowledged>
      </AlarmState>
      <AlarmState>
        <key>alarm-175.domain-c25</key>
        <entity type="ClusterComputeResource">domain-c25</entity>
        <alarm type="Alarm">alarm-175</alarm>
        <overallStatus>gray</overallStatus>
        <time>2023-04-19T14:12:10.105339Z</time>
        <acknowledged>false</acknowledged>
      </AlarmState>
      <AlarmState>
        <key>alarm-176.domain-c25</key>
        <entity type="ClusterComputeResource">domain-c25</entity>
        <alarm type="Alarm">alarm-176</alarm>
        <overallStatus>gray</overallStatus>
        <time>2023-04-19T14:12:10.105339Z</time>
        <acknowledged>false</acknowledged>
      </AlarmState>
      <AlarmState>
        <key>alarm-177.domain-c25</key>
        <entity type="ClusterComputeResource">domain-c25</entity>
        <alarm type="Alarm">alarm-177</alarm>
        <overallStatus>gray</overallStatus>
        <time>2023-04-19T14:12:10.105339Z</time>
        <acknowledged>false</acknowledged>
      </AlarmState>
      <AlarmState>
        <key>alarm-178.domain-c25</key>
        <entity type="ClusterComputeResource">domain-c25</entity>
        <alarm type="Alarm">alarm-178</alarm>
        <overallStatus>gray</overallStatus>
        <time>2023-04-19T14:12:10.105339Z</time>
        <acknowledged>false</acknowledged>
      </AlarmState>
      <AlarmState>
        <key>alarm-179.domain-c25</key>
        <entity type="ClusterComputeResource">domain-c25</entity>
        <alarm type="Alarm">alarm-179</alarm>
        <overallStatus>gray</overallStatus>
        <time>2023-04-19T14:12:10.105339Z</time>
        <acknowledged>false</acknowledged>
      </AlarmState>
      <AlarmState>
        <key>alarm-180.domain-c25</key>
        <entity type="ClusterComputeResource">domain-c25</entity>
        <alarm type="Alarm">alarm-180</alarm>
        <overallStatus>gray</overallStatus>
        <time>2023-04-19T14:12:10.105339Z</time>
        <acknowledged>false</acknowledged>
      </AlarmState>
      <AlarmState>
        <key>alarm-181.domain-c25</key>
        <entity type="ClusterComputeResource">domain-c25</entity>
        <alarm type="Alarm">alarm-181</alarm>
        <overallStatus>gray</overallStatus>
        <time>2023-04-19T14:12:10.105339Z</time>
        <acknowledged>false</acknowledged>
      </AlarmState>
      <AlarmState>
        <key>alarm-182.domain-c25</key>
        <entity type="ClusterComputeResource">domain-c25</entity>
        <alarm type="Alarm">alarm-182</alarm>
        <overallStatus>gray</overallStatus>
        <time>2023-04-19T14:12:10.105339Z</time>
        <acknowledged>false</acknowledged>
      </AlarmState>
      <AlarmState>
        <key>alarm-183.domain-c25</key>
        <entity type="ClusterComputeResource">domain-c25</entity>
        <alarm type="Alarm">alarm-183</alarm>
        <overallStatus>gray</overallStatus>
        <time>2023-04-19T14:12:10.105339Z</time>
        <acknowledged>false</acknowledged>
      </AlarmState>
      <AlarmState>
        <key>alarm-184.domain-c25</key>
        <entity type="ClusterComputeResource">domain-c25</entity>
        <alarm type="Alarm">alarm-184</alarm>
        <overallStatus>gray</overallStatus>
        <time>2023-04-19T14:12:10.105339Z</time>
        <acknowledged>false</acknowledged>
      </AlarmState>
      <AlarmState>
        <key>alarm-185.domain-c25</key>
        <entity type="ClusterComputeResource">domain-c25</entity>
        <alarm type="Alarm">alarm-185</alarm>
        <overallStatus>gray</overallStatus>
        <time>2023-04-19T14:12:10.105339Z</time>
        <acknowledged>false</acknowledged>
      </AlarmState>
      <AlarmState>
        <key>alarm-186.domain-c25</key>
        <entity type="ClusterComputeResource">domain-c25</entity>
        <alarm type="Alarm">alarm-186</alarm>
        <overallStatus>gray</overallStatus>
        <time>2023-04-19T14:12:10.105339Z</time>
        <acknowledged>false</acknowledged>
      </AlarmState>
      <AlarmState>
        <key>alarm-187.domain-c25</key>
        <entity type="ClusterComputeResource">domain-c25</entity>
        <alarm type="Alarm">alarm-187</alarm>
        <overallStatus>gray</overallStatus>
        <time>2023-04-19T14:12:10.105339Z</time>
        <acknowledged>false</acknowledged>
      </AlarmState>
      <AlarmState>
        <key>alarm-188.domain-c25</key>
        <entity type="ClusterComputeResource">domain-c25</entity>
        <alarm type="Alarm">alarm-188</alarm>
        <overallStatus>gray</overallStatus>
        <time>2023-04-19T14:12:10.105339Z</time>
        <acknowledged>false</acknowledged>
      </AlarmState>
      <AlarmState>
        <key>alarm-189.domain-c25</key>
        <entity type="ClusterComputeResource">domain-c25</entity>
        <alarm type="Alarm">alarm-189</alarm>
        <overallStatus>gray</overallStatus>
        <time>2023-04-19T14:12:10.105339Z</time>
        <acknowledged>false</acknowledged>
      </AlarmState>
      <AlarmState>
        <key>alarm-19.domain-c25</key>
        <entity type="ClusterComputeResource">domain-c25</entity>
        <alarm type="Alarm">alarm-19</alarm>
        <overallStatus>gray</overallStatus>
        <time>2023-04-19T14:12:10.105339Z</time>
        <acknowledged>false</acknowledged>
      </AlarmState>
      <AlarmState>
        <key>alarm-190.domain-c25</key>
        <entity type="ClusterComputeResource">domain-c25</entity>
        <alarm type="Alarm">alarm-190</alarm>
        <overallStatus>gray</overallStatus>
        <time>2023-04-19T14:12:10.105339Z</time>
        <acknowledged>false</acknowledged>
      </AlarmState>
      <AlarmState>
        <key>alarm-191.domain-c25</key>
        <entity type="ClusterComputeResource">domain-c25</entity>
        <alarm type="Alarm">alarm-191</alarm>
        <overallStatus>gray</overallStatus>
        <time>2023-04-19T14:12:10.105339Z</time>
        <acknowledged>false</acknowledged>
      </AlarmState>
      <AlarmState>
        <key>alarm-192.domain-c25</key>
        <entity type="ClusterComputeResource">domain-c25</entity>
        <alarm type="Alarm">alarm-192</alarm>
        <overallStatus>gray</overallStatus>
        <time>2023-04-19T14:12:10.105339Z</time>
        <acknowledged>false</acknowledged>
      </AlarmState>
      <AlarmState>
        <key>alarm-193.domain-c25</key>
        <entity type="ClusterComputeResource">domain-c25</entity>
        <alarm type="Alarm">alarm-193</alarm>
        <overallStatus>gray</overallStatus>
        <time>2023-04-19T14:12:10.105339Z</time>
        <acknowledged>false</acknowledged>
      </AlarmState>
      <AlarmState>
        <key>alarm-194.domain-c25</key>
        <entity type="ClusterComputeResource">domain-c25</entity>
        <alarm type="Alarm">alarm-194</alarm>
        <overallStatus>gray</overallStatus>
        <time>2023-04-19T14:12:10.105339Z</time>
        <acknowledged>false</acknowledged>
      </AlarmState>
      <AlarmState>
        <key>alarm-195.domain-c25</key>
        <entity type="ClusterComputeResource">domain-c25</entity>
        <alarm type="Alarm">alarm-195</alarm>
        <overallStatus>gray</overallStatus>
        <time>2023-04-19T14:12:10.105339Z</time>
        <acknowledged>false</acknowledged>
      </AlarmState>
      <AlarmState>
        <key>alarm-196.domain-c25</key>
        <entity type="ClusterComputeResource">domain-c25</entity>
        <alarm type="Alarm">alarm-196</alarm>
        <overallStatus>gray</overallStatus>
        <time>2023-04-19T14:12:10.105339Z</time>
        <acknowledged>false</acknowledged>
      </AlarmState>
      <AlarmState>
        <key>alarm-197.domain-c25</key>
        <entity type="ClusterComputeResource">domain-c25</entity>
        <alarm type="Alarm">alarm-197</alarm>
        <overallStatus>gray</overallStatus>
        <time>2023-04-19T14:12:10.105339Z</time>
        <acknowledged>false</acknowledged>
      </AlarmState>
      <AlarmState>
        <key>alarm-198.domain-c25</key>
        <entity type="ClusterComputeResource">domain-c25</entity>
        <alarm type="Alarm">alarm-198</alarm>
        <overallStatus>gray</overallStatus>
        <time>2023-04-19T14:12:10.105339Z</time>
        <acknowledged>false</acknowledged>
      </AlarmState>
      <AlarmState>
        <key>alarm-199.domain-c25</key>
        <entity type="ClusterComputeResource">domain-c25</entity>
        <alarm type="Alarm">alarm-199</alarm>
        <overallStatus>gray</overallStatus>
        <time>2023-04-19T14:12:10.105339Z</time>
        <acknowledged>false</acknowledged>
      </AlarmState>
      <AlarmState>
        <key>alarm-2.domain-c25</key>
        <entity type="ClusterComputeResource">domain-c25</entity>
        <alarm type="Alarm">alarm-2</alarm>
        <overallStatus>gray</overallStatus>
        <time>2023-04-19T14:12:10.105339Z</time>
        <acknowledged>false</acknowledged>
      </AlarmState>
      <AlarmState>
        <key>alarm-20.domain-c25</key>
        <entity type="ClusterComputeResource">domain-c25</entity>
        <alarm type="Alarm">alarm-20</alarm>
        <overallStatus>gray</overallStatus>
        <time>2023-04-19T14:12:10.105339Z</time>
        <acknowledged>false</acknowledged>
      </AlarmState>
      <AlarmState>
        <key>alarm-200.domain-c25</key>
        <entity type="ClusterComputeResource">domain-c25</entity>
        <alarm type="Alarm">alarm-200</alarm>
        <overallStatus>gray</overallStatus>
        <time>2023-04-19T14:12:10.105339Z</time>
        <acknowledged>false</acknowledged>
      </AlarmState>
      <AlarmState>
        <key>alarm-201.domain-c25</key>
        <entity type="ClusterComputeResource">domain-c25</entity>
        <alarm type="Alarm">alarm-201</alarm>
        <overallStatus>gray</overallStatus>
        <time>2023-04-19T14:12:10.105339Z</time>
        <acknowledged>false</acknowledged>
      </AlarmState>
      <AlarmState>
        <key>alarm-202.domain-c25</key>
        <entity type="ClusterComputeResource">domain-c25</entity>
        <alarm type="Alarm">alarm-202</alarm>
        <overallStatus>gray</overallStatus>
        <time>2023-04-19T14:12:10.105339Z</time>
        <acknowledged>false</acknowledged>
      </AlarmState>
      <AlarmState>
        <key>alarm-203.domain-c25</key>
        <entity type="ClusterComputeResource">domain-c25</entity>
        <alarm type="Alarm">alarm-203</alarm>
        <overallStatus>gray</overallStatus>
        <time>2023-04-19T14:12:10.105339Z</time>
        <acknowledged>false</acknowledged>
      </AlarmState>
      <AlarmState>
        <key>alarm-204.domain-c25</key>
        <entity type="ClusterComputeResource">domain-c25</entity>
        <alarm type="Alarm">alarm-204</alarm>
        <overallStatus>gray</overallStatus>
        <time>2023-04-19T14:12:10.105339Z</time>
        <acknowledged>false</acknowledged>
      </AlarmState>
      <AlarmState>
        <key>alarm-205.domain-c25</key>
        <entity type="ClusterComputeResource">domain-c25</entity>
        <alarm type="Alarm">alarm-205</alarm>
        <overallStatus>gray</overallStatus>
        <time>2023-04-19T14:12:10.105339Z</time>
        <acknowledged>false</acknowledged>
      </AlarmState>
      <AlarmState>
        <key>alarm-206.domain-c25</key>
        <entity type="ClusterComputeResource">domain-c25</entity>
        <alarm type="Alarm">alarm-206</alarm>
        <overallStatus>gray</overallStatus>
        <time>2023-04-19T14:12:10.105339Z</time>
        <acknowledged>false</acknowledged>
      </AlarmState>
      <AlarmState>
        <key>alarm-207.domain-c25</key>
        <entity type="ClusterComputeResource">domain-c25</entity>
        <alarm type="Alarm">alarm-207</alarm>
        <overallStatus>gray</overallStatus>
        <time>2023-04-19T14:12:10.105339Z</time>
        <acknowledged>false</acknowledged>
      </AlarmState>
      <AlarmState>
        <key>alarm-208.domain-c25</key>
        <entity type="ClusterComputeResource">domain-c25</entity>
        <alarm type="Alarm">alarm-208</alarm>
        <overallStatus>gray</overallStatus>
        <time>2023-04-19T14:12:10.105339Z</time>
        <acknowledged>false</acknowledged>
      </AlarmState>
      <AlarmState>
        <key>alarm-209.domain-c25</key>
        <entity type="ClusterComputeResource">domain-c25</entity>
        <alarm type="Alarm">alarm-209</alarm>
        <overallStatus>gray</overallStatus>
        <time>2023-04-19T14:12:10.105339Z</time>
        <acknowledged>false</acknowledged>
      </AlarmState>
      <AlarmState>
        <key>alarm-21.domain-c25</key>
        <entity type="ClusterComputeResource">domain-c25</entity>
        <alarm type="Alarm">alarm-21</alarm>
        <overallStatus>gray</overallStatus>
        <time>2023-04-19T14:12:10.105339Z</time>
        <acknowledged>false</acknowledged>
      </AlarmState>
      <AlarmState>
        <key>alarm-210.domain-c25</key>
        <entity type="ClusterComputeResource">domain-c25</entity>
        <alarm type="Alarm">alarm-210</alarm>
        <overallStatus>gray</overallStatus>
        <time>2023-04-19T14:12:10.105339Z</time>
        <acknowledged>false</acknowledged>
      </AlarmState>
      <AlarmState>
        <key>alarm-211.domain-c25</key>
        <entity type="ClusterComputeResource">domain-c25</entity>
        <alarm type="Alarm">alarm-211</alarm>
        <overallStatus>gray</overallStatus>
        <time>2023-04-19T14:12:10.105339Z</time>
        <acknowledged>false</acknowledged>
      </AlarmState>
      <AlarmState>
        <key>alarm-212.domain-c25</key>
        <entity type="ClusterComputeResource">domain-c25</entity>
        <alarm type="Alarm">alarm-212</alarm>
        <overallStatus>gray</overallStatus>
        <time>2023-04-19T14:12:10.105339Z</time>
        <acknowledged>false</acknowledged>
      </AlarmState>
      <AlarmState>
        <key>alarm-213.domain-c25</key>
        <entity type="ClusterComputeResource">domain-c25</entity>
        <alarm type="Alarm">alarm-213</alarm>
        <overallStatus>gray</overallStatus>
        <time>2023-04-19T14:12:10.105339Z</time>
        <acknowledged>false</acknowledged>
      </AlarmState>
      <AlarmState>
        <key>alarm-214.domain-c25</key>
        <entity type="ClusterComputeResource">domain-c25</entity>
        <alarm type="Alarm">alarm-214</alarm>
        <overallStatus>gray</overallStatus>
        <time>2023-04-19T14:12:10.105339Z</time>
        <acknowledged>false</acknowledged>
      </AlarmState>
      <AlarmState>
        <key>alarm-215.domain-c25</key>
        <entity type="ClusterComputeResource">domain-c25</entity>
        <alarm type="Alarm">alarm-215</alarm>
        <overallStatus>gray</overallStatus>
        <time>2023-04-19T14:12:10.105339Z</time>
        <acknowledged>false</acknowledged>
      </AlarmState>
      <AlarmState>
        <key>alarm-216.domain-c25</key>
        <entity type="ClusterComputeResource">domain-c25</entity>
        <alarm type="Alarm">alarm-216</alarm>
        <overallStatus>gray</overallStatus>
        <time>2023-04-19T14:12:10.105339Z</time>
        <acknowledged>false</acknowledged>
      </AlarmState>
      <AlarmState>
        <key>alarm-217.domain-c25</key>
        <entity type="ClusterComputeResource">domain-c25</entity>
        <alarm type="Alarm">alarm-217</alarm>
        <overallStatus>gray</overallStatus>
        <time>2023-04-19T14:12:10.105339Z</time>
        <acknowledged>false</acknowledged>
      </AlarmState>
      <AlarmState>
        <key>alarm-218.domain-c25</key>
        <entity type="ClusterComputeResource">domain-c25</entity>
        <alarm type="Alarm">alarm-218</alarm>
        <overallStatus>gray</overallStatus>
        <time>2023-04-19T14:12:10.105339Z</time>
        <acknowledged>false</acknowledged>
      </AlarmState>
      <AlarmState>
        <key>alarm-219.domain-c25</key>
        <entity type="ClusterComputeResource">domain-c25</entity>
        <alarm type="Alarm">alarm-219</alarm>
        <overallStatus>gray</overallStatus>
        <time>2023-04-19T14:12:10.105339Z</time>
        <acknowledged>false</acknowledged>
      </AlarmState>
      <AlarmState>
        <key>alarm-22.domain-c25</key>
        <entity type="ClusterComputeResource">domain-c25</entity>
        <alarm type="Alarm">alarm-22</alarm>
        <overallStatus>gray</overallStatus>
        <time>2023-04-19T14:12:10.105339Z</time>
        <acknowledged>false</acknowledged>
      </AlarmState>
      <AlarmState>
        <key>alarm-220.domain-c25</key>
        <entity type="ClusterComputeResource">domain-c25</entity>
        <alarm type="Alarm">alarm-220</alarm>
        <overallStatus>gray</overallStatus>
        <time>2023-04-19T14:12:10.105339Z</time>
        <acknowledged>false</acknowledged>
      </AlarmState>
      <AlarmState>
        <key>alarm-221.domain-c25</key>
        <entity type="ClusterComputeResource">domain-c25</entity>
        <alarm type="Alarm">alarm-221</alarm>
        <overallStatus>gray</overallStatus>
        <time>2023-04-19T14:12:10.105339Z</time>
        <acknowledged>false</acknowledged>
      </AlarmState>
      <AlarmState>
        <key>alarm-222.domain-c25</key>
        <entity type="ClusterComputeResource">domain-c25</entity>
        <alarm type="Alarm">alarm-222</alarm>
        <overallStatus>gray</overallStatus>
        <time>2023-04-19T14:12:10.105339Z</time>
        <acknowledged>false</acknowledged>
      </AlarmState>
      <AlarmState>
        <key>alarm-223.domain-c25</key>
        <entity type="ClusterComputeResource">domain-c25</entity>
        <alarm type="Alarm">alarm-223</alarm>
        <overallStatus>gray</overallStatus>
        <time>2023-04-19T14:12:10.105339Z</time>
        <acknowledged>false</acknowledged>
      </AlarmState>
      <AlarmState>
        <key>alarm-224.domain-c25</key>
        <entity type="ClusterComputeResource">domain-c25</entity>
        <alarm type="Alarm">alarm-224</alarm>
        <overallStatus>gray</overallStatus>
        <time>2023-04-19T14:12:10.105339Z</time>
        <acknowledged>false</acknowledged>
      </AlarmState>
      <AlarmState>
        <key>alarm-225.domain-c25</key>
        <entity type="ClusterComputeResource">domain-c25</entity>
        <alarm type="Alarm">alarm-225</alarm>
        <overallStatus>gray</overallStatus>
        <time>2023-04-19T14:12:10.105339Z</time>
        <acknowledged>false</acknowledged>
      </AlarmState>
      <AlarmState>
        <key>alarm-226.domain-c25</key>
        <entity type="ClusterComputeResource">domain-c25</entity>
        <alarm type="Alarm">alarm-226</alarm>
        <overallStatus>gray</overallStatus>
        <time>2023-04-19T14:12:10.105339Z</time>
        <acknowledged>false</acknowledged>
      </AlarmState>
      <AlarmState>
        <key>alarm-227.domain-c25</key>
        <entity type="ClusterComputeResource">domain-c25</entity>
        <alarm type="Alarm">alarm-227</alarm>
        <overallStatus>gray</overallStatus>
        <time>2023-04-19T14:12:10.105339Z</time>
        <acknowledged>false</acknowledged>
      </AlarmState>
      <AlarmState>
        <key>alarm-228.domain-c25</key>
        <entity type="ClusterComputeResource">domain-c25</entity>
        <alarm type="Alarm">alarm-228</alarm>
        <overallStatus>gray</overallStatus>
        <time>2023-04-19T14:12:10.105339Z</time>
        <acknowledged>false</acknowledged>
      </AlarmState>
      <AlarmState>
        <key>alarm-229.domain-c25</key>
        <entity type="ClusterComputeResource">domain-c25</entity>
        <alarm type="Alarm">alarm-229</alarm>
        <overallStatus>gray</overallStatus>
        <time>2023-04-19T14:12:10.105339Z</time>
        <acknowledged>false</acknowledged>
      </AlarmState>
      <AlarmState>
        <key>alarm-23.domain-c25</key>
        <entity type="ClusterComputeResource">domain-c25</entity>
        <alarm type="Alarm">alarm-23</alarm>
        <overallStatus>gray</overallStatus>
        <time>2023-04-19T14:12:10.105339Z</time>
        <acknowledged>false</acknowledged>
      </AlarmState>
      <AlarmState>
        <key>alarm-230.domain-c25</key>
        <entity type="ClusterComputeResource">domain-c25</entity>
        <alarm type="Alarm">alarm-230</alarm>
        <overallStatus>gray</overallStatus>
        <time>2023-04-19T14:12:10.105339Z</time>
        <acknowledged>false</acknowledged>
      </AlarmState>
      <AlarmState>
        <key>alarm-231.domain-c25</key>
        <entity type="ClusterComputeResource">domain-c25</entity>
        <alarm type="Alarm">alarm-231</alarm>
        <overallStatus>gray</overallStatus>
        <time>2023-04-19T14:12:10.105339Z</time>
        <acknowledged>false</acknowledged>
      </AlarmState>
      <AlarmState>
        <key>alarm-232.domain-c25</key>
        <entity type="ClusterComputeResource">domain-c25</entity>
        <alarm type="Alarm">alarm-232</alarm>
        <overallStatus>gray</overallStatus>
        <time>2023-04-19T14:12:10.105339Z</time>
        <acknowledged>false</acknowledged>
      </AlarmState>
      <AlarmState>
        <key>alarm-233.domain-c25</key>
        <entity type="ClusterComputeResource">domain-c25</entity>
        <alarm type="Alarm">alarm-233</alarm>
        <overallStatus>gray</overallStatus>
        <time>2023-04-19T14:12:10.105339Z</time>
        <acknowledged>false</acknowledged>
      </AlarmState>
      <AlarmState>
        <key>alarm-234.domain-c25</key>
        <entity type="ClusterComputeResource">domain-c25</entity>
        <alarm type="Alarm">alarm-234</alarm>
        <overallStatus>gray</overallStatus>
        <time>2023-04-19T14:12:10.105339Z</time>
        <acknowledged>false</acknowledged>
      </AlarmState>
      <AlarmState>
        <key>alarm-235.domain-c25</key>
        <entity type="ClusterComputeResource">domain-c25</entity>
        <alarm type="Alarm">alarm-235</alarm>
        <overallStatus>gray</overallStatus>
        <time>2023-04-19T14:12:10.105339Z</time>
        <acknowledged>false</acknowledged>
      </AlarmState>
      <AlarmState>
        <key>alarm-236.domain-c25</key>
        <entity type="ClusterComputeResource">domain-c25</entity>
        <alarm type="Alarm">alarm-236</alarm>
        <overallStatus>gray</overallStatus>
        <time>2023-04-19T14:12:10.105339Z</time>
        <acknowledged>false</acknowledged>
      </AlarmState>
      <AlarmState>
        <key>alarm-237.domain-c25</key>
        <entity type="ClusterComputeResource">domain-c25</entity>
        <alarm type="Alarm">alarm-237</alarm>
        <overallStatus>gray</overallStatus>
        <time>2023-04-19T14:12:10.105339Z</time>
        <acknowledged>false</acknowledged>
      </AlarmState>
      <AlarmState>
        <key>alarm-238.domain-c25</key>
        <entity type="ClusterComputeResource">domain-c25</entity>
        <alarm type="Alarm">alarm-238</alarm>
        <overallStatus>gray</overallStatus>
        <time>2023-04-19T14:12:10.105339Z</time>
        <acknowledged>false</acknowledged>
      </AlarmState>
      <AlarmState>
        <key>alarm-239.domain-c25</key>
        <entity type="ClusterComputeResource">domain-c25</entity>
        <alarm type="Alarm">alarm-239</alarm>
        <overallStatus>gray</overallStatus>
        <time>2023-04-19T14:12:10.105339Z</time>
        <acknowledged>false</acknowledged>
      </AlarmState>
      <AlarmState>
        <key>alarm-240.domain-c25</key>
        <entity type="ClusterComputeResource">domain-c25</entity>
        <alarm type="Alarm">alarm-240</alarm>
        <overallStatus>gray</overallStatus>
        <time>2023-04-19T14:12:10.105339Z</time>
        <acknowledged>false</acknowledged>
      </AlarmState>
      <AlarmState>
        <key>alarm-241.domain-c25</key>
        <entity type="ClusterComputeResource">domain-c25</entity>
        <alarm type="Alarm">alarm-241</alarm>
        <overallStatus>gray</overallStatus>
        <time>2023-04-19T14:12:10.105339Z</time>
        <acknowledged>false</acknowledged>
      </AlarmState>
      <AlarmState>
        <key>alarm-242.domain-c25</key>
        <entity type="ClusterComputeResource">domain-c25</entity>
        <alarm type="Alarm">alarm-242</alarm>
        <overallStatus>gray</overallStatus>
        <time>2023-04-19T14:12:10.105339Z</time>
        <acknowledged>false</acknowledged>
      </AlarmState>
      <AlarmState>
        <key>alarm-243.domain-c25</key>
        <entity type="ClusterComputeResource">domain-c25</entity>
        <alarm type="Alarm">alarm-243</alarm>
        <overallStatus>gray</overallStatus>
        <time>2023-04-19T14:12:10.105339Z</time>
        <acknowledged>false</acknowledged>
      </AlarmState>
      <AlarmState>
        <key>alarm-244.domain-c25</key>
        <entity type="ClusterComputeResource">domain-c25</entity>
        <alarm type="Alarm">alarm-244</alarm>
        <overallStatus>gray</overallStatus>
        <time>2023-04-19T14:12:10.105339Z</time>
        <acknowledged>false</acknowledged>
      </AlarmState>
      <AlarmState>
        <key>alarm-245.domain-c25</key>
        <entity type="ClusterComputeResource">domain-c25</entity>
        <alarm type="Alarm">alarm-245</alarm>
        <overallStatus>gray</overallStatus>
        <time>2023-04-19T14:12:10.105339Z</time>
        <acknowledged>false</acknowledged>
      </AlarmState>
      <AlarmState>
        <key>alarm-246.domain-c25</key>
        <entity type="ClusterComputeResource">domain-c25</entity>
        <alarm type="Alarm">alarm-246</alarm>
        <overallStatus>gray</overallStatus>
        <time>2023-04-19T14:12:10.105339Z</time>
        <acknowledged>false</acknowledged>
      </AlarmState>
      <AlarmState>
        <key>alarm-247.domain-c25</key>
        <entity type="ClusterComputeResource">domain-c25</entity>
        <alarm type="Alarm">alarm-247</alarm>
        <overallStatus>gray</overallStatus>
        <time>2023-04-19T14:12:10.105339Z</time>
        <acknowledged>false</acknowledged>
      </AlarmState>
      <AlarmState>
        <key>alarm-248.domain-c25</key>
        <entity type="ClusterComputeResource">domain-c25</entity>
        <alarm type="Alarm">alarm-248</alarm>
        <overallStatus>gray</overallStatus>
        <time>2023-04-19T14:12:10.105339Z</time>
        <acknowledged>false</acknowledged>
      </AlarmState>
      <AlarmState>
        <key>alarm-249.domain-c25</key>
        <entity type="ClusterComputeResource">domain-c25</entity>
        <alarm type="Alarm">alarm-249</alarm>
        <overallStatus>gray</overallStatus>
        <time>2023-04-19T14:12:10.105339Z</time>
        <acknowledged>false</acknowledged>
      </AlarmState>
      <AlarmState>
        <key>alarm-25.domain-c25</key>
        <entity type="ClusterComputeResource">domain-c25</entity>
        <alarm type="Alarm">alarm-25</alarm>
        <overallStatus>gray</overallStatus>
        <time>2023-04-19T14:12:10.105339Z</time>
        <acknowledged>false</acknowledged>
      </AlarmState>
      <AlarmState>
        <key>alarm-250.domain-c25</key>
        <entity type="ClusterComputeResource">domain-c25</entity>
        <alarm type="Alarm">alarm-250</alarm>
        <overallStatus>gray</overallStatus>
        <time>2023-04-19T14:12:10.105339Z</time>
        <acknowledged>false</acknowledged>
      </AlarmState>
      <AlarmState>
        <key>alarm-251.domain-c25</key>
        <entity type="ClusterComputeResource">domain-c25</entity>
        <alarm type="Alarm">alarm-251</alarm>
        <overallStatus>gray</overallStatus>
        <time>2023-04-19T14:12:10.105339Z</time>
        <acknowledged>false</acknowledged>
      </AlarmState>
      <AlarmState>
        <key>alarm-252.domain-c25</key>
        <entity type="ClusterComputeResource">domain-c25</entity>
        <alarm type="Alarm">alarm-252</alarm>
        <overallStatus>gray</overallStatus>
        <time>2023-04-19T14:12:10.105339Z</time>
        <acknowledged>false</acknowledged>
      </AlarmState>
      <AlarmState>
        <key>alarm-253.domain-c25</key>
        <entity type="ClusterComputeResource">domain-c25</entity>
        <alarm type="Alarm">alarm-253</alarm>
        <overallStatus>gray</overallStatus>
        <time>2023-04-19T14:12:10.105339Z</time>
        <acknowledged>false</acknowledged>
      </AlarmState>
      <AlarmState>
        <key>alarm-254.domain-c25</key>
        <entity type="ClusterComputeResource">domain-c25</entity>
        <alarm type="Alarm">alarm-254</alarm>
        <overallStatus>gray</overallStatus>
        <time>2023-04-19T14:12:10.105339Z</time>
        <acknowledged>false</acknowledged>
      </AlarmState>
      <AlarmState>
        <key>alarm-255.domain-c25</key>
        <entity type="ClusterComputeResource">domain-c25</entity>
        <alarm type="Alarm">alarm-255</alarm>
        <overallStatus>gray</overallStatus>
        <time>2023-04-19T14:12:10.105339Z</time>
        <acknowledged>false</acknowledged>
      </AlarmState>
      <AlarmState>
        <key>alarm-256.domain-c25</key>
        <entity type="ClusterComputeResource">domain-c25</entity>
        <alarm type="Alarm">alarm-256</alarm>
        <overallStatus>gray</overallStatus>
        <time>2023-04-19T14:12:10.105339Z</time>
        <acknowledged>false</acknowledged>
      </AlarmState>
      <AlarmState>
        <key>alarm-257.domain-c25</key>
        <entity type="ClusterComputeResource">domain-c25</entity>
        <alarm type="Alarm">alarm-257</alarm>
        <overallStatus>gray</overallStatus>
        <time>2023-04-19T14:12:10.105339Z</time>
        <acknowledged>false</acknowledged>
      </AlarmState>
      <AlarmState>
        <key>alarm-258.domain-c25</key>
        <entity type="ClusterComputeResource">domain-c25</entity>
        <alarm type="Alarm">alarm-258</alarm>
        <overallStatus>gray</overallStatus>
        <time>2023-04-19T14:12:10.105339Z</time>
        <acknowledged>false</acknowledged>
      </AlarmState>
      <AlarmState>
        <key>alarm-259.domain-c25</key>
        <entity type="ClusterComputeResource">domain-c25</entity>
        <alarm type="Alarm">alarm-259</alarm>
        <overallStatus>gray</overallStatus>
        <time>2023-04-19T14:12:10.105339Z</time>
        <acknowledged>false</acknowledged>
      </AlarmState>
      <AlarmState>
        <key>alarm-26.domain-c25</key>
        <entity type="ClusterComputeResource">domain-c25</entity>
        <alarm type="Alarm">alarm-26</alarm>
        <overallStatus>gray</overallStatus>
        <time>2023-04-19T14:12:10.105339Z</time>
        <acknowledged>false</acknowledged>
      </AlarmState>
      <AlarmState>
        <key>alarm-260.domain-c25</key>
        <entity type="ClusterComputeResource">domain-c25</entity>
        <alarm type="Alarm">alarm-260</alarm>
        <overallStatus>gray</overallStatus>
        <time>2023-04-19T14:12:10.105339Z</time>
        <acknowledged>false</acknowledged>
      </AlarmState>
      <AlarmState>
        <key>alarm-261.domain-c25</key>
        <entity type="ClusterComputeResource">domain-c25</entity>
        <alarm type="Alarm">alarm-261</alarm>
        <overallStatus>gray</overallStatus>
        <time>2023-04-19T14:12:10.105339Z</time>
        <acknowledged>false</acknowledged>
      </AlarmState>
      <AlarmState>
        <key>alarm-262.domain-c25</key>
        <entity type="ClusterComputeResource">domain-c25</entity>
        <alarm type="Alarm">alarm-262</alarm>
        <overallStatus>gray</overallStatus>
        <time>2023-04-19T14:12:10.105339Z</time>
        <acknowledged>false</acknowledged>
      </AlarmState>
      <AlarmState>
        <key>alarm-263.domain-c25</key>
        <entity type="ClusterComputeResource">domain-c25</entity>
        <alarm type="Alarm">alarm-263</alarm>
        <overallStatus>gray</overallStatus>
        <time>2023-04-19T14:12:10.105339Z</time>
        <acknowledged>false</acknowledged>
      </AlarmState>
      <AlarmState>
        <key>alarm-264.domain-c25</key>
        <entity type="ClusterComputeResource">domain-c25</entity>
        <alarm type="Alarm">alarm-264</alarm>
        <overallStatus>gray</overallStatus>
        <time>2023-04-19T14:12:10.105339Z</time>
        <acknowledged>false</acknowledged>
      </AlarmState>
      <AlarmState>
        <key>alarm-265.domain-c25</key>
        <entity type="ClusterComputeResource">domain-c25</entity>
        <alarm type="Alarm">alarm-265</alarm>
        <overallStatus>gray</overallStatus>
        <time>2023-04-19T14:12:10.105339Z</time>
        <acknowledged>false</acknowledged>
      </AlarmState>
      <AlarmState>
        <key>alarm-266.domain-c25</key>
        <entity type="ClusterComputeResource">domain-c25</entity>
        <alarm type="Alarm">alarm-266</alarm>
        <overallStatus>gray</overallStatus>
        <time>2023-04-19T14:12:10.105339Z</time>
        <acknowledged>false</acknowledged>
      </AlarmState>
      <AlarmState>
        <key>alarm-267.domain-c25</key>
        <entity type="ClusterComputeResource">domain-c25</entity>
        <alarm type="Alarm">alarm-267</alarm>
        <overallStatus>gray</overallStatus>
        <time>2023-04-19T14:12:10.105339Z</time>
        <acknowledged>false</acknowledged>
      </AlarmState>
      <AlarmState>
        <key>alarm-268.domain-c25</key>
        <entity type="ClusterComputeResource">domain-c25</entity>
        <alarm type="Alarm">alarm-268</alarm>
        <overallStatus>gray</overallStatus>
        <time>2023-04-19T14:12:10.105339Z</time>
        <acknowledged>false</acknowledged>
      </AlarmState>
      <AlarmState>
        <key>alarm-269.domain-c25</key>
        <entity type="ClusterComputeResource">domain-c25</entity>
        <alarm type="Alarm">alarm-269</alarm>
        <overallStatus>gray</overallStatus>
        <time>2023-04-19T14:12:10.105339Z</time>
        <acknowledged>false</acknowledged>
      </AlarmState>
      <AlarmState>
        <key>alarm-270.domain-c25</key>
        <entity type="ClusterComputeResource">domain-c25</entity>
        <alarm type="Alarm">alarm-270</alarm>
        <overallStatus>gray</overallStatus>
        <time>2023-04-19T14:12:10.105339Z</time>
        <acknowledged>false</acknowledged>
      </AlarmState>
      <AlarmState>
        <key>alarm-271.domain-c25</key>
        <entity type="ClusterComputeResource">domain-c25</entity>
        <alarm type="Alarm">alarm-271</alarm>
        <overallStatus>gray</overallStatus>
        <time>2023-04-19T14:12:10.105339Z</time>
        <acknowledged>false</acknowledged>
      </AlarmState>
      <AlarmState>
        <key>alarm-272.domain-c25</key>
        <entity type="ClusterComputeResource">domain-c25</entity>
        <alarm type="Alarm">alarm-272</alarm>
        <overallStatus>gray</overallStatus>
        <time>2023-04-19T14:12:10.105339Z</time>
        <acknowledged>false</acknowledged>
      </AlarmState>
      <AlarmState>
        <key>alarm-273.domain-c25</key>
        <entity type="ClusterComputeResource">domain-c25</entity>
        <alarm type="Alarm">alarm-273</alarm>
        <overallStatus>gray</overallStatus>
        <time>2023-04-19T14:12:10.105339Z</time>
        <acknowledged>false</acknowledged>
      </AlarmState>
      <AlarmState>
        <key>alarm-274.domain-c25</key>
        <entity type="ClusterComputeResource">domain-c25</entity>
        <alarm type="Alarm">alarm-274</alarm>
        <overallStatus>gray</overallStatus>
        <time>2023-04-19T14:12:10.105339Z</time>
        <acknowledged>false</acknowledged>
      </AlarmState>
      <AlarmState>
        <key>alarm-275.domain-c25</key>
        <entity type="ClusterComputeResource">domain-c25</entity>
        <alarm type="Alarm">alarm-275</alarm>
        <overallStatus>gray</overallStatus>
        <time>2023-04-19T14:12:10.105339Z</time>
        <acknowledged>false</acknowledged>
      </AlarmState>
      <AlarmState>
        <key>alarm-276.domain-c25</key>
        <entity type="ClusterComputeResource">domain-c25</entity>
        <alarm type="Alarm">alarm-276</alarm>
        <overallStatus>gray</overallStatus>
        <time>2023-04-19T14:12:10.105339Z</time>
        <acknowledged>false</acknowledged>
      </AlarmState>
      <AlarmState>
        <key>alarm-277.domain-c25</key>
        <entity type="ClusterComputeResource">domain-c25</entity>
        <alarm type="Alarm">alarm-277</alarm>
        <overallStatus>gray</overallStatus>
        <time>2023-04-19T14:12:10.105339Z</time>
        <acknowledged>false</acknowledged>
      </AlarmState>
      <AlarmState>
        <key>alarm-278.domain-c25</key>
        <entity type="ClusterComputeResource">domain-c25</entity>
        <alarm type="Alarm">alarm-278</alarm>
        <overallStatus>gray</overallStatus>
        <time>2023-04-19T14:12:10.105339Z</time>
        <acknowledged>false</acknowledged>
      </AlarmState>
      <AlarmState>
        <key>alarm-279.domain-c25</key>
        <entity type="ClusterComputeResource">domain-c25</entity>
        <alarm type="Alarm">alarm-279</alarm>
        <overallStatus>gray</overallStatus>
        <time>2023-04-19T14:12:10.105339Z</time>
        <acknowledged>false</acknowledged>
      </AlarmState>
      <AlarmState>
        <key>alarm-280.domain-c25</key>
        <entity type="ClusterComputeResource">domain-c25</entity>
        <alarm type="Alarm">alarm-280</alarm>
        <overallStatus>gray</overallStatus>
        <time>2023-04-19T14:12:10.105339Z</time>
        <acknowledged>false</acknowledged>
      </AlarmState>
      <AlarmState>
        <key>alarm-281.domain-c25</key>
        <entity type="ClusterComputeResource">domain-c25</entity>
        <alarm type="Alarm">alarm-281</alarm>
        <overallStatus>gray</overallStatus>
        <time>2023-04-19T14:12:10.105339Z</time>
        <acknowledged>false</acknowledged>
      </AlarmState>
      <AlarmState>
        <key>alarm-282.domain-c25</key>
        <entity type="ClusterComputeResource">domain-c25</entity>
        <alarm type="Alarm">alarm-282</alarm>
        <overallStatus>gray</overallStatus>
        <time>2023-04-19T14:12:10.105339Z</time>
        <acknowledged>false</acknowledged>
      </AlarmState>
      <AlarmState>
        <key>alarm-283.domain-c25</key>
        <entity type="ClusterComputeResource">domain-c25</entity>
        <alarm type="Alarm">alarm-283</alarm>
        <overallStatus>gray</overallStatus>
        <time>2023-04-19T14:12:10.105339Z</time>
        <acknowledged>false</acknowledged>
      </AlarmState>
      <AlarmState>
        <key>alarm-284.domain-c25</key>
        <entity type="ClusterComputeResource">domain-c25</entity>
        <alarm type="Alarm">alarm-284</alarm>
        <overallStatus>gray</overallStatus>
        <time>2023-04-19T14:12:10.105339Z</time>
        <acknowledged>false</acknowledged>
      </AlarmState>
      <AlarmState>
        <key>alarm-285.domain-c25</key>
        <entity type="ClusterComputeResource">domain-c25</entity>
        <alarm type="Alarm">alarm-285</alarm>
        <overallStatus>gray</overallStatus>
        <time>2023-04-19T14:12:10.105339Z</time>
        <acknowledged>false</acknowledged>
      </AlarmState>
      <AlarmState>
        <key>alarm-286.domain-c25</key>
        <entity type="ClusterComputeResource">domain-c25</entity>
        <alarm type="Alarm">alarm-286</alarm>
        <overallStatus>gray</overallStatus>
        <time>2023-04-19T14:12:10.105339Z</time>
        <acknowledged>false</acknowledged>
      </AlarmState>
      <AlarmState>
        <key>alarm-287.domain-c25</key>
        <entity type="ClusterComputeResource">domain-c25</entity>
        <alarm type="Alarm">alarm-287</alarm>
        <overallStatus>gray</overallStatus>
        <time>2023-04-19T14:12:10.105339Z</time>
        <acknowledged>false</acknowledged>
      </AlarmState>
      <AlarmState>
        <key>alarm-288.domain-c25</key>
        <entity type="ClusterComputeResource">domain-c25</entity>
        <alarm type="Alarm">alarm-288</alarm>
        <overallStatus>gray</overallStatus>
        <time>2023-04-19T14:12:10.105339Z</time>
        <acknowledged>false</acknowledged>
      </AlarmState>
      <AlarmState>
        <key>alarm-289.domain-c25</key>
        <entity type="ClusterComputeResource">domain-c25</entity>
        <alarm type="Alarm">alarm-289</alarm>
        <overallStatus>gray</overallStatus>
        <time>2023-04-19T14:12:10.105339Z</time>
        <acknowledged>false</acknowledged>
      </AlarmState>
      <AlarmState>
        <key>alarm-290.domain-c25</key>
        <entity type="ClusterComputeResource">domain-c25</entity>
        <alarm type="Alarm">alarm-290</alarm>
        <overallStatus>gray</overallStatus>
        <time>2023-04-19T14:12:10.105339Z</time>
        <acknowledged>false</acknowledged>
      </AlarmState>
      <AlarmState>
        <key>alarm-291.domain-c25</key>
        <entity type="ClusterComputeResource">domain-c25</entity>
        <alarm type="Alarm">alarm-291</alarm>
        <overallStatus>gray</overallStatus>
        <time>2023-04-19T14:12:10.105339Z</time>
        <acknowledged>false</acknowledged>
      </AlarmState>
      <AlarmState>
        <key>alarm-292.domain-c25</key>
        <entity type="ClusterComputeResource">domain-c25</entity>
        <alarm type="Alarm">alarm-292</alarm>
        <overallStatus>gray</overallStatus>
        <time>2023-04-19T14:12:10.105339Z</time>
        <acknowledged>false</acknowledged>
      </AlarmState>
      <AlarmState>
        <key>alarm-293.domain-c25</key>
        <entity type="ClusterComputeResource">domain-c25</entity>
        <alarm type="Alarm">alarm-293</alarm>
        <overallStatus>gray</overallStatus>
        <time>2023-04-19T14:12:10.105339Z</time>
        <acknowledged>false</acknowledged>
      </AlarmState>
      <AlarmState>
        <key>alarm-294.domain-c25</key>
        <entity type="ClusterComputeResource">domain-c25</entity>
        <alarm type="Alarm">alarm-294</alarm>
        <overallStatus>gray</overallStatus>
        <time>2023-04-19T14:12:10.105339Z</time>
        <acknowledged>false</acknowledged>
      </AlarmState>
      <AlarmState>
        <key>alarm-295.domain-c25</key>
        <entity type="ClusterComputeResource">domain-c25</entity>
        <alarm type="Alarm">alarm-295</alarm>
        <overallStatus>gray</overallStatus>
        <time>2023-04-19T14:12:10.105339Z</time>
        <acknowledged>false</acknowledged>
      </AlarmState>
      <AlarmState>
        <key>alarm-296.domain-c25</key>
        <entity type="ClusterComputeResource">domain-c25</entity>
        <alarm type="Alarm">alarm-296</alarm>
        <overallStatus>gray</overallStatus>
        <time>2023-04-19T14:12:10.105339Z</time>
        <acknowledged>false</acknowledged>
      </AlarmState>
      <AlarmState>
        <key>alarm-3.domain-c25</key>
        <entity type="ClusterComputeResource">domain-c25</entity>
        <alarm type="Alarm">alarm-3</alarm>
        <overallStatus>gray</overallStatus>
        <time>2023-04-19T14:12:10.105339Z</time>
        <acknowledged>false</acknowledged>
      </AlarmState>
      <AlarmState>
        <key>alarm-34.domain-c25</key>
        <entity type="ClusterComputeResource">domain-c25</entity>
        <alarm type="Alarm">alarm-34</alarm>
        <overallStatus>gray</overallStatus>
        <time>2023-04-19T14:12:10.105339Z</time>
        <acknowledged>false</acknowledged>
      </AlarmState>
      <AlarmState>
        <key>alarm-35.domain-c25</key>
        <entity type="ClusterComputeResource">domain-c25</entity>
        <alarm type="Alarm">alarm-35</alarm>
        <overallStatus>gray</overallStatus>
        <time>2023-04-19T14:12:10.105339Z</time>
        <acknowledged>false</acknowledged>
      </AlarmState>
      <AlarmState>
        <key>alarm-36.domain-c25</key>
        <entity type="ClusterComputeResource">domain-c25</entity>
        <alarm type="Alarm">alarm-36</alarm>
        <overallStatus>gray</overallStatus>
        <time>2023-04-19T14:12:10.105339Z</time>
        <acknowledged>false</acknowledged>
      </AlarmState>
      <AlarmState>
        <key>alarm-37.domain-c25</key>
        <entity type="ClusterComputeResource">domain-c25</entity>
        <alarm type="Alarm">alarm-37</alarm>
        <overallStatus>gray</overallStatus>
        <time>2023-04-19T14:12:10.105339Z</time>
        <acknowledged>false</acknowledged>
      </AlarmState>
      <AlarmState>
        <key>alarm-38.domain-c25</key>
        <entity type="ClusterComputeResource">domain-c25</entity>
        <alarm type="Alarm">alarm-38</alarm>
        <overallStatus>gray</overallStatus>
        <time>2023-04-19T14:12:10.105339Z</time>
        <acknowledged>false</acknowledged>
      </AlarmState>
      <AlarmState>
        <key>alarm-39.domain-c25</key>
        <entity type="ClusterComputeResource">domain-c25</entity>
        <alarm type="Alarm">alarm-39</alarm>
        <overallStatus>gray</overallStatus>
        <time>2023-04-19T14:12:10.105339Z</time>
        <acknowledged>false</acknowledged>
      </AlarmState>
      <AlarmState>
        <key>alarm-4.domain-c25</key>
        <entity type="ClusterComputeResource">domain-c25</entity>
        <alarm type="Alarm">alarm-4</alarm>
        <overallStatus>gray</overallStatus>
        <time>2023-04-19T14:12:10.105339Z</time>
        <acknowledged>false</acknowledged>
      </AlarmState>
      <AlarmState>
        <key>alarm-40.domain-c25</key>
        <entity type="ClusterComputeResource">domain-c25</entity>
        <alarm type="Alarm">alarm-40</alarm>
        <overallStatus>gray</overallStatus>
        <time>2023-04-19T14:12:10.105339Z</time>
        <acknowledged>false</acknowledged>
      </AlarmState>
      <AlarmState>
        <key>alarm-42.domain-c25</key>
        <entity type="ClusterComputeResource">domain-c25</entity>
        <alarm type="Alarm">alarm-42</alarm>
        <overallStatus>gray</overallStatus>
        <time>2023-04-19T14:12:10.105339Z</time>
        <acknowledged>false</acknowledged>
      </AlarmState>
      <AlarmState>
        <key>alarm-43.domain-c25</key>
        <entity type="ClusterComputeResource">domain-c25</entity>
        <alarm type="Alarm">alarm-43</alarm>
        <overallStatus>gray</overallStatus>
        <time>2023-04-19T14:12:10.105339Z</time>
        <acknowledged>false</acknowledged>
      </AlarmState>
      <AlarmState>
        <key>alarm-44.domain-c25</key>
        <entity type="ClusterComputeResource">domain-c25</entity>
        <alarm type="Alarm">alarm-44</alarm>
        <overallStatus>gray</overallStatus>
        <time>2023-04-19T14:12:10.105339Z</time>
        <acknowledged>false</acknowledged>
      </AlarmState>
      <AlarmState>
        <key>alarm-45.domain-c25</key>
        <entity type="ClusterComputeResource">domain-c25</entity>
        <alarm type="Alarm">alarm-45</alarm>
        <overallStatus>gray</overallStatus>
        <time>2023-04-19T14:12:10.105339Z</time>
        <acknowledged>false</acknowledged>
      </AlarmState>
      <AlarmState>
        <key>alarm-46.domain-c25</key>
        <entity type="ClusterComputeResource">domain-c25</entity>
        <alarm type="Alarm">alarm-46</alarm>
        <overallStatus>gray</overallStatus>
        <time>2023-04-19T14:12:10.105339Z</time>
        <acknowledged>false</acknowledged>
      </AlarmState>
      <AlarmState>
        <key>alarm-47.domain-c25</key>
        <entity type="ClusterComputeResource">domain-c25</entity>
        <alarm type="Alarm">alarm-47</alarm>
        <overallStatus>gray</overallStatus>
        <time>2023-04-19T14:12:10.105339Z</time>
        <acknowledged>false</acknowledged>
      </AlarmState>
      <AlarmState>
        <key>alarm-48.domain-c25</key>
        <entity type="ClusterComputeResource">domain-c25</entity>
        <alarm type="Alarm">alarm-48</alarm>
        <overallStatus>gray</overallStatus>
        <time>2023-04-19T14:12:10.105339Z</time>
        <acknowledged>false</acknowledged>
      </AlarmState>
      <AlarmState>
        <key>alarm-49.domain-c25</key>
        <entity type="ClusterComputeResource">domain-c25</entity>
        <alarm type="Alarm">alarm-49</alarm>
        <overallStatus>gray</overallStatus>
        <time>2023-04-19T14:12:10.105339Z</time>
        <acknowledged>false</acknowledged>
      </AlarmState>
      <AlarmState>
        <key>alarm-5.domain-c25</key>
        <entity type="ClusterComputeResource">domain-c25</entity>
        <alarm type="Alarm">alarm-5</alarm>
        <overallStatus>gray</overallStatus>
        <time>2023-04-19T14:12:10.105339Z</time>
        <acknowledged>false</acknowledged>
      </AlarmState>
      <AlarmState>
        <key>alarm-50.domain-c25</key>
        <entity type="ClusterComputeResource">domain-c25</entity>
        <alarm type="Alarm">alarm-50</alarm>
        <overallStatus>gray</overallStatus>
        <time>2023-04-19T14:12:10.105339Z</time>
        <acknowledged>false</acknowledged>
      </AlarmState>
      <AlarmState>
        <key>alarm-51.domain-c25</key>
        <entity type="ClusterComputeResource">domain-c25</entity>
        <alarm type="Alarm">alarm-51</alarm>
        <overallStatus>gray</overallStatus>
        <time>2023-04-19T14:12:10.105339Z</time>
        <acknowledged>false</acknowledged>
      </AlarmState>
      <AlarmState>
        <key>alarm-52.domain-c25</key>
        <entity type="ClusterComputeResource">domain-c25</entity>
        <alarm type="Alarm">alarm-52</alarm>
        <overallStatus>gray</overallStatus>
        <time>2023-04-19T14:12:10.105339Z</time>
        <acknowledged>false</acknowledged>
      </AlarmState>
      <AlarmState>
        <key>alarm-54.domain-c25</key>
        <entity type="ClusterComputeResource">domain-c25</entity>
        <alarm type="Alarm">alarm-54</alarm>
        <overallStatus>gray</overallStatus>
        <time>2023-04-19T14:12:10.105339Z</time>
        <acknowledged>false</acknowledged>
      </AlarmState>
      <AlarmState>
        <key>alarm-6.domain-c25</key>
        <entity type="ClusterComputeResource">domain-c25</entity>
        <alarm type="Alarm">alarm-6</alarm>
        <overallStatus>gray</overallStatus>
        <time>2023-04-19T14:12:10.105339Z</time>
        <acknowledged>false</acknowledged>
      </AlarmState>
      <AlarmState>
        <key>alarm-77.domain-c25</key>
        <entity type="ClusterComputeResource">domain-c25</entity>
        <alarm type="Alarm">alarm-77</alarm>
        <overallStatus>gray</overallStatus>
        <time>2023-04-19T14:12:10.105339Z</time>
        <acknowledged>false</acknowledged>
      </AlarmState>
      <AlarmState>
        <key>alarm-81.domain-c25</key>
        <entity type="ClusterComputeResource">domain-c25</entity>
        <alarm type="Alarm">alarm-81</alarm>
        <overallStatus>gray</overallStatus>
        <time>2023-04-19T14:12:10.105339Z</time>
        <acknowledged>false</acknowledged>
      </AlarmState>
      <AlarmState>
        <key>alarm-82.domain-c25</key>
        <entity type="ClusterComputeResource">domain-c25</entity>
        <alarm type="Alarm">alarm-82</alarm>
        <overallStatus>gray</overallStatus>
        <time>2023-04-19T14:12:10.105339Z</time>
        <acknowledged>false</acknowledged>
      </AlarmState>
      <AlarmState>
        <key>alarm-8201.domain-c25</key>
        <entity type="ClusterComputeResource">domain-c25</entity>
        <alarm type="Alarm">alarm-8201</alarm>
        <overallStatus>gray</overallStatus>
        <time>2023-04-19T14:14:44.993933Z</time>
        <acknowledged>false</acknowledged>
      </AlarmState>
      <AlarmState>
        <key>alarm-85.domain-c25</key>
        <entity type="ClusterComputeResource">domain-c25</entity>
        <alarm type="Alarm">alarm-85</alarm>
        <overallStatus>gray</overallStatus>
        <time>2023-04-19T14:12:10.105339Z</time>
        <acknowledged>false</acknowledged>
      </AlarmState>
      <AlarmState>
        <key>alarm-86.domain-c25</key>
        <entity type="ClusterComputeResource">domain-c25</entity>
        <alarm type="Alarm">alarm-86</alarm>
        <overallStatus>gray</overallStatus>
        <time>2023-04-19T14:12:10.105339Z</time>
        <acknowledged>false</acknowledged>
      </AlarmState>
      <AlarmState>
        <key>alarm-88.domain-c25</key>
        <entity type="ClusterComputeResource">domain-c25</entity>
        <alarm type="Alarm">alarm-88</alarm>
        <overallStatus>gray</overallStatus>
        <time>2023-04-19T14:12:10.105339Z</time>
        <acknowledged>false</acknowledged>
      </AlarmState>
      <AlarmState>
        <key>alarm-9.domain-c25</key>
        <entity type="ClusterComputeResource">domain-c25</entity>
        <alarm type="Alarm">alarm-9</alarm>
        <overallStatus>gray</overallStatus>
        <time>2023-04-19T14:12:10.105339Z</time>
        <acknowledged>false</acknowledged>
      </AlarmState>
      <AlarmState>
        <key>alarm-90.domain-c25</key>
        <entity type="ClusterComputeResource">domain-c25</entity>
        <alarm type="Alarm">alarm-90</alarm>
        <overallStatus>gray</overallStatus>
        <time>2023-04-19T14:12:10.105339Z</time>
        <acknowledged>false</acknowledged>
      </AlarmState>
      <AlarmState>
        <key>alarm-91.domain-c25</key>
        <entity type="ClusterComputeResource">domain-c25</entity>
        <alarm type="Alarm">alarm-91</alarm>
        <overallStatus>gray</overallStatus>
        <time>2023-04-19T14:12:10.105339Z</time>
        <acknowledged>false</acknowledged>
      </AlarmState>
      <AlarmState>
        <key>alarm-93.domain-c25</key>
        <entity type="ClusterComputeResource">domain-c25</entity>
        <alarm type="Alarm">alarm-93</alarm>
        <overallStatus>gray</overallStatus>
        <time>2023-04-19T14:12:10.105339Z</time>
        <acknowledged>false</acknowledged>
      </AlarmState>
    </val>
  </propSet>
  <propSet>
    <name>disabledMethod</name>
    <val xmlns:XMLSchema-instance="http://www.w3.org/2001/XMLSchema-instance" XMLSchema-instance:type="ArrayOfString"></val>
  </propSet>
  <propSet>
    <name>drsFault</name>
    <val xmlns:XMLSchema-instance="http://www.w3.org/2001/XMLSchema-instance" XMLSchema-instance:type="ArrayOfClusterDrsFaults"></val>
  </propSet>
  <propSet>
    <name>drsRecommendation</name>
    <val xmlns:XMLSchema-instance="http://www.w3.org/2001/XMLSchema-instance" XMLSchema-instance:type="ArrayOfClusterDrsRecommendation"></val>
  </propSet>
  <propSet>
    <name>effectiveRole</name>
    <val xmlns:XMLSchema-instance="http://www.w3.org/2001/XMLSchema-instance" XMLSchema-instance:type="ArrayOfInt">
      <int>-1</int>
    </val>
  </propSet>
  <propSet>
    <name>hciConfig</name>
    <val xmlns:XMLSchema-instance="http://www.w3.org/2001/XMLSchema-instance" XMLSchema-instance:type="ClusterComputeResourceHCIConfigInfo">
      <workflowState>in_progress</workflowState>
    </val>
  </propSet>
  <propSet>
    <name>host</name>
    <val xmlns:XMLSchema-instance="http://www.w3.org/2001/XMLSchema-instance" XMLSchema-instance:type="ArrayOfManagedObjectReference">
      <ManagedObjectReference type="HostSystem">host-1020</ManagedObjectReference>
      <ManagedObjectReference type="HostSystem">host-1009</ManagedObjectReference>
    </val>
  </propSet>
  <propSet>
    <name>lifecycleManaged</name>
    <val xmlns:XMLSchema-instance="http://www.w3.org/2001/XMLSchema-instance" XMLSchema-instance:type="xsd:boolean">false</val>
  </propSet>
  <propSet>
    <name>migrationHistory</name>
    <val xmlns:XMLSchema-instance="http://www.w3.org/2001/XMLSchema-instance" XMLSchema-instance:type="ArrayOfClusterDrsMigration"></val>
  </propSet>
  <propSet>
    <name>name</name>
    <val xmlns:XMLSchema-instance="http://www.w3.org/2001/XMLSchema-instance" XMLSchema-instance:type="xsd:string">TinyCluster</val>
  </propSet>
  <propSet>
    <name>network</name>
    <val xmlns:XMLSchema-instance="http://www.w3.org/2001/XMLSchema-instance" XMLSchema-instance:type="ArrayOfManagedObjectReference">
      <ManagedObjectReference type="Network">network-1025</ManagedObjectReference>
      <ManagedObjectReference type="Network">network-1011</ManagedObjectReference>
      <ManagedObjectReference type="DistributedVirtualPortgroup">dvportgroup-1022</ManagedObjectReference>
      <ManagedObjectReference type="DistributedVirtualPortgroup">dvportgroup-1023</ManagedObjectReference>
      <ManagedObjectReference type="DistributedVirtualPortgroup">dvportgroup-1024</ManagedObjectReference>
    </val>
  </propSet>
  <propSet>
    <name>overallStatus</name>
    <val xmlns:XMLSchema-instance="http://www.w3.org/2001/XMLSchema-instance" XMLSchema-instance:type="ManagedEntityStatus">green</val>
  </propSet>
  <propSet>
    <name>parent</name>
    <val xmlns:XMLSchema-instance="http://www.w3.org/2001/XMLSchema-instance" XMLSchema-instance:type="ManagedObjectReference" type="Folder">group-h22</val>
  </propSet>
  <propSet>
    <name>permission</name>
    <val xmlns:XMLSchema-instance="http://www.w3.org/2001/XMLSchema-instance" XMLSchema-instance:type="ArrayOfPermission"></val>
  </propSet>
  <propSet>
    <name>recentTask</name>
    <val xmlns:XMLSchema-instance="http://www.w3.org/2001/XMLSchema-instance" XMLSchema-instance:type="ArrayOfManagedObjectReference"></val>
  </propSet>
  <propSet>
    <name>recommendation</name>
    <val xmlns:XMLSchema-instance="http://www.w3.org/2001/XMLSchema-instance" XMLSchema-instance:type="ArrayOfClusterRecommendation"></val>
  </propSet>
  <propSet>
    <name>resourcePool</name>
    <val xmlns:XMLSchema-instance="http://www.w3.org/2001/XMLSchema-instance" XMLSchema-instance:type="ManagedObjectReference" type="ResourcePool">resgroup-26</val>
  </propSet>
  <propSet>
    <name>summary</name>
    <val xmlns:XMLSchema-instance="http://www.w3.org/2001/XMLSchema-instance" XMLSchema-instance:type="ClusterComputeResourceSummary">
      <totalCpu>9600</totalCpu>
      <totalMemory>8579350528</totalMemory>
      <numCpuCores>4</numCpuCores>
      <numCpuThreads>4</numCpuThreads>
      <effectiveCpu>0</effectiveCpu>
      <effectiveMemory>0</effectiveMemory>
      <numHosts>2</numHosts>
      <numEffectiveHosts>0</numEffectiveHosts>
      <overallStatus>green</overallStatus>
      <currentFailoverLevel>1</currentFailoverLevel>
      <numVmotions>0</numVmotions>
      <targetBalance>-1000</targetBalance>
      <currentBalance>-1000</currentBalance>
      <drsScore>100</drsScore>
      <usageSummary>
        <totalCpuCapacityMhz>0</totalCpuCapacityMhz>
        <totalMemCapacityMB>0</totalMemCapacityMB>
        <cpuReservationMhz>0</cpuReservationMhz>
        <memReservationMB>0</memReservationMB>
        <cpuDemandMhz>0</cpuDemandMhz>
        <memDemandMB>0</memDemandMB>
        <statsGenNumber>-1</statsGenNumber>
        <cpuEntitledMhz>0</cpuEntitledMhz>
        <memEntitledMB>0</memEntitledMB>
        <poweredOffVmCount>0</poweredOffVmCount>
        <totalVmCount>0</totalVmCount>
      </usageSummary>
      <clusterMaintenanceModeStatus>notInMaintenanceMode</clusterMaintenanceModeStatus>
      <vcsHealthStatus>healthy</vcsHealthStatus>
      <vcsSlots>
        <systemId>vCLS</systemId>
        <host type="HostSystem">host-1009</host>
        <totalSlots>1</totalSlots>
      </vcsSlots>
    </val>
  </propSet>
  <propSet>
    <name>summaryEx</name>
    <val xmlns:XMLSchema-instance="http://www.w3.org/2001/XMLSchema-instance" XMLSchema-instance:type="ClusterComputeResourceSummary">
      <totalCpu>9600</totalCpu>
      <totalMemory>8579350528</totalMemory>
      <numCpuCores>4</numCpuCores>
      <numCpuThreads>4</numCpuThreads>
      <effectiveCpu>0</effectiveCpu>
      <effectiveMemory>0</effectiveMemory>
      <numHosts>2</numHosts>
      <numEffectiveHosts>0</numEffectiveHosts>
      <overallStatus>green</overallStatus>
      <currentFailoverLevel>1</currentFailoverLevel>
      <numVmotions>0</numVmotions>
      <targetBalance>-1000</targetBalance>
      <currentBalance>-1000</currentBalance>
      <drsScore>100</drsScore>
      <usageSummary>
        <totalCpuCapacityMhz>0</totalCpuCapacityMhz>
        <totalMemCapacityMB>0</totalMemCapacityMB>
        <cpuReservationMhz>0</cpuReservationMhz>
        <memReservationMB>0</memReservationMB>
        <cpuDemandMhz>0</cpuDemandMhz>
        <memDemandMB>0</memDemandMB>
        <statsGenNumber>-1</statsGenNumber>
        <cpuEntitledMhz>0</cpuEntitledMhz>
        <memEntitledMB>0</memEntitledMB>
        <poweredOffVmCount>0</poweredOffVmCount>
        <totalVmCount>0</totalVmCount>
      </usageSummary>
      <clusterMaintenanceModeStatus>notInMaintenanceMode</clusterMaintenanceModeStatus>
      <vcsHealthStatus>healthy</vcsHealthStatus>
      <vcsSlots>
        <systemId>vCLS</systemId>
        <host type="HostSystem">host-1009</host>
        <totalSlots>1</totalSlots>
      </vcsSlots>
    </val>
  </propSet>
  <propSet>
    <name>tag</name>
    <val xmlns:XMLSchema-instance="http://www.w3.org/2001/XMLSchema-instance" XMLSchema-instance:type="ArrayOfTag"></val>
  </propSet>
  <propSet>
    <name>triggeredAlarmState</name>
    <val xmlns:XMLSchema-instance="http://www.w3.org/2001/XMLSchema-instance" XMLSchema-instance:type="ArrayOfAlarmState">
      <AlarmState>
        <key>alarm-88.host-1009</key>
        <entity type="HostSystem">host-1009</entity>
        <alarm type="Alarm">alarm-88</alarm>
        <overallStatus>red</overallStatus>
        <time>2022-10-06T14:28:06.296Z</time>
        <acknowledged>false</acknowledged>
        <eventKey>69022</eventKey>
      </AlarmState>
      <AlarmState>
        <key>alarm-88.host-1020</key>
        <entity type="HostSystem">host-1020</entity>
        <alarm type="Alarm">alarm-88</alarm>
        <overallStatus>red</overallStatus>
        <time>2022-10-06T14:28:08.544Z</time>
        <acknowledged>false</acknowledged>
        <eventKey>69027</eventKey>
      </AlarmState>
    </val>
  </propSet>
  <propSet>
    <name>value</name>
    <val xmlns:XMLSchema-instance="http://www.w3.org/2001/XMLSchema-instance" XMLSchema-instance:type="ArrayOfCustomFieldValue"></val>
  </propSet>
</ObjectContent>