<ObjectContent>
  <obj type="VirtualMachine">vm-18</obj>
  <propSet>
    <name>alarmActionsEnabled</name>
    <val xmlns:XMLSchema-instance="http://www.w3.org/2001/XMLSchema-instance" XMLSchema-instance:type="xsd:boolean">true</val>
  </propSet>
  <propSet>
    <name>availableField</name>
    <val xmlns:XMLSchema-instance="http://www.w3.org/2001/XMLSchema-instance" XMLSchema-instance:type="ArrayOfCustomFieldDef"></val>
  </propSet>
  <propSet>
    <name>capability</name>
    <val xmlns:XMLSchema-instance="http://www.w3.org/2001/XMLSchema-instance" XMLSchema-instance:type="VirtualMachineCapability">
      <snapshotOperationsSupported>true</snapshotOperationsSupported>
      <multipleSnapshotsSupported>true</multipleSnapshotsSupported>
      <snapshotConfigSupported>true</snapshotConfigSupported>
      <poweredOffSnapshotsSupported>true</poweredOffSnapshotsSupported>
      <memorySnapshotsSupported>true</memorySnapshotsSupported>
      <revertToSnapshotSupported>true</revertToSnapshotSupported>
      <quiescedSnapshotsSupported>true</quiescedSnapshotsSupported>
      <disableSnapshotsSupported>false</disableSnapshotsSupported>
      <lockSnapshotsSupported>true</lockSnapshotsSupported>
      <consolePreferencesSupported>false</consolePreferencesSupported>
      <cpuFeatureMaskSupported>true</cpuFeatureMaskSupported>
      <s1AcpiManagementSupported>true</s1AcpiManagementSupported>
      <settingScreenResolutionSupported>true</settingScreenResolutionSupported>
      <toolsAutoUpdateSupported>false</toolsAutoUpdateSupported>
      <vmNpivWwnSupported>true</vmNpivWwnSupported>
      <npivWwnOnNonRdmVmSupported>true</npivWwnOnNonRdmVmSupported>
      <vmNpivWwnDisableSupported>true</vmNpivWwnDisableSupported>
      <vmNpivWwnUpdateSupported>true</vmNpivWwnUpdateSupported>
      <swapPlacementSupported>true</swapPlacementSupported>
      <toolsSyncTimeSupported>true</toolsSyncTimeSupported>
      <virtualMmuUsageSupported>true</virtualMmuUsageSupported>
      <diskSharesSupported>true</diskSharesSupported>
      <bootOptionsSupported>true</bootOptionsSupported>
      <bootRetryOptionsSupported>true</bootRetryOptionsSupported>
      <settingVideoRamSizeSupported>true</settingVideoRamSizeSupported>
      <settingDisplayTopologySupported>true</settingDisplayTopologySupported>
      <recordReplaySupported>false</recordReplaySupported>
      <changeTrackingSupported>true</changeTrackingSupported>
      <multipleCoresPerSocketSupported>true</multipleCoresPerSocketSupported>
      <hostBasedReplicationSupported>true</hostBasedReplicationSupported>
      <guestAutoLockSupported>true</guestAutoLockSupported>
      <memoryReservationLockSupported>true</memoryReservationLockSupported>
      <featureRequirementSupported>true</featureRequirementSupported>
      <poweredOnMonitorTypeChangeSupported>true</poweredOnMonitorTypeChangeSupported>
      <seSparseDiskSupported>true</seSparseDiskSupported>
      <nestedHVSupported>true</nestedHVSupported>
      <vPMCSupported>true</vPMCSupported>
      <secureBootSupported>false</secureBootSupported>
      <perVmEvcSupported>false</perVmEvcSupported>
      <virtualMmuUsageIgnored>false</virtualMmuUsageIgnored>
      <virtualExecUsageIgnored>false</virtualExecUsageIgnored>
      <diskOnlySnapshotOnSuspendedVMSupported>true</diskOnlySnapshotOnSuspendedVMSupported>
      <suspendToMemorySupported>true</suspendToMemorySupported>
      <toolsSyncTimeAllowSupported>true</toolsSyncTimeAllowSupported>
      <sevSupported>false</sevSupported>
      <pmemFailoverSupported>false</pmemFailoverSupported>
    </val>
  </propSet>
  <propSet>
    <name>config</name>
    <val xmlns:XMLSchema-instance="http://www.w3.org/2001/XMLSchema-instance" XMLSchema-instance:type="VirtualMachineConfigInfo">
      <changeVersion>2023-04-19T12:49:40.760728Z</changeVersion>
      <modified>1970-01-01T00:00:00Z</modified>
      <name>demo2</name>
      <guestFullName>Ubuntu Linux (64-bit)</guestFullName>
      <version>vmx-13</version>
      <uuid>4226ee45-00a8-8982-2680-3cbede0e53cd</uuid>
      <createDate>2022-02-12T17:17:41.947065Z</createDate>
      <instanceUuid>5026af9d-909d-62e6-8e9e-b58bcb42bc91</instanceUuid>
      <npivTemporaryDisabled>true</npivTemporaryDisabled>
      <locationId>564dbb84-af4e-2183-5ea2-4d50b72b7af8</locationId>
      <template>false</template>
      <guestId>ubuntu64Guest</guestId>
      <alternateGuestName></alternateGuestName>
      <files>
        <vmPathName>[datastore1] demo2/demo2.vmx</vmPathName>
        <snapshotDirectory>[datastore1] demo2/</snapshotDirectory>
        <suspendDirectory>[datastore1] demo2/</suspendDirectory>
        <logDirectory>[datastore1] demo2/</logDirectory>
      </files>
      <tools>
        <toolsVersion>11360</toolsVersion>
        <toolsInstallType>guestToolsTypeOpenVMTools</toolsInstallType>
        <afterPowerOn>true</afterPowerOn>
        <afterResume>true</afterResume>
        <beforeGuestStandby>true</beforeGuestStandby>
        <beforeGuestShutdown>true</beforeGuestShutdown>
        <toolsUpgradePolicy>manual</toolsUpgradePolicy>
        <syncTimeWithHostAllowed>true</syncTimeWithHostAllowed>
        <syncTimeWithHost>false</syncTimeWithHost>
        <lastInstallInfo>
          <counter>1</counter>
        </lastInstallInfo>
      </tools>
      <flags>
        <disableAcceleration>false</disableAcceleration>
        <enableLogging>true</enableLogging>
        <useToe>false</useToe>
        <runWithDebugInfo>false</runWithDebugInfo>
        <monitorType>release</monitorType>
        <htSharing>any</htSharing>
        <snapshotDisabled>false</snapshotDisabled>
        <snapshotLocked>false</snapshotLocked>
        <diskUuidEnabled>false</diskUuidEnabled>
        <virtualMmuUsage>automatic</virtualMmuUsage>
        <virtualExecUsage>hvAuto</virtualExecUsage>
        <snapshotPowerOffBehavior>powerOff</snapshotPowerOffBehavior>
        <recordReplayEnabled>false</recordReplayEnabled>
        <faultToleranceType>unset</faultToleranceType>
        <cbrcCacheEnabled>false</cbrcCacheEnabled>
        <vvtdEnabled>false</vvtdEnabled>
        <vbsEnabled>false</vbsEnabled>
      </flags>
      <defaultPowerOps>
        <powerOffType>soft</powerOffType>
        <suspendType>hard</suspendType>
        <resetType>soft</resetType>
        <defaultPowerOffType>soft</defaultPowerOffType>
        <defaultSuspendType>hard</defaultSuspendType>
        <defaultResetType>soft</defaultResetType>
        <standbyAction>checkpoint</standbyAction>
      </defaultPowerOps>
      <hardware>
        <numCPU>1</numCPU>
        <numCoresPerSocket>1</numCoresPerSocket>
        <memoryMB>1024</memoryMB>
        <virtualICH7MPresent>false</virtualICH7MPresent>
        <virtualSMCPresent>false</virtualSMCPresent>
        <device XMLSchema-instance:type="VirtualIDEController">
          <key>200</key>
          <deviceInfo XMLSchema-instance:type="Description">
            <label>IDE 0</label>
            <summary>IDE 0</summary>
          </deviceInfo>
          <busNumber>0</busNumber>
        </device>
        <device XMLSchema-instance:type="VirtualIDEController">
          <key>201</key>
          <deviceInfo XMLSchema-instance:type="Description">
            <label>IDE 1</label>
            <summary>IDE 1</summary>
          </deviceInfo>
          <busNumber>1</busNumber>
        </device>
        <device XMLSchema-instance:type="VirtualPS2Controller">
          <key>300</key>
          <deviceInfo XMLSchema-instance:type="Description">
            <label>PS2 controller 0</label>
            <summary>PS2 controller 0</summary>
          </deviceInfo>
          <busNumber>0</busNumber>
          <device>600</device>
          <device>700</device>
        </device>
        <device XMLSchema-instance:type="VirtualPCIController">
          <key>100</key>
          <deviceInfo XMLSchema-instance:type="Description">
            <label>PCI controller 0</label>
            <summary>PCI controller 0</summary>
          </deviceInfo>
          <busNumber>0</busNumber>
          <device>500</device>
          <device>12000</device>
          <device>7000</device>
          <device>1000</device>
          <device>15000</device>
          <device>4000</device>
        </device>
        <device XMLSchema-instance:type="VirtualSIOController">
          <key>400</key>
          <deviceInfo XMLSchema-instance:type="Description">
            <label>SIO controller 0</label>
            <summary>SIO controller 0</summary>
          </deviceInfo>
          <busNumber>0</busNumber>
        </device>
        <device XMLSchema-instance:type="VirtualKeyboard">
          <key>600</key>
          <deviceInfo XMLSchema-instance:type="Description">
            <label>Keyboard </label>
            <summary>Keyboard</summary>
          </deviceInfo>
          <controllerKey>300</controllerKey>
          <unitNumber>0</unitNumber>
        </device>
        <device XMLSchema-instance:type="VirtualPointingDevice">
          <key>700</key>
          <deviceInfo XMLSchema-instance:type="Description">
            <label>Pointing device</label>
            <summary>Pointing device; Device</summary>
          </deviceInfo>
          <backing XMLSchema-instance:type="VirtualPointingDeviceDeviceBackingInfo">
            <deviceName></deviceName>
            <useAutoDetect>false</useAutoDetect>
            <hostPointingDevice>autodetect</hostPointingDevice>
          </backing>
          <controllerKey>300</controllerKey>
          <unitNumber>1</unitNumber>
        </device>
        <device XMLSchema-instance:type="VirtualMachineVideoCard">
          <key>500</key>
          <deviceInfo XMLSchema-instance:type="Description">
            <label>Video card </label>
            <summary>Video card</summary>
          </deviceInfo>
          <controllerKey>100</controllerKey>
          <unitNumber>0</unitNumber>
          <videoRamSizeInKB>4096</videoRamSizeInKB>
          <numDisplays>1</numDisplays>
          <useAutoDetect>false</useAutoDetect>
          <enable3DSupport>false</enable3DSupport>
          <use3dRenderer>automatic</use3dRenderer>
          <graphicsMemorySizeInKB>262144</graphicsMemorySizeInKB>
        </device>
        <device XMLSchema-instance:type="VirtualMachineVMCIDevice">
          <key>12000</key>
          <deviceInfo XMLSchema-instance:type="Description">
            <label>VMCI device</label>
            <summary>Device on the virtual machine PCI bus that provides support for the virtual machine communication interface</summary>
          </deviceInfo>
          <controllerKey>100</controllerKey>
          <unitNumber>17</unitNumber>
          <id>-569486387</id>
          <allowUnrestrictedCommunication>false</allowUnrestrictedCommunication>
          <filterEnable>true</filterEnable>
        </device>
        <device XMLSchema-instance:type="VirtualUSBController">
          <key>7000</key>
          <deviceInfo XMLSchema-instance:type="Description">
            <label>USB controller </label>
            <summary>Auto connect Disabled</summary>
          </deviceInfo>
          <slotInfo XMLSchema-instance:type="VirtualUSBControllerPciBusSlotInfo">
            <pciSlotNumber>32</pciSlotNumber>
            <ehciPciSlotNumber>33</ehciPciSlotNumber>
          </slotInfo>
          <controllerKey>100</controllerKey>
          <unitNumber>22</unitNumber>
          <busNumber>0</busNumber>
          <autoConnectDevices>false</autoConnectDevices>
          <ehciEnabled>true</ehciEnabled>
        </device>
        <device XMLSchema-instance:type="VirtualLsiLogicController">
          <key>1000</key>
          <deviceInfo XMLSchema-instance:type="Description">
            <label>SCSI controller 0</label>
            <summary>LSI Logic</summary>
          </deviceInfo>
          <slotInfo XMLSchema-instance:type="VirtualDevicePciBusSlotInfo">
            <pciSlotNumber>16</pciSlotNumber>
          </slotInfo>
          <controllerKey>100</controllerKey>
          <unitNumber>3</unitNumber>
          <busNumber>0</busNumber>
          <device>2000</device>
          <hotAddRemove>true</hotAddRemove>
          <sharedBus>noSharing</sharedBus>
          <scsiCtlrUnitNumber>7</scsiCtlrUnitNumber>
        </device>
        <device XMLSchema-instance:type="VirtualAHCIController">
          <key>15000</key>
          <deviceInfo XMLSchema-instance:type="Description">
            <label>SATA controller 0</label>
            <summary>AHCI</summary>
          </deviceInfo>
          <slotInfo XMLSchema-instance:type="VirtualDevicePciBusSlotInfo">
            <pciSlotNumber>34</pciSlotNumber>
          </slotInfo>
          <controllerKey>100</controllerKey>
          <unitNumber>24</unitNumber>
          <busNumber>0</busNumber>
          <device>16000</device>
        </device>
        <device XMLSchema-instance:type="VirtualCdrom">
          <key>16000</key>
          <deviceInfo XMLSchema-instance:type="Description">
            <label>CD/DVD drive 1</label>
            <summary>Remote ATAPI</summary>
          </deviceInfo>
          <backing XMLSchema-instance:type="VirtualCdromRemoteAtapiBackingInfo">
            <deviceName></deviceName>
            <useAutoDetect>true</useAutoDetect>
          </backing>
          <connectable>
            <startConnected>false</startConnected>
            <allowGuestControl>true</allowGuestControl>
            <connected>false</connected>
            <status>ok</status>
          </connectable>
          <controllerKey>15000</controllerKey>
          <unitNumber>0</unitNumber>
        </device>
        <device XMLSchema-instance:type="VirtualDisk">
          <key>2000</key>
          <deviceInfo XMLSchema-instance:type="Description">
            <label>Hard disk 1</label>
            <summary>16,777,216 KB</summary>
          </deviceInfo>
          <backing XMLSchema-instance:type="VirtualDiskFlatVer2BackingInfo">
            <fileName>[datastore1] demo2/demo2.vmdk</fileName>
            <datastore type="Datastore">datastore-11</datastore>
            <diskMode>persistent</diskMode>
            <split>false</split>
            <writeThrough>false</writeThrough>
            <thinProvisioned>false</thinProvisioned>
            <eagerlyScrub>false</eagerlyScrub>
            <uuid>6000C294-f058-1ccc-0746-3a947d8d553d</uuid>
            <contentId>28c64db790138c37e683fcfe9ffedf2b</contentId>
            <digestEnabled>false</digestEnabled>
            <sharing>sharingNone</sharing>
          </backing>
          <controllerKey>1000</controllerKey>
          <unitNumber>0</unitNumber>
          <capacityInKB>16777216</capacityInKB>
          <capacityInBytes>17179869184</capacityInBytes>
          <shares>
            <shares>1000</shares>
            <level>normal</level>
          </shares>
          <storageIOAllocation>
            <limit>-1</limit>
            <shares>
              <shares>1000</shares>
              <level>normal</level>
            </shares>
            <reservation>0</reservation>
          </storageIOAllocation>
          <diskObjectId>4-2000</diskObjectId>
          <nativeUnmanagedLinkedClone>false</nativeUnmanagedLinkedClone>
        </device>
        <device XMLSchema-instance:type="VirtualVmxnet3">
          <key>4000</key>
          <deviceInfo XMLSchema-instance:type="Description">
            <label>Network adapter 1</label>
            <summary>VM Network</summary>
          </deviceInfo>
          <backing XMLSchema-instance:type="VirtualEthernetCardNetworkBackingInfo">
            <deviceName>VM Network</deviceName>
            <useAutoDetect>false</useAutoDetect>
            <network type="Network">network-12</network>
          </backing>
          <connectable>
            <migrateConnect>unset</migrateConnect>
            <startConnected>true</startConnected>
            <allowGuestControl>true</allowGuestControl>
            <connected>true</connected>
            <status>ok</status>
          </connectable>
          <slotInfo XMLSchema-instance:type="VirtualDevicePciBusSlotInfo">
            <pciSlotNumber>160</pciSlotNumber>
          </slotInfo>
          <controllerKey>100</controllerKey>
          <unitNumber>7</unitNumber>
          <addressType>assigned</addressType>
          <macAddress>00:50:56:a6:28:a1</macAddress>
          <wakeOnLanEnabled>false</wakeOnLanEnabled>
          <resourceAllocation>
            <reservation>0</reservation>
            <share>
              <shares>50</shares>
              <level>normal</level>
            </share>
            <limit>-1</limit>
          </resourceAllocation>
          <uptCompatibilityEnabled>true</uptCompatibilityEnabled>
        </device>
      </hardware>
      <cpuAllocation>
        <reservation>0</reservation>
        <expandableReservation>false</expandableReservation>
        <limit>-1</limit>
        <shares>
          <shares>1000</shares>
          <level>normal</level>
        </shares>
      </cpuAllocation>
      <memoryAllocation>
        <reservation>0</reservation>
        <expandableReservation>false</expandableReservation>
        <limit>-1</limit>
        <shares>
          <shares>10240</shares>
          <level>normal</level>
        </shares>
      </memoryAllocation>
      <latencySensitivity>
        <level>normal</level>
      </latencySensitivity>
      <memoryHotAddEnabled>false</memoryHotAddEnabled>
      <cpuHotAddEnabled>false</cpuHotAddEnabled>
      <cpuHotRemoveEnabled>false</cpuHotRemoveEnabled>
      <hotPlugMemoryLimit>1024</hotPlugMemoryLimit>
      <extraConfig XMLSchema-instance:type="OptionValue">
        <key>sched.cpu.latencySensitivity</key>
        <value XMLSchema-instance:type="xsd:string">normal</value>
      </extraConfig>
      <extraConfig XMLSchema-instance:type="OptionValue">
        <key>tools.guest.desktop.autolock</key>
        <value XMLSchema-instance:type="xsd:string">FALSE</value>
      </extraConfig>
      <extraConfig XMLSchema-instance:type="OptionValue">
        <key>svga.present</key>
        <value XMLSchema-instance:type="xsd:string">TRUE</value>
      </extraConfig>
      <extraConfig XMLSchema-instance:type="OptionValue">
        <key>pciBridge0.present</key>
        <value XMLSchema-instance:type="xsd:string">TRUE</value>
      </extraConfig>
      <extraConfig XMLSchema-instance:type="OptionValue">
        <key>pciBridge4.present</key>
        <value XMLSchema-instance:type="xsd:string">TRUE</value>
      </extraConfig>
      <extraConfig XMLSchema-instance:type="OptionValue">
        <key>pciBridge4.virtualDev</key>
        <value XMLSchema-instance:type="xsd:string">pcieRootPort</value>
      </extraConfig>
      <extraConfig XMLSchema-instance:type="OptionValue">
        <key>pciBridge4.functions</key>
        <value XMLSchema-instance:type="xsd:string">8</value>
      </extraConfig>
      <extraConfig XMLSchema-instance:type="OptionValue">
        <key>pciBridge5.present</key>
        <value XMLSchema-instance:type="xsd:string">TRUE</value>
      </extraConfig>
      <extraConfig XMLSchema-instance:type="OptionValue">
        <key>pciBridge5.virtualDev</key>
        <value XMLSchema-instance:type="xsd:string">pcieRootPort</value>
      </extraConfig>
      <extraConfig XMLSchema-instance:type="OptionValue">
        <key>pciBridge5.functions</key>
        <value XMLSchema-instance:type="xsd:string">8</value>
      </extraConfig>
      <extraConfig XMLSchema-instance:type="OptionValue">
        <key>pciBridge6.present</key>
        <value XMLSchema-instance:type="xsd:string">TRUE</value>
      </extraConfig>
      <extraConfig XMLSchema-instance:type="OptionValue">
        <key>pciBridge6.virtualDev</key>
        <value XMLSchema-instance:type="xsd:string">pcieRootPort</value>
      </extraConfig>
      <extraConfig XMLSchema-instance:type="OptionValue">
        <key>pciBridge6.functions</key>
        <value XMLSchema-instance:type="xsd:string">8</value>
      </extraConfig>
      <extraConfig XMLSchema-instance:type="OptionValue">
        <key>pciBridge7.present</key>
        <value XMLSchema-instance:type="xsd:string">TRUE</value>
      </extraConfig>
      <extraConfig XMLSchema-instance:type="OptionValue">
        <key>pciBridge7.virtualDev</key>
        <value XMLSchema-instance:type="xsd:string">pcieRootPort</value>
      </extraConfig>
      <extraConfig XMLSchema-instance:type="OptionValue">
        <key>pciBridge7.functions</key>
        <value XMLSchema-instance:type="xsd:string">8</value>
      </extraConfig>
      <extraConfig XMLSchema-instance:type="OptionValue">
        <key>hpet0.present</key>
        <value XMLSchema-instance:type="xsd:string">TRUE</value>
      </extraConfig>
      <extraConfig XMLSchema-instance:type="OptionValue">
        <key>usb.pciSlotNumber</key>
        <value XMLSchema-instance:type="xsd:string">32</value>
      </extraConfig>
      <extraConfig XMLSchema-instance:type="OptionValue">
        <key>ehci.pciSlotNumber</key>
        <value XMLSchema-instance:type="xsd:string">33</value>
      </extraConfig>
      <extraConfig XMLSchema-instance:type="OptionValue">
        <key>scsi0.pciSlotNumber</key>
        <value XMLSchema-instance:type="xsd:string">16</value>
      </extraConfig>
      <extraConfig XMLSchema-instance:type="OptionValue">
        <key>sata0:0.autodetect</key>
        <value XMLSchema-instance:type="xsd:string">TRUE</value>
      </extraConfig>
      <extraConfig XMLSchema-instance:type="OptionValue">
        <key>ethernet0.pciSlotNumber</key>
        <value XMLSchema-instance:type="xsd:string">160</value>
      </extraConfig>
      <extraConfig XMLSchema-instance:type="OptionValue">
        <key>nvram</key>
        <value XMLSchema-instance:type="xsd:string">demo2.nvram</value>
      </extraConfig>
      <extraConfig XMLSchema-instance:type="OptionValue">
        <key>monitor.phys_bits_used</key>
        <value XMLSchema-instance:type="xsd:string">43</value>
      </extraConfig>
      <extraConfig XMLSchema-instance:type="OptionValue">
        <key>numa.autosize.cookie</key>
        <value XMLSchema-instance:type="xsd:string">10001</value>
      </extraConfig>
      <extraConfig XMLSchema-instance:type="OptionValue">
        <key>numa.autosize.vcpu.maxPerVirtualNode</key>
        <value XMLSchema-instance:type="xsd:string">1</value>
      </extraConfig>
      <extraConfig XMLSchema-instance:type="OptionValue">
        <key>pciBridge0.pciSlotNumber</key>
        <value XMLSchema-instance:type="xsd:string">17</value>
      </extraConfig>
      <extraConfig XMLSchema-instance:type="OptionValue">
        <key>pciBridge4.pciSlotNumber</key>
        <value XMLSchema-instance:type="xsd:string">21</value>
      </extraConfig>
      <extraConfig XMLSchema-instance:type="OptionValue">
        <key>pciBridge5.pciSlotNumber</key>
        <value XMLSchema-instance:type="xsd:string">22</value>
      </extraConfig>
      <extraConfig XMLSchema-instance:type="OptionValue">
        <key>pciBridge6.pciSlotNumber</key>
        <value XMLSchema-instance:type="xsd:string">23</value>
      </extraConfig>
      <extraConfig XMLSchema-instance:type="OptionValue">
        <key>pciBridge7.pciSlotNumber</key>
        <value XMLSchema-instance:type="xsd:string">24</value>
      </extraConfig>
      <extraConfig XMLSchema-instance:type="OptionValue">
        <key>sata0.pciSlotNumber</key>
        <value XMLSchema-instance:type="xsd:string">34</value>
      </extraConfig>
      <extraConfig XMLSchema-instance:type="OptionValue">
        <key>softPowerOff</key>
        <value XMLSchema-instance:type="xsd:string">FALSE</value>
      </extraConfig>
      <extraConfig XMLSchema-instance:type="OptionValue">
        <key>usb:1.deviceType</key>
        <value XMLSchema-instance:type="xsd:string">hub</value>
      </extraConfig>
      <extraConfig XMLSchema-instance:type="OptionValue">
        <key>usb:1.parent</key>
        <value XMLSchema-instance:type="xsd:string">-1</value>
      </extraConfig>
      <extraConfig XMLSchema-instance:type="OptionValue">
        <key>usb:1.port</key>
        <value XMLSchema-instance:type="xsd:string">1</value>
      </extraConfig>
      <extraConfig XMLSchema-instance:type="OptionValue">
        <key>usb:1.present</key>
        <value XMLSchema-instance:type="xsd:string">TRUE</value>
      </extraConfig>
      <extraConfig XMLSchema-instance:type="OptionValue">
        <key>usb:1.speed</key>
        <value XMLSchema-instance:type="xsd:string">2</value>
      </extraConfig>
      <extraConfig XMLSchema-instance:type="OptionValue">
        <key>vmotion.checkpointFBSize</key>
        <value XMLSchema-instance:type="xsd:string">4194304</value>
      </extraConfig>
      <extraConfig XMLSchema-instance:type="OptionValue">
        <key>vmotion.checkpointSVGAPrimarySize</key>
        <value XMLSchema-instance:type="xsd:string">4194304</value>
      </extraConfig>
      <extraConfig XMLSchema-instance:type="OptionValue">
        <key>svga.guestBackedPrimaryAware</key>
        <value XMLSchema-instance:type="xsd:string">TRUE</value>
      </extraConfig>
      <extraConfig XMLSchema-instance:type="OptionValue">
        <key>viv.moid</key>
        <value XMLSchema-instance:type="xsd:string">8a972364-3515-4f7a-b38c-91bc7b19ffb4:vm-18:eQ8aE1FRrw+Dslo2kiMAGZAwl4LZpggQ6t+h7zXlYPs=</value>
      </extraConfig>
      <extraConfig XMLSchema-instance:type="OptionValue">
        <key>sched.swap.derivedName</key>
        <value XMLSchema-instance:type="xsd:string">/vmfs/volumes/6207a87f-8699fc77-c430-000c293c7ab3/demo2/demo2-5c0102bd.vswp</value>
      </extraConfig>
      <extraConfig XMLSchema-instance:type="OptionValue">
        <key>scsi0:0.redo</key>
        <value XMLSchema-instance:type="xsd:string"></value>
      </extraConfig>
      <extraConfig XMLSchema-instance:type="OptionValue">
        <key>guestInfo.detailed.data</key>
        <value XMLSchema-instance:type="xsd:string">architecture=&#39;X86&#39; bitness=&#39;64&#39; distroName=&#39;Ubuntu&#39; distroVersion=&#39;20.04&#39; familyName=&#39;Linux&#39; kernelVersion=&#39;5.4.0-146-generic&#39; prettyName=&#39;Ubuntu 20.04.1 LTS&#39;</value>
      </extraConfig>
      <extraConfig XMLSchema-instance:type="OptionValue">
        <key>toolsInstallManager.updateCounter</key>
        <value XMLSchema-instance:type="xsd:string">1</value>
      </extraConfig>
      <extraConfig XMLSchema-instance:type="OptionValue">
        <key>usb:0.present</key>
        <value XMLSchema-instance:type="xsd:string">TRUE</value>
      </extraConfig>
      <extraConfig XMLSchema-instance:type="OptionValue">
        <key>usb:0.deviceType</key>
        <value XMLSchema-instance:type="xsd:string">hid</value>
      </extraConfig>
      <extraConfig XMLSchema-instance:type="OptionValue">
        <key>usb:0.port</key>
        <value XMLSchema-instance:type="xsd:string">0</value>
      </extraConfig>
      <extraConfig XMLSchema-instance:type="OptionValue">
        <key>usb:0.parent</key>
        <value XMLSchema-instance:type="xsd:string">-1</value>
      </extraConfig>
      <extraConfig XMLSchema-instance:type="OptionValue">
        <key>vmware.tools.internalversion</key>
        <value XMLSchema-instance:type="xsd:string">11360</value>
      </extraConfig>
      <extraConfig XMLSchema-instance:type="OptionValue">
        <key>vmware.tools.requiredversion</key>
        <value XMLSchema-instance:type="xsd:string">11360</value>
      </extraConfig>
      <extraConfig XMLSchema-instance:type="OptionValue">
        <key>migrate.hostLogState</key>
        <value XMLSchema-instance:type="xsd:string">none</value>
      </extraConfig>
      <extraConfig XMLSchema-instance:type="OptionValue">
        <key>migrate.migrationId</key>
        <value XMLSchema-instance:type="xsd:string">0</value>
      </extraConfig>
      <extraConfig XMLSchema-instance:type="OptionValue">
        <key>migrate.hostLog</key>
        <value XMLSchema-instance:type="xsd:string">demo2-5442c265.hlog</value>
      </extraConfig>
      <extraConfig XMLSchema-instance:type="OptionValue">
        <key>guestinfo.vmtools.buildNumber</key>
        <value XMLSchema-instance:type="xsd:string">18090558</value>
      </extraConfig>
      <extraConfig XMLSchema-instance:type="OptionValue">
        <key>guestinfo.vmtools.description</key>
        <value XMLSchema-instance:type="xsd:string">open-vm-tools 11.3.0 build 18090558</value>
      </extraConfig>
      <extraConfig XMLSchema-instance:type="OptionValue">
        <key>guestinfo.vmtools.versionNumber</key>
        <value XMLSchema-instance:type="xsd:string">11360</value>
      </extraConfig>
      <extraConfig XMLSchema-instance:type="OptionValue">
        <key>guestinfo.vmtools.versionString</key>
        <value XMLSchema-instance:type="xsd:string">11.3.0</value>
      </extraConfig>
      <extraConfig XMLSchema-instance:type="OptionValue">
        <key>guestinfo.appInfo</key>
        <value XMLSchema-instance:type="xsd:string">{&#xA;&#34;version&#34;:&#34;1&#34;, &#xA;&#34;updateCounter&#34;:&#34;79&#34;, &#xA;&#34;publishTime&#34;:&#34;2023-05-09T06:52:56.302Z&#34;, &#xA;&#34;applications&#34;:[&#xA;{&#34;a&#34;:&#34;kworker/u2:2-events_power_efficient&#34;,&#34;v&#34;:&#34;&#34;},&#xA;{&#34;a&#34;:&#34;kworker/u2:0-events_power_efficient&#34;,&#34;v&#34;:&#34;&#34;},&#xA;{&#34;a&#34;:&#34;kworker/0:1-cgroup_destroy&#34;,&#34;v&#34;:&#34;&#34;},&#xA;{&#34;a&#34;:&#34;kworker/u2:1-events_power_efficient&#34;,&#34;v&#34;:&#34;&#34;},&#xA;{&#34;a&#34;:&#34;snapd&#34;,&#34;v&#34;:&#34;&#34;},&#xA;{&#34;a&#34;:&#34;loop6&#34;,&#34;v&#34;:&#34;&#34;},&#xA;{&#34;a&#34;:&#34;kworker/0:2-events&#34;,&#34;v&#34;:&#34;&#34;},&#xA;{&#34;a&#34;:&#34;loop8&#34;,&#34;v&#34;:&#34;&#34;},&#xA;{&#34;a&#34;:&#34;loop10&#34;,&#34;v&#34;:&#34;&#34;},&#xA;{&#34;a&#34;:&#34;loop4&#34;,&#34;v&#34;:&#34;&#34;},&#xA;{&#34;a&#34;:&#34;rsyslogd&#34;,&#34;v&#34;:&#34;&#34;},&#xA;{&#34;a&#34;:&#34;loop1&#34;,&#34;v&#34;:&#34;&#34;},&#xA;{&#34;a&#34;:&#34;jfsSync&#34;,&#34;v&#34;:&#34;&#34;},&#xA;{&#34;a&#34;:&#34;jfsCommit&#34;,&#34;v&#34;:&#34;&#34;},&#xA;{&#34;a&#34;:&#34;jfsIO&#34;,&#34;v&#34;:&#34;&#34;},&#xA;{&#34;a&#34;:&#34;xfs_mru_cache&#34;,&#34;v&#34;:&#34;&#34;},&#xA;{&#34;a&#34;:&#34;xfsalloc&#34;,&#34;v&#34;:&#34;&#34;},&#xA;{&#34;a&#34;:&#34;loop9&#34;,&#34;v&#34;:&#34;&#34;},&#xA;{&#34;a&#34;:&#34;polkitd&#34;,&#34;v&#34;:&#34;&#34;},&#xA;{&#34;a&#34;:&#34;python3&#34;,&#34;v&#34;:&#34;&#34;},&#xA;{&#34;a&#34;:&#34;sshd: /usr/sbin/sshd -D [listener] 0 of 10-100 startups&#34;,&#34;v&#34;:&#34;&#34;},&#xA;{&#34;a&#34;:&#34;agetty&#34;,&#34;v&#34;:&#34;&#34;},&#xA;{&#34;a&#34;:&#34;atd&#34;,&#34;v&#34;:&#34;&#34;},&#xA;{&#34;a&#34;:&#34;systemd-logind&#34;,&#34;v&#34;:&#34;&#34;},&#xA;{&#34;a&#34;:&#34;python3&#34;,&#34;v&#34;:&#34;&#34;},&#xA;{&#34;a&#34;:&#34;dbus-daemon&#34;,&#34;v&#34;:&#34;&#34;},&#xA;{&#34;a&#34;:&#34;cron&#34;,&#34;v&#34;:&#34;&#34;},&#xA;{&#34;a&#34;:&#34;accounts-daemon&#34;,&#34;v&#34;:&#34;&#34;},&#xA;{&#34;a&#34;:&#34;systemd-resolved&#34;,&#34;v&#34;:&#34;&#34;},&#xA;{&#34;a&#34;:&#34;systemd-networkd&#34;,&#34;v&#34;:&#34;&#34;},&#xA;{&#34;a&#34;:&#34;vmtoolsd&#34;,&#34;v&#34;:&#34;&#34;},&#xA;{&#34;a&#34;:&#34;VGAuthService&#34;,&#34;v&#34;:&#34;&#34;},&#xA;{&#34;a&#34;:&#34;systemd-timesyncd&#34;,&#34;v&#34;:&#34;&#34;},&#xA;{&#34;a&#34;:&#34;loop7&#34;,&#34;v&#34;:&#34;&#34;},&#xA;{&#34;a&#34;:&#34;loop5&#34;,&#34;v&#34;:&#34;&#34;},&#xA;{&#34;a&#34;:&#34;loop3&#34;,&#34;v&#34;:&#34;&#34;},&#xA;{&#34;a&#34;:&#34;loop2&#34;,&#34;v&#34;:&#34;&#34;},&#xA;{&#34;a&#34;:&#34;loop0&#34;,&#34;v&#34;:&#34;&#34;},&#xA;{&#34;a&#34;:&#34;multipathd&#34;,&#34;v&#34;:&#34;&#34;},&#xA;{&#34;a&#34;:&#34;kmpath_handlerd&#34;,&#34;v&#34;:&#34;&#34;},&#xA;{&#34;a&#34;:&#34;kmpathd&#34;,&#34;v&#34;:&#34;&#34;},&#xA;{&#34;a&#34;:&#34;kmpath_rdacd&#34;,&#34;v&#34;:&#34;&#34;},&#xA;{&#34;a&#34;:&#34;kaluad&#34;,&#34;v&#34;:&#34;&#34;},&#xA;{&#34;a&#34;:&#34;systemd-udevd&#34;,&#34;v&#34;:&#34;&#34;},&#xA;{&#34;a&#34;:&#34;systemd-journald&#34;,&#34;v&#34;:&#34;&#34;},&#xA;{&#34;a&#34;:&#34;ext4-rsv-conver&#34;,&#34;v&#34;:&#34;&#34;},&#xA;{&#34;a&#34;:&#34;jbd2/sda2-8&#34;,&#34;v&#34;:&#34;&#34;},&#xA;{&#34;a&#34;:&#34;raid5wq&#34;,&#34;v&#34;:&#34;&#34;},&#xA;{&#34;a&#34;:&#34;kworker/0:1H-kblockd&#34;,&#34;v&#34;:&#34;&#34;},&#xA;{&#34;a&#34;:&#34;scsi_tmf_32&#34;,&#34;v&#34;:&#34;&#34;},&#xA;{&#34;a&#34;:&#34;scsi_eh_32&#34;,&#34;v&#34;:&#34;&#34;},&#xA;{&#34;a&#34;:&#34;scsi_tmf_31&#34;,&#34;v&#34;:&#34;&#34;},&#xA;{&#34;a&#34;:&#34;scsi_eh_31&#34;,&#34;v&#34;:&#34;&#34;},&#xA;{&#34;a&#34;:&#34;scsi_tmf_30&#34;,&#34;v&#34;:&#34;&#34;},&#xA;{&#34;a&#34;:&#34;scsi_eh_30&#34;,&#34;v&#34;:&#34;&#34;},&#xA;{&#34;a&#34;:&#34;scsi_tmf_29&#34;,&#34;v&#34;:&#34;&#34;},&#xA;{&#34;a&#34;:&#34;scsi_eh_29&#34;,&#34;v&#34;:&#34;&#34;},&#xA;{&#34;a&#34;:&#34;scsi_tmf_28&#34;,&#34;v&#34;:&#34;&#34;},&#xA;{&#34;a&#34;:&#34;scsi_eh_28&#34;,&#34;v&#34;:&#34;&#34;},&#xA;{&#34;a&#34;:&#34;scsi_tmf_27&#34;,&#34;v&#34;:&#34;&#34;},&#xA;{&#34;a&#34;:&#34;scsi_eh_27&#34;,&#34;v&#34;:&#34;&#34;},&#xA;{&#34;a&#34;:&#34;scsi_tmf_26&#34;,&#34;v&#34;:&#34;&#34;},&#xA;{&#34;a&#34;:&#34;scsi_eh_26&#34;,&#34;v&#34;:&#34;&#34;},&#xA;{&#34;a&#34;:&#34;scsi_tmf_25&#34;,&#34;v&#34;:&#34;&#34;},&#xA;{&#34;a&#34;:&#34;scsi_eh_25&#34;,&#34;v&#34;:&#34;&#34;},&#xA;{&#34;a&#34;:&#34;scsi_tmf_24&#34;,&#34;v&#34;:&#34;&#34;},&#xA;{&#34;a&#34;:&#34;scsi_eh_24&#34;,&#34;v&#34;:&#34;&#34;},&#xA;{&#34;a&#34;:&#34;scsi_tmf_23&#34;,&#34;v&#34;:&#34;&#34;},&#xA;{&#34;a&#34;:&#34;scsi_eh_23&#34;,&#34;v&#34;:&#34;&#34;},&#xA;{&#34;a&#34;:&#34;scsi_tmf_22&#34;,&#34;v&#34;:&#34;&#34;},&#xA;{&#34;a&#34;:&#34;scsi_eh_22&#34;,&#34;v&#34;:&#34;&#34;},&#xA;{&#34;a&#34;:&#34;scsi_tmf_21&#34;,&#34;v&#34;:&#34;&#34;},&#xA;{&#34;a&#34;:&#34;scsi_eh_21&#34;,&#34;v&#34;:&#34;&#34;},&#xA;{&#34;a&#34;:&#34;scsi_tmf_20&#34;,&#34;v&#34;:&#34;&#34;},&#xA;{&#34;a&#34;:&#34;scsi_eh_20&#34;,&#34;v&#34;:&#34;&#34;},&#xA;{&#34;a&#34;:&#34;scsi_tmf_19&#34;,&#34;v&#34;:&#34;&#34;},&#xA;{&#34;a&#34;:&#34;scsi_eh_19&#34;,&#34;v&#34;:&#34;&#34;},&#xA;{&#34;a&#34;:&#34;scsi_tmf_18&#34;,&#34;v&#34;:&#34;&#34;},&#xA;{&#34;a&#34;:&#34;scsi_eh_18&#34;,&#34;v&#34;:&#34;&#34;},&#xA;{&#34;a&#34;:&#34;scsi_tmf_17&#34;,&#34;v&#34;:&#34;&#34;},&#xA;{&#34;a&#34;:&#34;scsi_eh_17&#34;,&#34;v&#34;:&#34;&#34;},&#xA;{&#34;a&#34;:&#34;scsi_tmf_16&#34;,&#34;v&#34;:&#34;&#34;},&#xA;{&#34;a&#34;:&#34;scsi_eh_16&#34;,&#34;v&#34;:&#34;&#34;},&#xA;{&#34;a&#34;:&#34;scsi_tmf_15&#34;,&#34;v&#34;:&#34;&#34;},&#xA;{&#34;a&#34;:&#34;scsi_eh_15&#34;,&#34;v&#34;:&#34;&#34;},&#xA;{&#34;a&#34;:&#34;scsi_tmf_14&#34;,&#34;v&#34;:&#34;&#34;},&#xA;{&#34;a&#34;:&#34;scsi_eh_14&#34;,&#34;v&#34;:&#34;&#34;},&#xA;{&#34;a&#34;:&#34;scsi_tmf_13&#34;,&#34;v&#34;:&#34;&#34;},&#xA;{&#34;a&#34;:&#34;scsi_eh_13&#34;,&#34;v&#34;:&#34;&#34;},&#xA;{&#34;a&#34;:&#34;scsi_tmf_12&#34;,&#34;v&#34;:&#34;&#34;},&#xA;{&#34;a&#34;:&#34;scsi_eh_12&#34;,&#34;v&#34;:&#34;&#34;},&#xA;{&#34;a&#34;:&#34;scsi_tmf_11&#34;,&#34;v&#34;:&#34;&#34;},&#xA;{&#34;a&#34;:&#34;scsi_eh_11&#34;,&#34;v&#34;:&#34;&#34;},&#xA;{&#34;a&#34;:&#34;scsi_tmf_10&#34;,&#34;v&#34;:&#34;&#34;},&#xA;{&#34;a&#34;:&#34;scsi_eh_10&#34;,&#34;v&#34;:&#34;&#34;},&#xA;{&#34;a&#34;:&#34;scsi_tmf_9&#34;,&#34;v&#34;:&#34;&#34;},&#xA;{&#34;a&#34;:&#34;scsi_eh_9&#34;,&#34;v&#34;:&#34;&#34;},&#xA;{&#34;a&#34;:&#34;scsi_tmf_8&#34;,&#34;v&#34;:&#34;&#34;},&#xA;{&#34;a&#34;:&#34;scsi_eh_8&#34;,&#34;v&#34;:&#34;&#34;},&#xA;{&#34;a&#34;:&#34;scsi_tmf_7&#34;,&#34;v&#34;:&#34;&#34;},&#xA;{&#34;a&#34;:&#34;scsi_eh_7&#34;,&#34;v&#34;:&#34;&#34;},&#xA;{&#34;a&#34;:&#34;scsi_tmf_6&#34;,&#34;v&#34;:&#34;&#34;},&#xA;{&#34;a&#34;:&#34;scsi_eh_6&#34;,&#34;v&#34;:&#34;&#34;},&#xA;{&#34;a&#34;:&#34;scsi_tmf_5&#34;,&#34;v&#34;:&#34;&#34;},&#xA;{&#34;a&#34;:&#34;scsi_eh_5&#34;,&#34;v&#34;:&#34;&#34;},&#xA;{&#34;a&#34;:&#34;scsi_tmf_4&#34;,&#34;v&#34;:&#34;&#34;},&#xA;{&#34;a&#34;:&#34;scsi_eh_4&#34;,&#34;v&#34;:&#34;&#34;},&#xA;{&#34;a&#34;:&#34;scsi_tmf_3&#34;,&#34;v&#34;:&#34;&#34;},&#xA;{&#34;a&#34;:&#34;scsi_eh_3&#34;,&#34;v&#34;:&#34;&#34;},&#xA;{&#34;a&#34;:&#34;ttm_swap&#34;,&#34;v&#34;:&#34;&#34;},&#xA;{&#34;a&#34;:&#34;irq/16-vmwgfx&#34;,&#34;v&#34;:&#34;&#34;},&#xA;{&#34;a&#34;:&#34;scsi_tmf_2&#34;,&#34;v&#34;:&#34;&#34;},&#xA;{&#34;a&#34;:&#34;scsi_eh_2&#34;,&#34;v&#34;:&#34;&#34;},&#xA;{&#34;a&#34;:&#34;cryptd&#34;,&#34;v&#34;:&#34;&#34;},&#xA;{&#34;a&#34;:&#34;mpt/0&#34;,&#34;v&#34;:&#34;&#34;},&#xA;{&#34;a&#34;:&#34;mpt_poll_0&#34;,&#34;v&#34;:&#34;&#34;},&#xA;{&#34;a&#34;:&#34;charger_manager&#34;,&#34;v&#34;:&#34;&#34;},&#xA;{&#34;a&#34;:&#34;kworker/u3:0&#34;,&#34;v&#34;:&#34;&#34;},&#xA;{&#34;a&#34;:&#34;kstrp&#34;,&#34;v&#34;:&#34;&#34;},&#xA;{&#34;a&#34;:&#34;ipv6_addrconf&#34;,&#34;v&#34;:&#34;&#34;},&#xA;{&#34;a&#34;:&#34;vfio-irqfd-clea&#34;,&#34;v&#34;:&#34;&#34;},&#xA;{&#34;a&#34;:&#34;scsi_tmf_1&#34;,&#34;v&#34;:&#34;&#34;},&#xA;{&#34;a&#34;:&#34;scsi_eh_1&#34;,&#34;v&#34;:&#34;&#34;},&#xA;{&#34;a&#34;:&#34;scsi_tmf_0&#34;,&#34;v&#34;:&#34;&#34;},&#xA;{&#34;a&#34;:&#34;scsi_eh_0&#34;,&#34;v&#34;:&#34;&#34;},&#xA;{&#34;a&#34;:&#34;acpi_thermal_pm&#34;,&#34;v&#34;:&#34;&#34;},&#xA;{&#34;a&#34;:&#34;irq/55-pciehp&#34;,&#34;v&#34;:&#34;&#34;},&#xA;{&#34;a&#34;:&#34;irq/54-pciehp&#34;,&#34;v&#34;:&#34;&#34;},&#xA;{&#34;a&#34;:&#34;irq/53-pciehp&#34;,&#34;v&#34;:&#34;&#34;},&#xA;{&#34;a&#34;:&#34;irq/52-pciehp&#34;,&#34;v&#34;:&#34;&#34;},&#xA;{&#34;a&#34;:&#34;irq/51-pciehp&#34;,&#34;v&#34;:&#34;&#34;},&#xA;{&#34;a&#34;:&#34;irq/50-pciehp&#34;,&#34;v&#34;:&#34;&#34;},&#xA;{&#34;a&#34;:&#34;irq/49-pciehp&#34;,&#34;v&#34;:&#34;&#34;},&#xA;{&#34;a&#34;:&#34;irq/48-pciehp&#34;,&#34;v&#34;:&#34;&#34;},&#xA;{&#34;a&#34;:&#34;irq/47-pciehp&#34;,&#34;v&#34;:&#34;&#34;},&#xA;{&#34;a&#34;:&#34;irq/46-pciehp&#34;,&#34;v&#34;:&#34;&#34;},&#xA;{&#34;a&#34;:&#34;irq/45-pciehp&#34;,&#34;v&#34;:&#34;&#34;},&#xA;{&#34;a&#34;:&#34;irq/44-pciehp&#34;,&#34;v&#34;:&#34;&#34;},&#xA;{&#34;a&#34;:&#34;irq/43-pciehp&#34;,&#34;v&#34;:&#34;&#34;},&#xA;{&#34;a&#34;:&#34;irq/42-pciehp&#34;,&#34;v&#34;:&#34;&#34;},&#xA;{&#34;a&#34;:&#34;irq/41-pciehp&#34;,&#34;v&#34;:&#34;&#34;},&#xA;{&#34;a&#34;:&#34;irq/40-pciehp&#34;,&#34;v&#34;:&#34;&#34;},&#xA;{&#34;a&#34;:&#34;irq/39-pciehp&#34;,&#34;v&#34;:&#34;&#34;},&#xA;{&#34;a&#34;:&#34;irq/38-pciehp&#34;,&#34;v&#34;:&#34;&#34;},&#xA;{&#34;a&#34;:&#34;irq/37-pciehp&#34;,&#34;v&#34;:&#34;&#34;},&#xA;{&#34;a&#34;:&#34;irq/36-pciehp&#34;,&#34;v&#34;:&#34;&#34;},&#xA;{&#34;a&#34;:&#34;irq/35-pciehp&#34;,&#34;v&#34;:&#34;&#34;},&#xA;{&#34;a&#34;:&#34;irq/34-pciehp&#34;,&#34;v&#34;:&#34;&#34;},&#xA;{&#34;a&#34;:&#34;irq/33-pciehp&#34;,&#34;v&#34;:&#34;&#34;},&#xA;{&#34;a&#34;:&#34;irq/32-pciehp&#34;,&#34;v&#34;:&#34;&#34;},&#xA;{&#34;a&#34;:&#34;irq/31-pciehp&#34;,&#34;v&#34;:&#34;&#34;},&#xA;{&#34;a&#34;:&#34;irq/30-pciehp&#34;,&#34;v&#34;:&#34;&#34;},&#xA;{&#34;a&#34;:&#34;irq/29-pciehp&#34;,&#34;v&#34;:&#34;&#34;},&#xA;{&#34;a&#34;:&#34;irq/28-pciehp&#34;,&#34;v&#34;:&#34;&#34;},&#xA;{&#34;a&#34;:&#34;irq/27-pciehp&#34;,&#34;v&#34;:&#34;&#34;},&#xA;{&#34;a&#34;:&#34;irq/26-pciehp&#34;,&#34;v&#34;:&#34;&#34;},&#xA;{&#34;a&#34;:&#34;irq/25-pciehp&#34;,&#34;v&#34;:&#34;&#34;},&#xA;{&#34;a&#34;:&#34;irq/24-pciehp&#34;,&#34;v&#34;:&#34;&#34;},&#xA;{&#34;a&#34;:&#34;kthrotld&#34;,&#34;v&#34;:&#34;&#34;},&#xA;{&#34;a&#34;:&#34;ecryptfs-kthrea&#34;,&#34;v&#34;:&#34;&#34;},&#xA;{&#34;a&#34;:&#34;kswapd0&#34;,&#34;v&#34;:&#34;&#34;},&#xA;{&#34;a&#34;:&#34;watchdogd&#34;,&#34;v&#34;:&#34;&#34;},&#xA;{&#34;a&#34;:&#34;devfreq_wq&#34;,&#34;v&#34;:&#34;&#34;},&#xA;{&#34;a&#34;:&#34;edac-poller&#34;,&#34;v&#34;:&#34;&#34;},&#xA;{&#34;a&#34;:&#34;md&#34;,&#34;v&#34;:&#34;&#34;},&#xA;{&#34;a&#34;:&#34;ata_sff&#34;,&#34;v&#34;:&#34;&#34;},&#xA;{&#34;a&#34;:&#34;tpm_dev_wq&#34;,&#34;v&#34;:&#34;&#34;},&#xA;{&#34;a&#34;:&#34;blkcg_punt_bio&#34;,&#34;v&#34;:&#34;&#34;},&#xA;{&#34;a&#34;:&#34;kblockd&#34;,&#34;v&#34;:&#34;&#34;},&#xA;{&#34;a&#34;:&#34;kintegrityd&#34;,&#34;v&#34;:&#34;&#34;},&#xA;{&#34;a&#34;:&#34;khugepaged&#34;,&#34;v&#34;:&#34;&#34;},&#xA;{&#34;a&#34;:&#34;ksmd&#34;,&#34;v&#34;:&#34;&#34;},&#xA;{&#34;a&#34;:&#34;kcompactd0&#34;,&#34;v&#34;:&#34;&#34;},&#xA;{&#34;a&#34;:&#34;writeback&#34;,&#34;v&#34;:&#34;&#34;},&#xA;{&#34;a&#34;:&#34;oom_reaper&#34;,&#34;v&#34;:&#34;&#34;},&#xA;{&#34;a&#34;:&#34;khungtaskd&#34;,&#34;v&#34;:&#34;&#34;},&#xA;{&#34;a&#34;:&#34;kauditd&#34;,&#34;v&#34;:&#34;&#34;},&#xA;{&#34;a&#34;:&#34;rcu_tasks_kthre&#34;,&#34;v&#34;:&#34;&#34;},&#xA;{&#34;a&#34;:&#34;netns&#34;,&#34;v&#34;:&#34;&#34;},&#xA;{&#34;a&#34;:&#34;kdevtmpfs&#34;,&#34;v&#34;:&#34;&#34;},&#xA;{&#34;a&#34;:&#34;cpuhp/0&#34;,&#34;v&#34;:&#34;&#34;},&#xA;{&#34;a&#34;:&#34;idle_inject/0&#34;,&#34;v&#34;:&#34;&#34;},&#xA;{&#34;a&#34;:&#34;migration/0&#34;,&#34;v&#34;:&#34;&#34;},&#xA;{&#34;a&#34;:&#34;rcu_sched&#34;,&#34;v&#34;:&#34;&#34;},&#xA;{&#34;a&#34;:&#34;ksoftirqd/0&#34;,&#34;v&#34;:&#34;&#34;},&#xA;{&#34;a&#34;:&#34;mm_percpu_wq&#34;,&#34;v&#34;:&#34;&#34;},&#xA;{&#34;a&#34;:&#34;kworker/0:0H-kblockd&#34;,&#34;v&#34;:&#34;&#34;},&#xA;{&#34;a&#34;:&#34;rcu_par_gp&#34;,&#34;v&#34;:&#34;&#34;},&#xA;{&#34;a&#34;:&#34;rcu_gp&#34;,&#34;v&#34;:&#34;&#34;},&#xA;{&#34;a&#34;:&#34;kthreadd&#34;,&#34;v&#34;:&#34;&#34;},&#xA;{&#34;a&#34;:&#34;init&#34;,&#34;v&#34;:&#34;&#34;}]}</value>
      </extraConfig>
      <datastoreUrl>
        <name>datastore1</name>
        <url>/vmfs/volumes/6207a87f-8699fc77-c430-000c293c7ab3</url>
      </datastoreUrl>
      <swapPlacement>inherit</swapPlacement>
      <bootOptions>
        <enterBIOSSetup>false</enterBIOSSetup>
        <efiSecureBootEnabled>false</efiSecureBootEnabled>
        <bootRetryEnabled>false</bootRetryEnabled>
        <bootRetryDelay>10000</bootRetryDelay>
        <networkBootProtocol>ipv4</networkBootProtocol>
      </bootOptions>
      <vAppConfig XMLSchema-instance:type="VmConfigInfo">
        <product>
          <key>0</key>
        </product>
        <ipAssignment>
          <ipAllocationPolicy>fixedPolicy</ipAllocationPolicy>
          <supportedIpProtocol>IPv4</supportedIpProtocol>
          <ipProtocol>IPv4</ipProtocol>
        </ipAssignment>
        <installBootRequired>false</installBootRequired>
        <installBootStopDelay>0</installBootStopDelay>
      </vAppConfig>
      <vAssertsEnabled>false</vAssertsEnabled>
      <changeTrackingEnabled>false</changeTrackingEnabled>
      <firmware>bios</firmware>
      <maxMksConnections>40</maxMksConnections>
      <guestAutoLockEnabled>false</guestAutoLockEnabled>
      <memoryReservationLockedToMax>false</memoryReservationLockedToMax>
      <initialOverhead>
        <initialMemoryReservation>53854208</initialMemoryReservation>
        <initialSwapReservation>591781888</initialSwapReservation>
      </initialOverhead>
      <nestedHVEnabled>false</nestedHVEnabled>
      <vPMCEnabled>false</vPMCEnabled>
      <scheduledHardwareUpgradeInfo>
        <upgradePolicy>never</upgradePolicy>
        <scheduledHardwareUpgradeStatus>none</scheduledHardwareUpgradeStatus>
      </scheduledHardwareUpgradeInfo>
      <vmxConfigChecksum>5XkWORmLBTl3jsth+Fg6EMmGU3w=</vmxConfigChecksum>
      <messageBusTunnelEnabled>false</messageBusTunnelEnabled>
      <guestIntegrityInfo>
        <enabled>false</enabled>
      </guestIntegrityInfo>
      <migrateEncryption>opportunistic</migrateEncryption>
      <sgxInfo>
        <epcSize>0</epcSize>
        <flcMode>unlocked</flcMode>
      </sgxInfo>
      <ftEncryptionMode>ftEncryptionOpportunistic</ftEncryptionMode>
      <guestMonitoringModeInfo></guestMonitoringModeInfo>
      <sevEnabled>false</sevEnabled>
      <pmemFailoverEnabled>false</pmemFailoverEnabled>
      <vmOpNotificationToAppEnabled>false</vmOpNotificationToAppEnabled>
    </val>
  </propSet>
  <propSet>
    <name>configIssue</name>
    <val xmlns:XMLSchema-instance="http://www.w3.org/2001/XMLSchema-instance" XMLSchema-instance:type="ArrayOfEvent"></val>
  </propSet>
  <propSet>
    <name>configStatus</name>
    <val xmlns:XMLSchema-instance="http://www.w3.org/2001/XMLSchema-instance" XMLSchema-instance:type="ManagedEntityStatus">green</val>
  </propSet>
  <propSet>
    <name>customValue</name>
    <val xmlns:XMLSchema-instance="http://www.w3.org/2001/XMLSchema-instance" XMLSchema-instance:type="ArrayOfCustomFieldValue"></val>
  </propSet>
  <propSet>
    <name>datastore</name>
    <val xmlns:XMLSchema-instance="http://www.w3.org/2001/XMLSchema-instance" XMLSchema-instance:type="ArrayOfManagedObjectReference">
      <ManagedObjectReference type="Datastore">datastore-11</ManagedObjectReference>
    </val>
  </propSet>
  <propSet>
    <name>declaredAlarmState</name>
    <val xmlns:XMLSchema-instance="http://www.w3.org/2001/XMLSchema-instance" XMLSchema-instance:type="ArrayOfAlarmState">
      <AlarmState>
        <key>alarm-10.vm-18</key>
        <entity type="VirtualMachine">vm-18</entity>
        <alarm type="Alarm">alarm-10</alarm>
        <overallStatus>gray</overallStatus>
        <time>2023-04-19T14:12:10.105339Z</time>
        <acknowledged>false</acknowledged>
      </AlarmState>
      <AlarmState>
        <key>alarm-112.vm-18</key>
        <entity type="VirtualMachine">vm-18</entity>
        <alarm type="Alarm">alarm-112</alarm>
        <overallStatus>gray</overallStatus>
        <time>2023-04-19T14:12:10.105339Z</time>
        <acknowledged>false</acknowledged>
      </AlarmState>
      <AlarmState>
        <key>alarm-12.vm-18</key>
        <entity type="VirtualMachine">vm-18</entity>
        <alarm type="Alarm">alarm-12</alarm>
        <overallStatus>gray</overallStatus>
        <time>2023-04-19T14:12:10.105339Z</time>
        <acknowledged>false</acknowledged>
      </AlarmState>
      <AlarmState>
        <key>alarm-128.vm-18</key>
        <entity type="VirtualMachine">vm-18</entity>
        <alarm type="Alarm">alarm-128</alarm>
        <overallStatus>gray</overallStatus>
        <time>2023-04-19T14:12:10.105339Z</time>
        <acknowledged>false</acknowledged>
      </AlarmState>
      <AlarmState>
        <key>alarm-140.vm-18</key>
        <entity type="VirtualMachine">vm-18</entity>
        <alarm type="Alarm">alarm-140</alarm>
        <overallStatus>gray</overallStatus>
        <time>2023-04-19T14:12:10.105339Z</time>
        <acknowledged>false</acknowledged>
      </AlarmState>
      <AlarmState>
        <key>alarm-143.vm-18</key>
        <entity type="VirtualMachine">vm-18</entity>
        <alarm type="Alarm">alarm-143</alarm>
        <overallStatus>green</overallStatus>
        <time>2022-02-12T17:18:51.177999Z</time>
        <acknowledged>false</acknowledged>
        <eventKey>970</eventKey>
      </AlarmState>
      <AlarmState>
        <key>alarm-15.vm-18</key>
        <entity type="VirtualMachine">vm-18</entity>
        <alarm type="Alarm">alarm-15</alarm>
        <overallStatus>gray</overallStatus>
        <time>2023-04-19T14:12:10.105339Z</time>
        <acknowledged>false</acknowledged>
      </AlarmState>
      <AlarmState>
        <key>alarm-19.vm-18</key>
        <entity type="VirtualMachine">vm-18</entity>
        <alarm type="Alarm">alarm-19</alarm>
        <overallStatus>gray</overallStatus>
        <time>2023-04-19T14:12:10.105339Z</time>
        <acknowledged>false</acknowledged>
      </AlarmState>
      <AlarmState>
        <key>alarm-2.vm-18</key>
        <entity type="VirtualMachine">vm-18</entity>
        <alarm type="Alarm">alarm-2</alarm>
        <overallStatus>gray</overallStatus>
        <time>2023-04-19T14:12:10.105339Z</time>
        <acknowledged>false</acknowledged>
      </AlarmState>
      <AlarmState>
        <key>alarm-38.vm-18</key>
        <entity type="VirtualMachine">vm-18</entity>
        <alarm type="Alarm">alarm-38</alarm>
        <overallStatus>green</overallStatus>
        <time>2022-02-12T17:18:16.109999Z</time>
        <acknowledged>false</acknowledged>
        <eventKey>968</eventKey>
      </AlarmState>
      <AlarmState>
        <key>alarm-39.vm-18</key>
        <entity type="VirtualMachine">vm-18</entity>
        <alarm type="Alarm">alarm-39</alarm>
        <overallStatus>gray</overallStatus>
        <time>2023-04-19T14:12:10.105339Z</time>
        <acknowledged>false</acknowledged>
      </AlarmState>
      <AlarmState>
        <key>alarm-40.vm-18</key>
        <entity type="VirtualMachine">vm-18</entity>
        <alarm type="Alarm">alarm-40</alarm>
        <overallStatus>gray</overallStatus>
        <time>2023-04-19T14:12:10.105339Z</time>
        <acknowledged>false</acknowledged>
      </AlarmState>
      <AlarmState>
        <key>alarm-47.vm-18</key>
        <entity type="VirtualMachine">vm-18</entity>
        <alarm type="Alarm">alarm-47</alarm>
        <overallStatus>gray</overallStatus>
        <time>2023-04-19T14:12:10.105339Z</time>
        <acknowledged>false</acknowledged>
      </AlarmState>
      <AlarmState>
        <key>alarm-5.vm-18</key>
        <entity type="VirtualMachine">vm-18</entity>
        <alarm type="Alarm">alarm-5</alarm>
        <overallStatus>green</overallStatus>
        <time>2023-04-17T17:37:08.410999Z</time>
        <acknowledged>false</acknowledged>
      </AlarmState>
      <AlarmState>
        <key>alarm-52.vm-18</key>
        <entity type="VirtualMachine">vm-18</entity>
        <alarm type="Alarm">alarm-52</alarm>
        <overallStatus>gray</overallStatus>
        <time>2023-04-19T14:12:10.105339Z</time>
        <acknowledged>false</acknowledged>
      </AlarmState>
      <AlarmState>
        <key>alarm-54.vm-18</key>
        <entity type="VirtualMachine">vm-18</entity>
        <alarm type="Alarm">alarm-54</alarm>
        <overallStatus>gray</overallStatus>
        <time>2023-04-19T14:12:10.105339Z</time>
        <acknowledged>false</acknowledged>
      </AlarmState>
      <AlarmState>
        <key>alarm-6.vm-18</key>
        <entity type="VirtualMachine">vm-18</entity>
        <alarm type="Alarm">alarm-6</alarm>
        <overallStatus>green</overallStatus>
        <time>2023-04-17T08:24:17.957Z</time>
        <acknowledged>false</acknowledged>
      </AlarmState>
      <AlarmState>
        <key>alarm-81.vm-18</key>
        <entity type="VirtualMachine">vm-18</entity>
        <alarm type="Alarm">alarm-81</alarm>
        <overallStatus>gray</overallStatus>
        <time>2023-04-19T14:12:10.105339Z</time>
        <acknowledged>false</acknowledged>
      </AlarmState>
      <AlarmState>
        <key>alarm-9.vm-18</key>
        <entity type="VirtualMachine">vm-18</entity>
        <alarm type="Alarm">alarm-9</alarm>
        <overallStatus>gray</overallStatus>
        <time>2023-04-19T14:12:10.105339Z</time>
        <acknowledged>false</acknowledged>
      </AlarmState>
    </val>
  </propSet>
  <propSet>
    <name>disabledMethod</name>
    <val xmlns:XMLSchema-instance="http://www.w3.org/2001/XMLSchema-instance" XMLSchema-instance:type="ArrayOfString">
      <string>Destroy_Task</string>
      <string>UnregisterVM</string>
      <string>UnmountToolsInstaller</string>
      <string>AnswerVM</string>
      <string>UpgradeVM_Task</string>
      <string>UpgradeTools_Task</string>
      <string>UpgradeToolsFromImage_Task</string>
      <string>ApplyEvcModeVM_Task</string>
      <string>StartRecording_Task</string>
      <string>StopRecording_Task</string>
      <string>StartReplaying_Task</string>
      <string>StopReplaying_Task</string>
      <string>TurnOffFaultToleranceForVM_Task</string>
      <string>MakePrimaryVM_Task</string>
      <string>TerminateFaultTolerantVM_Task</string>
      <string>DisableSecondaryVM_Task</string>
      <string>EnableSecondaryVM_Task</string>
      <string>CreateSecondaryVM_Task</string>
      <string>CreateSecondaryVMEx_Task</string>
      <string>StopRecording_Task</string>
      <string>StopReplaying_Task</string>
      <string>CustomizeVM_Task</string>
      <string>MarkAsTemplate</string>
      <string>ResetGuestInformation</string>
      <string>ExportVm</string>
      <string>PowerOnVM_Task</string>
      <string>MarkAsVirtualMachine</string>
    </val>
  </propSet>
  <propSet>
    <name>effectiveRole</name>
    <val xmlns:XMLSchema-instance="http://www.w3.org/2001/XMLSchema-instance" XMLSchema-instance:type="ArrayOfInt">
      <int>-1</int>
    </val>
  </propSet>
  <propSet>
    <name>environmentBrowser</name>
    <val xmlns:XMLSchema-instance="http://www.w3.org/2001/XMLSchema-instance" XMLSchema-instance:type="ManagedObjectReference" type="EnvironmentBrowser">envbrowser-18</val>
  </propSet>
  <propSet>
    <name>guest</name>
    <val xmlns:XMLSchema-instance="http://www.w3.org/2001/XMLSchema-instance" XMLSchema-instance:type="GuestInfo">
      <toolsStatus>toolsOk</toolsStatus>
      <toolsVersionStatus>guestToolsUnmanaged</toolsVersionStatus>
      <toolsVersionStatus2>guestToolsUnmanaged</toolsVersionStatus2>
      <toolsRunningStatus>guestToolsRunning</toolsRunningStatus>
      <toolsVersion>11360</toolsVersion>
      <toolsInstallType>guestToolsTypeOpenVMTools</toolsInstallType>
      <guestId>ubuntu64Guest</guestId>
      <guestFamily>linuxGuest</guestFamily>
      <guestFullName>Ubuntu Linux (64-bit)</guestFullName>
      <hostName>demo</hostName>
      <ipAddress>10.0.10.24</ipAddress>
      <net>
        <network>VM Network</network>
        <ipAddress>10.0.10.24</ipAddress>
        <ipAddress>fd28:e419:c4c:1:250:56ff:fea6:28a1</ipAddress>
        <ipAddress>fe80::250:56ff:fea6:28a1</ipAddress>
        <macAddress>00:50:56:a6:28:a1</macAddress>
        <connected>true</connected>
        <deviceConfigId>4000</deviceConfigId>
        <ipConfig>
          <ipAddress>
            <ipAddress>10.0.10.24</ipAddress>
            <prefixLength>24</prefixLength>
            <state>preferred</state>
          </ipAddress>
          <ipAddress>
            <ipAddress>fd28:e419:c4c:1:250:56ff:fea6:28a1</ipAddress>
            <prefixLength>64</prefixLength>
            <state>unknown</state>
          </ipAddress>
          <ipAddress>
            <ipAddress>fe80::250:56ff:fea6:28a1</ipAddress>
            <prefixLength>64</prefixLength>
            <state>unknown</state>
          </ipAddress>
        </ipConfig>
      </net>
      <ipStack>
        <dnsConfig>
          <dhcp>false</dhcp>
          <hostName>demo</hostName>
          <domainName></domainName>
          <ipAddress>1.1.1.1</ipAddress>
          <ipAddress>192.168.1.1</ipAddress>
        </dnsConfig>
        <ipRouteConfig>
          <ipRoute>
            <network>0.0.0.0</network>
            <prefixLength>0</prefixLength>
            <gateway>
              <ipAddress>10.0.10.1</ipAddress>
              <device>0</device>
            </gateway>
          </ipRoute>
          <ipRoute>
            <network>10.0.10.0</network>
            <prefixLength>24</prefixLength>
            <gateway>
              <device>0</device>
            </gateway>
          </ipRoute>
          <ipRoute>
            <network>10.0.10.1</network>
            <prefixLength>32</prefixLength>
            <gateway>
              <device>0</device>
            </gateway>
          </ipRoute>
          <ipRoute>
            <network>fd28:e419:c4c:1::</network>
            <prefixLength>64</prefixLength>
            <gateway>
              <device>0</device>
            </gateway>
          </ipRoute>
          <ipRoute>
            <network>fe80::</network>
            <prefixLength>64</prefixLength>
            <gateway>
              <device>0</device>
            </gateway>
          </ipRoute>
          <ipRoute>
            <network>fd28:e419:c4c:1:250:56ff:fea6:28a1</network>
            <prefixLength>128</prefixLength>
            <gateway>
              <device>0</device>
            </gateway>
          </ipRoute>
          <ipRoute>
            <network>fe80::250:56ff:fea6:28a1</network>
            <prefixLength>128</prefixLength>
            <gateway>
              <device>0</device>
            </gateway>
          </ipRoute>
          <ipRoute>
            <network>ff00::</network>
            <prefixLength>8</prefixLength>
            <gateway>
              <device>0</device>
            </gateway>
          </ipRoute>
        </ipRouteConfig>
      </ipStack>
      <disk>
        <diskPath>/</diskPath>
        <capacity>16793858048</capacity>
        <freeSpace>7428468736</freeSpace>
        <filesystemType>ext4</filesystemType>
        <mappings>
          <key>2000</key>
        </mappings>
      </disk>
      <screen>
        <width>800</width>
        <height>600</height>
      </screen>
      <guestState>running</guestState>
      <appHeartbeatStatus>appStatusGray</appHeartbeatStatus>
      <guestKernelCrashed>false</guestKernelCrashed>
      <appState>none</appState>
      <guestOperationsReady>true</guestOperationsReady>
      <interactiveGuestOperationsReady>false</interactiveGuestOperationsReady>
      <guestStateChangeSupported>true</guestStateChangeSupported>
      <hwVersion>vmx-13</hwVersion>
      <customizationInfo>
        <customizationStatus>TOOLSDEPLOYPKG_IDLE</customizationStatus>
      </customizationInfo>
    </val>
  </propSet>
  <propSet>
    <name>guestHeartbeatStatus</name>
    <val xmlns:XMLSchema-instance="http://www.w3.org/2001/XMLSchema-instance" XMLSchema-instance:type="ManagedEntityStatus">green</val>
  </propSet>
  <propSet>
    <name>layout</name>
    <val xmlns:XMLSchema-instance="http://www.w3.org/2001/XMLSchema-instance" XMLSchema-instance:type="VirtualMachineFileLayout">
      <configFile>demo2.vmxf</configFile>
      <configFile>demo2.nvram</configFile>
      <configFile>demo2.vmsd</configFile>
      <logFile>vmware-9.log</logFile>
      <logFile>vmware-8.log</logFile>
      <logFile>vmware-7.log</logFile>
      <logFile>vmware-6.log</logFile>
      <logFile>vmware.log</logFile>
      <logFile>vmware-5.log</logFile>
      <logFile>vmware-10.log</logFile>
      <disk>
        <key>2000</key>
        <diskFile>[datastore1] demo2/demo2.vmdk</diskFile>
      </disk>
      <swapFile>[datastore1] demo2/demo2-5c0102bd.vswp</swapFile>
    </val>
  </propSet>
  <propSet>
    <name>layoutEx</name>
    <val xmlns:XMLSchema-instance="http://www.w3.org/2001/XMLSchema-instance" XMLSchema-instance:type="VirtualMachineFileLayoutEx">
      <file>
        <key>0</key>
        <name>[datastore1] demo2/demo2.vmx</name>
        <type>config</type>
        <size>0</size>
        <accessible>true</accessible>
      </file>
      <file>
        <key>1</key>
        <name>[datastore1] demo2/demo2.vmxf</name>
        <type>extendedConfig</type>
        <size>0</size>
        <accessible>true</accessible>
      </file>
      <file>
        <key>2</key>
        <name>[datastore1] demo2/demo2.nvram</name>
        <type>nvram</type>
        <size>8684</size>
        <uniqueSize>8684</uniqueSize>
        <accessible>true</accessible>
      </file>
      <file>
        <key>3</key>
        <name>[datastore1] demo2/demo2.vmsd</name>
        <type>snapshotList</type>
        <size>0</size>
        <accessible>true</accessible>
      </file>
      <file>
        <key>4</key>
        <name>[datastore1] demo2/demo2.vmdk</name>
        <type>diskDescriptor</type>
        <size>0</size>
        <accessible>true</accessible>
      </file>
      <file>
        <key>5</key>
        <name>[datastore1] demo2/demo2-flat.vmdk</name>
        <type>diskExtent</type>
        <size>17179869184</size>
        <uniqueSize>17179869184</uniqueSize>
        <accessible>true</accessible>
      </file>
      <file>
        <key>6</key>
        <name>[datastore1] demo2/vmware-9.log</name>
        <type>log</type>
        <size>137429</size>
        <uniqueSize>137429</uniqueSize>
        <accessible>true</accessible>
      </file>
      <file>
        <key>7</key>
        <name>[datastore1] demo2/vmware-8.log</name>
        <type>log</type>
        <size>141709</size>
        <uniqueSize>141709</uniqueSize>
        <accessible>true</accessible>
      </file>
      <file>
        <key>8</key>
        <name>[datastore1] demo2/vmware-7.log</name>
        <type>log</type>
        <size>137367</size>
        <uniqueSize>137367</uniqueSize>
        <accessible>true</accessible>
      </file>
      <file>
        <key>9</key>
        <name>[datastore1] demo2/vmware-6.log</name>
        <type>log</type>
        <size>137745</size>
        <uniqueSize>137745</uniqueSize>
        <accessible>true</accessible>
      </file>
      <file>
        <key>10</key>
        <name>[datastore1] demo2/vmware.log</name>
        <type>log</type>
        <size>157944</size>
        <uniqueSize>157944</uniqueSize>
        <accessible>true</accessible>
      </file>
      <file>
        <key>11</key>
        <name>[datastore1] demo2/vmware-5.log</name>
        <type>log</type>
        <size>148658</size>
        <uniqueSize>148658</uniqueSize>
        <accessible>true</accessible>
      </file>
      <file>
        <key>12</key>
        <name>[datastore1] demo2/vmware-10.log</name>
        <type>log</type>
        <size>141143</size>
        <uniqueSize>141143</uniqueSize>
        <accessible>true</accessible>
      </file>
      <file>
        <key>13</key>
        <name>[datastore1] demo2/demo2-5c0102bd.vswp</name>
        <type>swap</type>
        <size>1073741824</size>
        <uniqueSize>1073741824</uniqueSize>
        <accessible>true</accessible>
      </file>
      <file>
        <key>14</key>
        <name>[datastore1] demo2/vmx-demo2-6acf97e7a0e4a65c34e8e7122f397ee480ebbd97-1.vswp</name>
        <type>uwswap</type>
        <size>83886080</size>
        <uniqueSize>83886080</uniqueSize>
        <accessible>true</accessible>
      </file>
      <disk>
        <key>2000</key>
        <chain>
          <fileKey>4</fileKey>
          <fileKey>5</fileKey>
        </chain>
      </disk>
      <timestamp>2023-05-09T06:52:48.278785Z</timestamp>
    </val>
  </propSet>
  <propSet>
    <name>name</name>
    <val xmlns:XMLSchema-instance="http://www.w3.org/2001/XMLSchema-instance" XMLSchema-instance:type="xsd:string">demo2</val>
  </propSet>
  <propSet>
    <name>network</name>
    <val xmlns:XMLSchema-instance="http://www.w3.org/2001/XMLSchema-instance" XMLSchema-instance:type="ArrayOfManagedObjectReference">
      <ManagedObjectReference type="Network">network-12</ManagedObjectReference>
    </val>
  </propSet>
  <propSet>
    <name>overallStatus</name>
    <val xmlns:XMLSchema-instance="http://www.w3.org/2001/XMLSchema-instance" XMLSchema-instance:type="ManagedEntityStatus">green</val>
  </propSet>
  <propSet>
    <name>parent</name>
    <val xmlns:XMLSchema-instance="http://www.w3.org/2001/XMLSchema-instance" XMLSchema-instance:type="ManagedObjectReference" type="Folder">group-v4</val>
  </propSet>
  <propSet>
    <name>permission</name>
    <val xmlns:XMLSchema-instance="http://www.w3.org/2001/XMLSchema-instance" XMLSchema-instance:type="ArrayOfPermission"></val>
  </propSet>
  <propSet>
    <name>recentTask</name>
    <val xmlns:XMLSchema-instance="http://www.w3.org/2001/XMLSchema-instance" XMLSchema-instance:type="ArrayOfManagedObjectReference"></val>
  </propSet>
  <propSet>
    <name>resourceConfig</name>
    <val xmlns:XMLSchema-instance="http://www.w3.org/2001/XMLSchema-instance" XMLSchema-instance:type="ResourceConfigSpec">
      <entity type="VirtualMachine">vm-18</entity>
      <cpuAllocation>
        <reservation>0</reservation>
        <expandableReservation>false</expandableReservation>
        <limit>-1</limit>
        <shares>
          <shares>1000</shares>
          <level>normal</level>
        </shares>
      </cpuAllocation>
      <memoryAllocation>
        <reservation>0</reservation>
        <expandableReservation>false</expandableReservation>
        <limit>-1</limit>
        <shares>
          <shares>10240</shares>
          <level>normal</level>
        </shares>
      </memoryAllocation>
    </val>
  </propSet>
  <propSet>
    <name>resourcePool</name>
    <val xmlns:XMLSchema-instance="http://www.w3.org/2001/XMLSchema-instance" XMLSchema-instance:type="ManagedObjectReference" type="ResourcePool">resgroup-9</val>
  </propSet>
  <propSet>
    <name>rootSnapshot</name>
    <val xmlns:XMLSchema-instance="http://www.w3.org/2001/XMLSchema-instance" XMLSchema-instance:type="ArrayOfManagedObjectReference"></val>
  </propSet>
  <propSet>
    <name>runtime</name>
    <val xmlns:XMLSchema-instance="http://www.w3.org/2001/XMLSchema-instance" XMLSchema-instance:type="VirtualMachineRuntimeInfo">
      <device>
        <runtimeState XMLSchema-instance:type="VirtualMachineDeviceRuntimeInfoVirtualEthernetCardRuntimeState">
          <vmDirectPathGen2Active>false</vmDirectPathGen2Active>
          <vmDirectPathGen2InactiveReasonOther>vmNptIncompatibleNetwork</vmDirectPathGen2InactiveReasonOther>
        </runtimeState>
        <key>4000</key>
      </device>
      <host type="HostSystem">host-10</host>
      <connectionState>connected</connectionState>
      <powerState>poweredOn</powerState>
      <faultToleranceState>notConfigured</faultToleranceState>
      <toolsInstallerMounted>false</toolsInstallerMounted>
      <bootTime>2023-04-19T14:02:07.768737Z</bootTime>
      <maxCpuUsage>2400</maxCpuUsage>
      <maxMemoryUsage>1024</maxMemoryUsage>
      <numMksConnections>0</numMksConnections>
      <recordReplayState>inactive</recordReplayState>
      <onlineStandby>false</onlineStandby>
      <minRequiredEVCModeKey>intel-cascadelake</minRequiredEVCModeKey>
      <consolidationNeeded>false</consolidationNeeded>
      <offlineFeatureRequirement>
        <key>cpuid.lm</key>
        <featureName>cpuid.lm</featureName>
        <value>Num:Min:1</value>
      </offlineFeatureRequirement>
      <featureRequirement>
        <key>cpuid.3dnprefetch</key>
        <featureName>cpuid.3dnprefetch</featureName>
        <value>Bool:Min:1</value>
      </featureRequirement>
      <featureRequirement>
        <key>cpuid.abm</key>
        <featureName>cpuid.abm</featureName>
        <value>Bool:Min:1</value>
      </featureRequirement>
      <featureRequirement>
        <key>cpuid.adx</key>
        <featureName>cpuid.adx</featureName>
        <value>Bool:Min:1</value>
      </featureRequirement>
      <featureRequirement>
        <key>cpuid.aes</key>
        <featureName>cpuid.aes</featureName>
        <value>Bool:Min:1</value>
      </featureRequirement>
      <featureRequirement>
        <key>cpuid.avx</key>
        <featureName>cpuid.avx</featureName>
        <value>Bool:Min:1</value>
      </featureRequirement>
      <featureRequirement>
        <key>cpuid.avx2</key>
        <featureName>cpuid.avx2</featureName>
        <value>Bool:Min:1</value>
      </featureRequirement>
      <featureRequirement>
        <key>cpuid.bmi1</key>
        <featureName>cpuid.bmi1</featureName>
        <value>Bool:Min:1</value>
      </featureRequirement>
      <featureRequirement>
        <key>cpuid.bmi2</key>
        <featureName>cpuid.bmi2</featureName>
        <value>Bool:Min:1</value>
      </featureRequirement>
      <featureRequirement>
        <key>cpuid.clflushopt</key>
        <featureName>cpuid.clflushopt</featureName>
        <value>Bool:Min:1</value>
      </featureRequirement>
      <featureRequirement>
        <key>cpuid.cmpxchg16b</key>
        <featureName>cpuid.cmpxchg16b</featureName>
        <value>Bool:Min:1</value>
      </featureRequirement>
      <featureRequirement>
        <key>cpuid.enfstrg</key>
        <featureName>cpuid.enfstrg</featureName>
        <value>Bool:Min:1</value>
      </featureRequirement>
      <featureRequirement>
        <key>cpuid.f16c</key>
        <featureName>cpuid.f16c</featureName>
        <value>Bool:Min:1</value>
      </featureRequirement>
      <featureRequirement>
        <key>cpuid.fcmd</key>
        <featureName>cpuid.fcmd</featureName>
        <value>Bool:Min:1</value>
      </featureRequirement>
      <featureRequirement>
        <key>cpuid.fma</key>
        <featureName>cpuid.fma</featureName>
        <value>Bool:Min:1</value>
      </featureRequirement>
      <featureRequirement>
        <key>cpuid.fsgsbase</key>
        <featureName>cpuid.fsgsbase</featureName>
        <value>Bool:Min:1</value>
      </featureRequirement>
      <featureRequirement>
        <key>cpuid.ibpb</key>
        <featureName>cpuid.ibpb</featureName>
        <value>Bool:Min:1</value>
      </featureRequirement>
      <featureRequirement>
        <key>cpuid.ibrs</key>
        <featureName>cpuid.ibrs</featureName>
        <value>Bool:Min:1</value>
      </featureRequirement>
      <featureRequirement>
        <key>cpuid.intel</key>
        <featureName>cpuid.intel</featureName>
        <value>Bool:Min:1</value>
      </featureRequirement>
      <featureRequirement>
        <key>cpuid.invpcid</key>
        <featureName>cpuid.invpcid</featureName>
        <value>Bool:Min:1</value>
      </featureRequirement>
      <featureRequirement>
        <key>cpuid.lahf64</key>
        <featureName>cpuid.lahf64</featureName>
        <value>Bool:Min:1</value>
      </featureRequirement>
      <featureRequirement>
        <key>cpuid.lm</key>
        <featureName>cpuid.lm</featureName>
        <value>Bool:Min:1</value>
      </featureRequirement>
      <featureRequirement>
        <key>cpuid.mdclear</key>
        <featureName>cpuid.mdclear</featureName>
        <value>Bool:Min:1</value>
      </featureRequirement>
      <featureRequirement>
        <key>cpuid.movbe</key>
        <featureName>cpuid.movbe</featureName>
        <value>Bool:Min:1</value>
      </featureRequirement>
      <featureRequirement>
        <key>cpuid.nx</key>
        <featureName>cpuid.nx</featureName>
        <value>Bool:Min:1</value>
      </featureRequirement>
      <featureRequirement>
        <key>cpuid.pcid</key>
        <featureName>cpuid.pcid</featureName>
        <value>Bool:Min:1</value>
      </featureRequirement>
      <featureRequirement>
        <key>cpuid.pclmulqdq</key>
        <featureName>cpuid.pclmulqdq</featureName>
        <value>Bool:Min:1</value>
      </featureRequirement>
      <featureRequirement>
        <key>cpuid.pdpe1gb</key>
        <featureName>cpuid.pdpe1gb</featureName>
        <value>Bool:Min:1</value>
      </featureRequirement>
      <featureRequirement>
        <key>cpuid.popcnt</key>
        <featureName>cpuid.popcnt</featureName>
        <value>Bool:Min:1</value>
      </featureRequirement>
      <featureRequirement>
        <key>cpuid.rdrand</key>
        <featureName>cpuid.rdrand</featureName>
        <value>Bool:Min:1</value>
      </featureRequirement>
      <featureRequirement>
        <key>cpuid.rdseed</key>
        <featureName>cpuid.rdseed</featureName>
        <value>Bool:Min:1</value>
      </featureRequirement>
      <featureRequirement>
        <key>cpuid.rdtscp</key>
        <featureName>cpuid.rdtscp</featureName>
        <value>Bool:Min:1</value>
      </featureRequirement>
      <featureRequirement>
        <key>cpuid.smap</key>
        <featureName>cpuid.smap</featureName>
        <value>Bool:Min:1</value>
      </featureRequirement>
      <featureRequirement>
        <key>cpuid.smep</key>
        <featureName>cpuid.smep</featureName>
        <value>Bool:Min:1</value>
      </featureRequirement>
      <featureRequirement>
        <key>cpuid.ss</key>
        <featureName>cpuid.ss</featureName>
        <value>Bool:Min:1</value>
      </featureRequirement>
      <featureRequirement>
        <key>cpuid.ssbd</key>
        <featureName>cpuid.ssbd</featureName>
        <value>Bool:Min:1</value>
      </featureRequirement>
      <featureRequirement>
        <key>cpuid.sse3</key>
        <featureName>cpuid.sse3</featureName>
        <value>Bool:Min:1</value>
      </featureRequirement>
      <featureRequirement>
        <key>cpuid.sse41</key>
        <featureName>cpuid.sse41</featureName>
        <value>Bool:Min:1</value>
      </featureRequirement>
      <featureRequirement>
        <key>cpuid.sse42</key>
        <featureName>cpuid.sse42</featureName>
        <value>Bool:Min:1</value>
      </featureRequirement>
      <featureRequirement>
        <key>cpuid.ssse3</key>
        <featureName>cpuid.ssse3</featureName>
        <value>Bool:Min:1</value>
      </featureRequirement>
      <featureRequirement>
        <key>cpuid.stibp</key>
        <featureName>cpuid.stibp</featureName>
        <value>Bool:Min:1</value>
      </featureRequirement>
      <featureRequirement>
        <key>cpuid.xcr0_master_sse</key>
        <featureName>cpuid.xcr0_master_sse</featureName>
        <value>Bool:Min:1</value>
      </featureRequirement>
      <featureRequirement>
        <key>cpuid.xcr0_master_ymm_h</key>
        <featureName>cpuid.xcr0_master_ymm_h</featureName>
        <value>Bool:Min:1</value>
      </featureRequirement>
      <featureRequirement>
        <key>cpuid.xsave</key>
        <featureName>cpuid.xsave</featureName>
        <value>Bool:Min:1</value>
      </featureRequirement>
      <featureRequirement>
        <key>cpuid.xsavec</key>
        <featureName>cpuid.xsavec</featureName>
        <value>Bool:Min:1</value>
      </featureRequirement>
      <featureRequirement>
        <key>cpuid.xsaveopt</key>
        <featureName>cpuid.xsaveopt</featureName>
        <value>Bool:Min:1</value>
      </featureRequirement>
      <featureRequirement>
        <key>cpuid.xsaves</key>
        <featureName>cpuid.xsaves</featureName>
        <value>Bool:Min:1</value>
      </featureRequirement>
      <featureRequirement>
        <key>misc.cpuidfaulting</key>
        <featureName>misc.cpuidfaulting</featureName>
        <value>Bool:Min:1</value>
      </featureRequirement>
      <featureRequirement>
        <key>misc.ibrs_all</key>
        <featureName>misc.ibrs_all</featureName>
        <value>Bool:Min:1</value>
      </featureRequirement>
      <featureRequirement>
        <key>misc.mds_no</key>
        <featureName>misc.mds_no</featureName>
        <value>Bool:Min:1</value>
      </featureRequirement>
      <featureRequirement>
        <key>misc.rdcl_no</key>
        <featureName>misc.rdcl_no</featureName>
        <value>Bool:Min:1</value>
      </featureRequirement>
      <featureRequirement>
        <key>misc.rsba_no</key>
        <featureName>misc.rsba_no</featureName>
        <value>Bool:Min:1</value>
      </featureRequirement>
      <paused>false</paused>
      <snapshotInBackground>false</snapshotInBackground>
      <instantCloneFrozen>false</instantCloneFrozen>
    </val>
  </propSet>
  <propSet>
    <name>storage</name>
    <val xmlns:XMLSchema-instance="http://www.w3.org/2001/XMLSchema-instance" XMLSchema-instance:type="VirtualMachineStorageInfo">
      <perDatastoreUsage>
        <datastore type="Datastore">datastore-11</datastore>
        <committed>18338507767</committed>
        <uncommitted>522</uncommitted>
        <unshared>17179869184</unshared>
      </perDatastoreUsage>
      <timestamp>2023-04-19T14:13:22.631Z</timestamp>
    </val>
  </propSet>
  <propSet>
    <name>summary</name>
    <val xmlns:XMLSchema-instance="http://www.w3.org/2001/XMLSchema-instance" XMLSchema-instance:type="VirtualMachineSummary">
      <vm type="VirtualMachine">vm-18</vm>
      <runtime>
        <device>
          <runtimeState XMLSchema-instance:type="VirtualMachineDeviceRuntimeInfoVirtualEthernetCardRuntimeState">
            <vmDirectPathGen2Active>false</vmDirectPathGen2Active>
            <vmDirectPathGen2InactiveReasonOther>vmNptIncompatibleNetwork</vmDirectPathGen2InactiveReasonOther>
          </runtimeState>
          <key>4000</key>
        </device>
        <host type="HostSystem">host-10</host>
        <connectionState>connected</connectionState>
        <powerState>poweredOn</powerState>
        <faultToleranceState>notConfigured</faultToleranceState>
        <toolsInstallerMounted>false</toolsInstallerMounted>
        <bootTime>2023-04-19T14:02:07.768737Z</bootTime>
        <maxCpuUsage>2400</maxCpuUsage>
        <maxMemoryUsage>1024</maxMemoryUsage>
        <numMksConnections>0</numMksConnections>
        <recordReplayState>inactive</recordReplayState>
        <onlineStandby>false</onlineStandby>
        <minRequiredEVCModeKey>intel-cascadelake</minRequiredEVCModeKey>
        <consolidationNeeded>false</consolidationNeeded>
        <offlineFeatureRequirement>
          <key>cpuid.lm</key>
          <featureName>cpuid.lm</featureName>
          <value>Num:Min:1</value>
        </offlineFeatureRequirement>
        <featureRequirement>
          <key>cpuid.3dnprefetch</key>
          <featureName>cpuid.3dnprefetch</featureName>
          <value>Bool:Min:1</value>
        </featureRequirement>
        <featureRequirement>
          <key>cpuid.abm</key>
          <featureName>cpuid.abm</featureName>
          <value>Bool:Min:1</value>
        </featureRequirement>
        <featureRequirement>
          <key>cpuid.adx</key>
          <featureName>cpuid.adx</featureName>
          <value>Bool:Min:1</value>
        </featureRequirement>
        <featureRequirement>
          <key>cpuid.aes</key>
          <featureName>cpuid.aes</featureName>
          <value>Bool:Min:1</value>
        </featureRequirement>
        <featureRequirement>
          <key>cpuid.avx</key>
          <featureName>cpuid.avx</featureName>
          <value>Bool:Min:1</value>
        </featureRequirement>
        <featureRequirement>
          <key>cpuid.avx2</key>
          <featureName>cpuid.avx2</featureName>
          <value>Bool:Min:1</value>
        </featureRequirement>
        <featureRequirement>
          <key>cpuid.bmi1</key>
          <featureName>cpuid.bmi1</featureName>
          <value>Bool:Min:1</value>
        </featureRequirement>
        <featureRequirement>
          <key>cpuid.bmi2</key>
          <featureName>cpuid.bmi2</featureName>
          <value>Bool:Min:1</value>
        </featureRequirement>
        <featureRequirement>
          <key>cpuid.clflushopt</key>
          <featureName>cpuid.clflushopt</featureName>
          <value>Bool:Min:1</value>
        </featureRequirement>
        <featureRequirement>
          <key>cpuid.cmpxchg16b</key>
          <featureName>cpuid.cmpxchg16b</featureName>
          <value>Bool:Min:1</value>
        </featureRequirement>
        <featureRequirement>
          <key>cpuid.enfstrg</key>
          <featureName>cpuid.enfstrg</featureName>
          <value>Bool:Min:1</value>
        </featureRequirement>
        <featureRequirement>
          <key>cpuid.f16c</key>
          <featureName>cpuid.f16c</featureName>
          <value>Bool:Min:1</value>
        </featureRequirement>
        <featureRequirement>
          <key>cpuid.fcmd</key>
          <featureName>cpuid.fcmd</featureName>
          <value>Bool:Min:1</value>
        </featureRequirement>
        <featureRequirement>
          <key>cpuid.fma</key>
          <featureName>cpuid.fma</featureName>
          <value>Bool:Min:1</value>
        </featureRequirement>
        <featureRequirement>
          <key>cpuid.fsgsbase</key>
          <featureName>cpuid.fsgsbase</featureName>
          <value>Bool:Min:1</value>
        </featureRequirement>
        <featureRequirement>
          <key>cpuid.ibpb</key>
          <featureName>cpuid.ibpb</featureName>
          <value>Bool:Min:1</value>
        </featureRequirement>
        <featureRequirement>
          <key>cpuid.ibrs</key>
          <featureName>cpuid.ibrs</featureName>
          <value>Bool:Min:1</value>
        </featureRequirement>
        <featureRequirement>
          <key>cpuid.intel</key>
          <featureName>cpuid.intel</featureName>
          <value>Bool:Min:1</value>
        </featureRequirement>
        <featureRequirement>
          <key>cpuid.invpcid</key>
          <featureName>cpuid.invpcid</featureName>
          <value>Bool:Min:1</value>
        </featureRequirement>
        <featureRequirement>
          <key>cpuid.lahf64</key>
          <featureName>cpuid.lahf64</featureName>
          <value>Bool:Min:1</value>
        </featureRequirement>
        <featureRequirement>
          <key>cpuid.lm</key>
          <featureName>cpuid.lm</featureName>
          <value>Bool:Min:1</value>
        </featureRequirement>
        <featureRequirement>
          <key>cpuid.mdclear</key>
          <featureName>cpuid.mdclear</featureName>
          <value>Bool:Min:1</value>
        </featureRequirement>
        <featureRequirement>
          <key>cpuid.movbe</key>
          <featureName>cpuid.movbe</featureName>
          <value>Bool:Min:1</value>
        </featureRequirement>
        <featureRequirement>
          <key>cpuid.nx</key>
          <featureName>cpuid.nx</featureName>
          <value>Bool:Min:1</value>
        </featureRequirement>
        <featureRequirement>
          <key>cpuid.pcid</key>
          <featureName>cpuid.pcid</featureName>
          <value>Bool:Min:1</value>
        </featureRequirement>
        <featureRequirement>
          <key>cpuid.pclmulqdq</key>
          <featureName>cpuid.pclmulqdq</featureName>
          <value>Bool:Min:1</value>
        </featureRequirement>
        <featureRequirement>
          <key>cpuid.pdpe1gb</key>
          <featureName>cpuid.pdpe1gb</featureName>
          <value>Bool:Min:1</value>
        </featureRequirement>
        <featureRequirement>
          <key>cpuid.popcnt</key>
          <featureName>cpuid.popcnt</featureName>
          <value>Bool:Min:1</value>
        </featureRequirement>
        <featureRequirement>
          <key>cpuid.rdrand</key>
          <featureName>cpuid.rdrand</featureName>
          <value>Bool:Min:1</value>
        </featureRequirement>
        <featureRequirement>
          <key>cpuid.rdseed</key>
          <featureName>cpuid.rdseed</featureName>
          <value>Bool:Min:1</value>
        </featureRequirement>
        <featureRequirement>
          <key>cpuid.rdtscp</key>
          <featureName>cpuid.rdtscp</featureName>
          <value>Bool:Min:1</value>
        </featureRequirement>
        <featureRequirement>
          <key>cpuid.smap</key>
          <featureName>cpuid.smap</featureName>
          <value>Bool:Min:1</value>
        </featureRequirement>
        <featureRequirement>
          <key>cpuid.smep</key>
          <featureName>cpuid.smep</featureName>
          <value>Bool:Min:1</value>
        </featureRequirement>
        <featureRequirement>
          <key>cpuid.ss</key>
          <featureName>cpuid.ss</featureName>
          <value>Bool:Min:1</value>
        </featureRequirement>
        <featureRequirement>
          <key>cpuid.ssbd</key>
          <featureName>cpuid.ssbd</featureName>
          <value>Bool:Min:1</value>
        </featureRequirement>
        <featureRequirement>
          <key>cpuid.sse3</key>
          <featureName>cpuid.sse3</featureName>
          <value>Bool:Min:1</value>
        </featureRequirement>
        <featureRequirement>
          <key>cpuid.sse41</key>
          <featureName>cpuid.sse41</featureName>
          <value>Bool:Min:1</value>
        </featureRequirement>
        <featureRequirement>
          <key>cpuid.sse42</key>
          <featureName>cpuid.sse42</featureName>
          <value>Bool:Min:1</value>
        </featureRequirement>
        <featureRequirement>
          <key>cpuid.ssse3</key>
          <featureName>cpuid.ssse3</featureName>
          <value>Bool:Min:1</value>
        </featureRequirement>
        <featureRequirement>
          <key>cpuid.stibp</key>
          <featureName>cpuid.stibp</featureName>
          <value>Bool:Min:1</value>
        </featureRequirement>
        <featureRequirement>
          <key>cpuid.xcr0_master_sse</key>
          <featureName>cpuid.xcr0_master_sse</featureName>
          <value>Bool:Min:1</value>
        </featureRequirement>
        <featureRequirement>
          <key>cpuid.xcr0_master_ymm_h</key>
          <featureName>cpuid.xcr0_master_ymm_h</featureName>
          <value>Bool:Min:1</value>
        </featureRequirement>
        <featureRequirement>
          <key>cpuid.xsave</key>
          <featureName>cpuid.xsave</featureName>
          <value>Bool:Min:1</value>
        </featureRequirement>
        <featureRequirement>
          <key>cpuid.xsavec</key>
          <featureName>cpuid.xsavec</featureName>
          <value>Bool:Min:1</value>
        </featureRequirement>
        <featureRequirement>
          <key>cpuid.xsaveopt</key>
          <featureName>cpuid.xsaveopt</featureName>
          <value>Bool:Min:1</value>
        </featureRequirement>
        <featureRequirement>
          <key>cpuid.xsaves</key>
          <featureName>cpuid.xsaves</featureName>
          <value>Bool:Min:1</value>
        </featureRequirement>
        <featureRequirement>
          <key>misc.cpuidfaulting</key>
          <featureName>misc.cpuidfaulting</featureName>
          <value>Bool:Min:1</value>
        </featureRequirement>
        <featureRequirement>
          <key>misc.ibrs_all</key>
          <featureName>misc.ibrs_all</featureName>
          <value>Bool:Min:1</value>
        </featureRequirement>
        <featureRequirement>
          <key>misc.mds_no</key>
          <featureName>misc.mds_no</featureName>
          <value>Bool:Min:1</value>
        </featureRequirement>
        <featureRequirement>
          <key>misc.rdcl_no</key>
          <featureName>misc.rdcl_no</featureName>
          <value>Bool:Min:1</value>
        </featureRequirement>
        <featureRequirement>
          <key>misc.rsba_no</key>
          <featureName>misc.rsba_no</featureName>
          <value>Bool:Min:1</value>
        </featureRequirement>
        <paused>false</paused>
        <snapshotInBackground>false</snapshotInBackground>
        <instantCloneFrozen>false</instantCloneFrozen>
      </runtime>
      <guest>
        <guestId>ubuntu64Guest</guestId>
        <guestFullName>Ubuntu Linux (64-bit)</guestFullName>
        <toolsStatus>toolsOk</toolsStatus>
        <toolsVersionStatus>guestToolsUnmanaged</toolsVersionStatus>
        <toolsVersionStatus2>guestToolsUnmanaged</toolsVersionStatus2>
        <toolsRunningStatus>guestToolsRunning</toolsRunningStatus>
        <hostName>demo</hostName>
        <ipAddress>10.0.10.24</ipAddress>
        <hwVersion>vmx-13</hwVersion>
      </guest>
      <config>
        <name>demo2</name>
        <template>false</template>
        <vmPathName>[datastore1] demo2/demo2.vmx</vmPathName>
        <memorySizeMB>1024</memorySizeMB>
        <numCpu>1</numCpu>
        <numEthernetCards>1</numEthernetCards>
        <numVirtualDisks>1</numVirtualDisks>
        <uuid>4226ee45-00a8-8982-2680-3cbede0e53cd</uuid>
        <instanceUuid>5026af9d-909d-62e6-8e9e-b58bcb42bc91</instanceUuid>
        <guestId>ubuntu64Guest</guestId>
        <guestFullName>Ubuntu Linux (64-bit)</guestFullName>
        <product>
          <key>0</key>
        </product>
        <installBootRequired>false</installBootRequired>
        <tpmPresent>false</tpmPresent>
        <hwVersion>vmx-13</hwVersion>
      </config>
      <storage>
        <committed>18338507767</committed>
        <uncommitted>522</uncommitted>
        <unshared>17179869184</unshared>
        <timestamp>2023-04-19T14:13:22.631669Z</timestamp>
      </storage>
      <quickStats>
        <overallCpuUsage>120</overallCpuUsage>
        <overallCpuDemand>144</overallCpuDemand>
        <guestMemoryUsage>30</guestMemoryUsage>
        <hostMemoryUsage>856</hostMemoryUsage>
        <guestHeartbeatStatus>green</guestHeartbeatStatus>
        <grantedMemory>1024</grantedMemory>
        <privateMemory>720</privateMemory>
        <sharedMemory>304</sharedMemory>
        <consumedOverheadMemory>31</consumedOverheadMemory>
        <ftLogBandwidth>-1</ftLogBandwidth>
        <ftSecondaryLatency>-1</ftSecondaryLatency>
        <ftLatencyStatus>gray</ftLatencyStatus>
        <uptimeSeconds>1722607</uptimeSeconds>
        <activeMemory>30</activeMemory>
      </quickStats>
      <overallStatus>green</overallStatus>
    </val>
  </propSet>
  <propSet>
    <name>tag</name>
    <val xmlns:XMLSchema-instance="http://www.w3.org/2001/XMLSchema-instance" XMLSchema-instance:type="ArrayOfTag"></val>
  </propSet>
  <propSet>
    <name>triggeredAlarmState</name>
    <val xmlns:XMLSchema-instance="http://www.w3.org/2001/XMLSchema-instance" XMLSchema-instance:type="ArrayOfAlarmState"></val>
  </propSet>
  <propSet>
    <name>value</name>
    <val xmlns:XMLSchema-instance="http://www.w3.org/2001/XMLSchema-instance" XMLSchema-instance:type="ArrayOfCustomFieldValue"></val>
  </propSet>
</ObjectContent>