<ObjectContent>
  <obj type="VirtualMachine">vm-11004</obj>
  <propSet>
    <name>alarmActionsEnabled</name>
    <val xmlns:XMLSchema-instance="http://www.w3.org/2001/XMLSchema-instance" XMLSchema-instance:type="xsd:boolean">true</val>
  </propSet>
  <propSet>
    <name>availableField</name>
    <val xmlns:XMLSchema-instance="http://www.w3.org/2001/XMLSchema-instance" XMLSchema-instance:type="ArrayOfCustomFieldDef"></val>
  </propSet>
  <propSet>
    <name>capability</name>
    <val xmlns:XMLSchema-instance="http://www.w3.org/2001/XMLSchema-instance" XMLSchema-instance:type="VirtualMachineCapability">
      <snapshotOperationsSupported>true</snapshotOperationsSupported>
      <multipleSnapshotsSupported>true</multipleSnapshotsSupported>
      <snapshotConfigSupported>true</snapshotConfigSupported>
      <poweredOffSnapshotsSupported>true</poweredOffSnapshotsSupported>
      <memorySnapshotsSupported>true</memorySnapshotsSupported>
      <revertToSnapshotSupported>true</revertToSnapshotSupported>
      <quiescedSnapshotsSupported>true</quiescedSnapshotsSupported>
      <disableSnapshotsSupported>false</disableSnapshotsSupported>
      <lockSnapshotsSupported>true</lockSnapshotsSupported>
      <consolePreferencesSupported>false</consolePreferencesSupported>
      <cpuFeatureMaskSupported>true</cpuFeatureMaskSupported>
      <s1AcpiManagementSupported>true</s1AcpiManagementSupported>
      <settingScreenResolutionSupported>false</settingScreenResolutionSupported>
      <toolsAutoUpdateSupported>false</toolsAutoUpdateSupported>
      <vmNpivWwnSupported>true</vmNpivWwnSupported>
      <npivWwnOnNonRdmVmSupported>true</npivWwnOnNonRdmVmSupported>
      <vmNpivWwnDisableSupported>true</vmNpivWwnDisableSupported>
      <vmNpivWwnUpdateSupported>true</vmNpivWwnUpdateSupported>
      <swapPlacementSupported>true</swapPlacementSupported>
      <toolsSyncTimeSupported>true</toolsSyncTimeSupported>
      <virtualMmuUsageSupported>true</virtualMmuUsageSupported>
      <diskSharesSupported>true</diskSharesSupported>
      <bootOptionsSupported>true</bootOptionsSupported>
      <bootRetryOptionsSupported>true</bootRetryOptionsSupported>
      <settingVideoRamSizeSupported>true</settingVideoRamSizeSupported>
      <settingDisplayTopologySupported>false</settingDisplayTopologySupported>
      <recordReplaySupported>false</recordReplaySupported>
      <changeTrackingSupported>true</changeTrackingSupported>
      <multipleCoresPerSocketSupported>true</multipleCoresPerSocketSupported>
      <hostBasedReplicationSupported>true</hostBasedReplicationSupported>
      <guestAutoLockSupported>true</guestAutoLockSupported>
      <memoryReservationLockSupported>true</memoryReservationLockSupported>
      <featureRequirementSupported>true</featureRequirementSupported>
      <poweredOnMonitorTypeChangeSupported>true</poweredOnMonitorTypeChangeSupported>
      <seSparseDiskSupported>true</seSparseDiskSupported>
      <nestedHVSupported>true</nestedHVSupported>
      <vPMCSupported>true</vPMCSupported>
      <secureBootSupported>false</secureBootSupported>
      <perVmEvcSupported>false</perVmEvcSupported>
      <virtualMmuUsageIgnored>false</virtualMmuUsageIgnored>
      <virtualExecUsageIgnored>false</virtualExecUsageIgnored>
      <diskOnlySnapshotOnSuspendedVMSupported>true</diskOnlySnapshotOnSuspendedVMSupported>
      <suspendToMemorySupported>true</suspendToMemorySupported>
      <toolsSyncTimeAllowSupported>true</toolsSyncTimeAllowSupported>
      <sevSupported>false</sevSupported>
      <pmemFailoverSupported>false</pmemFailoverSupported>
    </val>
  </propSet>
  <propSet>
    <name>config</name>
    <val xmlns:XMLSchema-instance="http://www.w3.org/2001/XMLSchema-instance" XMLSchema-instance:type="VirtualMachineConfigInfo">
      <changeVersion>2023-04-19T12:49:40.760398Z</changeVersion>
      <modified>1970-01-01T00:00:00Z</modified>
      <name>robot-shop-mysql</name>
      <guestFullName>Ubuntu Linux (64-bit)</guestFullName>
      <version>vmx-13</version>
      <uuid>4226986b-0481-afec-0409-58c3afc33f67</uuid>
      <createDate>2023-03-16T14:57:22.460636Z</createDate>
      <instanceUuid>50268406-72c4-5b4a-ff3d-ccf8c67eaa3c</instanceUuid>
      <npivTemporaryDisabled>true</npivTemporaryDisabled>
      <locationId>564d07ad-33a1-bf2e-a28b-4a866dca5666</locationId>
      <template>false</template>
      <guestId>ubuntu64Guest</guestId>
      <alternateGuestName></alternateGuestName>
      <files>
        <vmPathName>[datastore1] robot-shop-mysql/robot-shop-mysql.vmx</vmPathName>
        <snapshotDirectory>[datastore1] robot-shop-mysql/</snapshotDirectory>
        <suspendDirectory>[datastore1] robot-shop-mysql/</suspendDirectory>
        <logDirectory>[datastore1] robot-shop-mysql/</logDirectory>
      </files>
      <tools>
        <toolsInstallType>guestToolsTypeUnknown</toolsInstallType>
        <afterPowerOn>true</afterPowerOn>
        <afterResume>true</afterResume>
        <beforeGuestStandby>true</beforeGuestStandby>
        <beforeGuestShutdown>true</beforeGuestShutdown>
        <toolsUpgradePolicy>manual</toolsUpgradePolicy>
        <syncTimeWithHostAllowed>true</syncTimeWithHostAllowed>
        <syncTimeWithHost>false</syncTimeWithHost>
        <lastInstallInfo>
          <counter>1</counter>
        </lastInstallInfo>
      </tools>
      <flags>
        <disableAcceleration>false</disableAcceleration>
        <enableLogging>true</enableLogging>
        <useToe>false</useToe>
        <runWithDebugInfo>false</runWithDebugInfo>
        <monitorType>release</monitorType>
        <htSharing>any</htSharing>
        <snapshotDisabled>false</snapshotDisabled>
        <snapshotLocked>false</snapshotLocked>
        <diskUuidEnabled>false</diskUuidEnabled>
        <virtualMmuUsage>automatic</virtualMmuUsage>
        <virtualExecUsage>hvAuto</virtualExecUsage>
        <snapshotPowerOffBehavior>powerOff</snapshotPowerOffBehavior>
        <recordReplayEnabled>false</recordReplayEnabled>
        <faultToleranceType>unset</faultToleranceType>
        <cbrcCacheEnabled>false</cbrcCacheEnabled>
        <vvtdEnabled>false</vvtdEnabled>
        <vbsEnabled>false</vbsEnabled>
      </flags>
      <defaultPowerOps>
        <powerOffType>soft</powerOffType>
        <suspendType>hard</suspendType>
        <resetType>soft</resetType>
        <defaultPowerOffType>soft</defaultPowerOffType>
        <defaultSuspendType>hard</defaultSuspendType>
        <defaultResetType>soft</defaultResetType>
        <standbyAction>checkpoint</standbyAction>
      </defaultPowerOps>
      <hardware>
        <numCPU>1</numCPU>
        <numCoresPerSocket>1</numCoresPerSocket>
        <memoryMB>256</memoryMB>
        <virtualICH7MPresent>false</virtualICH7MPresent>
        <virtualSMCPresent>false</virtualSMCPresent>
        <device XMLSchema-instance:type="VirtualIDEController">
          <key>200</key>
          <deviceInfo XMLSchema-instance:type="Description">
            <label>IDE 0</label>
            <summary>IDE 0</summary>
          </deviceInfo>
          <busNumber>0</busNumber>
        </device>
        <device XMLSchema-instance:type="VirtualIDEController">
          <key>201</key>
          <deviceInfo XMLSchema-instance:type="Description">
            <label>IDE 1</label>
            <summary>IDE 1</summary>
          </deviceInfo>
          <busNumber>1</busNumber>
        </device>
        <device XMLSchema-instance:type="VirtualPS2Controller">
          <key>300</key>
          <deviceInfo XMLSchema-instance:type="Description">
            <label>PS2 controller 0</label>
            <summary>PS2 controller 0</summary>
          </deviceInfo>
          <busNumber>0</busNumber>
          <device>600</device>
          <device>700</device>
        </device>
        <device XMLSchema-instance:type="VirtualPCIController">
          <key>100</key>
          <deviceInfo XMLSchema-instance:type="Description">
            <label>PCI controller 0</label>
            <summary>PCI controller 0</summary>
          </deviceInfo>
          <busNumber>0</busNumber>
          <device>500</device>
          <device>12000</device>
          <device>7000</device>
          <device>1000</device>
          <device>15000</device>
          <device>4000</device>
        </device>
        <device XMLSchema-instance:type="VirtualSIOController">
          <key>400</key>
          <deviceInfo XMLSchema-instance:type="Description">
            <label>SIO controller 0</label>
            <summary>SIO controller 0</summary>
          </deviceInfo>
          <busNumber>0</busNumber>
        </device>
        <device XMLSchema-instance:type="VirtualKeyboard">
          <key>600</key>
          <deviceInfo XMLSchema-instance:type="Description">
            <label>Keyboard </label>
            <summary>Keyboard</summary>
          </deviceInfo>
          <controllerKey>300</controllerKey>
          <unitNumber>0</unitNumber>
        </device>
        <device XMLSchema-instance:type="VirtualPointingDevice">
          <key>700</key>
          <deviceInfo XMLSchema-instance:type="Description">
            <label>Pointing device</label>
            <summary>Pointing device; Device</summary>
          </deviceInfo>
          <backing XMLSchema-instance:type="VirtualPointingDeviceDeviceBackingInfo">
            <deviceName></deviceName>
            <useAutoDetect>false</useAutoDetect>
            <hostPointingDevice>autodetect</hostPointingDevice>
          </backing>
          <controllerKey>300</controllerKey>
          <unitNumber>1</unitNumber>
        </device>
        <device XMLSchema-instance:type="VirtualMachineVideoCard">
          <key>500</key>
          <deviceInfo XMLSchema-instance:type="Description">
            <label>Video card </label>
            <summary>Video card</summary>
          </deviceInfo>
          <controllerKey>100</controllerKey>
          <unitNumber>0</unitNumber>
          <videoRamSizeInKB>4096</videoRamSizeInKB>
          <numDisplays>1</numDisplays>
          <useAutoDetect>false</useAutoDetect>
          <enable3DSupport>false</enable3DSupport>
          <use3dRenderer>automatic</use3dRenderer>
          <graphicsMemorySizeInKB>262144</graphicsMemorySizeInKB>
        </device>
        <device XMLSchema-instance:type="VirtualMachineVMCIDevice">
          <key>12000</key>
          <deviceInfo XMLSchema-instance:type="Description">
            <label>VMCI device</label>
            <summary>Device on the virtual machine PCI bus that provides support for the virtual machine communication interface</summary>
          </deviceInfo>
          <controllerKey>100</controllerKey>
          <unitNumber>17</unitNumber>
          <id>-1346158745</id>
          <allowUnrestrictedCommunication>false</allowUnrestrictedCommunication>
          <filterEnable>true</filterEnable>
        </device>
        <device XMLSchema-instance:type="VirtualUSBController">
          <key>7000</key>
          <deviceInfo XMLSchema-instance:type="Description">
            <label>USB controller </label>
            <summary>Auto connect Disabled</summary>
          </deviceInfo>
          <slotInfo XMLSchema-instance:type="VirtualUSBControllerPciBusSlotInfo">
            <pciSlotNumber>32</pciSlotNumber>
            <ehciPciSlotNumber>33</ehciPciSlotNumber>
          </slotInfo>
          <controllerKey>100</controllerKey>
          <unitNumber>22</unitNumber>
          <busNumber>0</busNumber>
          <autoConnectDevices>false</autoConnectDevices>
          <ehciEnabled>true</ehciEnabled>
        </device>
        <device XMLSchema-instance:type="VirtualLsiLogicController">
          <key>1000</key>
          <deviceInfo XMLSchema-instance:type="Description">
            <label>SCSI controller 0</label>
            <summary>LSI Logic</summary>
          </deviceInfo>
          <slotInfo XMLSchema-instance:type="VirtualDevicePciBusSlotInfo">
            <pciSlotNumber>16</pciSlotNumber>
          </slotInfo>
          <controllerKey>100</controllerKey>
          <unitNumber>3</unitNumber>
          <busNumber>0</busNumber>
          <device>2000</device>
          <hotAddRemove>true</hotAddRemove>
          <sharedBus>noSharing</sharedBus>
          <scsiCtlrUnitNumber>7</scsiCtlrUnitNumber>
        </device>
        <device XMLSchema-instance:type="VirtualAHCIController">
          <key>15000</key>
          <deviceInfo XMLSchema-instance:type="Description">
            <label>SATA controller 0</label>
            <summary>AHCI</summary>
          </deviceInfo>
          <slotInfo XMLSchema-instance:type="VirtualDevicePciBusSlotInfo">
            <pciSlotNumber>34</pciSlotNumber>
          </slotInfo>
          <controllerKey>100</controllerKey>
          <unitNumber>24</unitNumber>
          <busNumber>0</busNumber>
          <device>16000</device>
        </device>
        <device XMLSchema-instance:type="VirtualCdrom">
          <key>16000</key>
          <deviceInfo XMLSchema-instance:type="Description">
            <label>CD/DVD drive 1</label>
            <summary>Remote ATAPI</summary>
          </deviceInfo>
          <backing XMLSchema-instance:type="VirtualCdromRemoteAtapiBackingInfo">
            <deviceName></deviceName>
            <useAutoDetect>true</useAutoDetect>
          </backing>
          <connectable>
            <startConnected>false</startConnected>
            <allowGuestControl>true</allowGuestControl>
            <connected>false</connected>
            <status>ok</status>
          </connectable>
          <controllerKey>15000</controllerKey>
          <unitNumber>0</unitNumber>
        </device>
        <device XMLSchema-instance:type="VirtualDisk">
          <key>2000</key>
          <deviceInfo XMLSchema-instance:type="Description">
            <label>Hard disk 1</label>
            <summary>16,777,216 KB</summary>
          </deviceInfo>
          <backing XMLSchema-instance:type="VirtualDiskFlatVer2BackingInfo">
            <fileName>[datastore1] robot-shop-mysql/robot-shop-mysql.vmdk</fileName>
            <datastore type="Datastore">datastore-11</datastore>
            <diskMode>persistent</diskMode>
            <split>false</split>
            <writeThrough>false</writeThrough>
            <thinProvisioned>false</thinProvisioned>
            <eagerlyScrub>false</eagerlyScrub>
            <uuid>6000C295-0ebb-4d7f-83b8-0ec971053d14</uuid>
            <contentId>c401a61549f1127122f6ca44644fc282</contentId>
            <digestEnabled>false</digestEnabled>
            <sharing>sharingNone</sharing>
          </backing>
          <controllerKey>1000</controllerKey>
          <unitNumber>0</unitNumber>
          <capacityInKB>16777216</capacityInKB>
          <capacityInBytes>17179869184</capacityInBytes>
          <shares>
            <shares>1000</shares>
            <level>normal</level>
          </shares>
          <storageIOAllocation>
            <limit>-1</limit>
            <shares>
              <shares>1000</shares>
              <level>normal</level>
            </shares>
            <reservation>0</reservation>
          </storageIOAllocation>
          <diskObjectId>6-2000</diskObjectId>
          <nativeUnmanagedLinkedClone>false</nativeUnmanagedLinkedClone>
        </device>
        <device XMLSchema-instance:type="VirtualVmxnet3">
          <key>4000</key>
          <deviceInfo XMLSchema-instance:type="Description">
            <label>Network adapter 1</label>
            <summary>VM Network</summary>
          </deviceInfo>
          <backing XMLSchema-instance:type="VirtualEthernetCardNetworkBackingInfo">
            <deviceName>VM Network</deviceName>
            <useAutoDetect>false</useAutoDetect>
            <network type="Network">network-12</network>
          </backing>
          <connectable>
            <migrateConnect>unset</migrateConnect>
            <startConnected>true</startConnected>
            <allowGuestControl>true</allowGuestControl>
            <connected>true</connected>
            <status>ok</status>
          </connectable>
          <slotInfo XMLSchema-instance:type="VirtualDevicePciBusSlotInfo">
            <pciSlotNumber>160</pciSlotNumber>
          </slotInfo>
          <controllerKey>100</controllerKey>
          <unitNumber>7</unitNumber>
          <addressType>assigned</addressType>
          <macAddress>00:50:56:a6:86:46</macAddress>
          <wakeOnLanEnabled>false</wakeOnLanEnabled>
          <resourceAllocation>
            <reservation>0</reservation>
            <share>
              <shares>50</shares>
              <level>normal</level>
            </share>
            <limit>-1</limit>
          </resourceAllocation>
          <uptCompatibilityEnabled>true</uptCompatibilityEnabled>
        </device>
      </hardware>
      <cpuAllocation>
        <reservation>0</reservation>
        <expandableReservation>false</expandableReservation>
        <limit>-1</limit>
        <shares>
          <shares>1000</shares>
          <level>normal</level>
        </shares>
      </cpuAllocation>
      <memoryAllocation>
        <reservation>0</reservation>
        <expandableReservation>false</expandableReservation>
        <limit>-1</limit>
        <shares>
          <shares>2560</shares>
          <level>normal</level>
        </shares>
      </memoryAllocation>
      <latencySensitivity>
        <level>normal</level>
      </latencySensitivity>
      <memoryHotAddEnabled>false</memoryHotAddEnabled>
      <cpuHotAddEnabled>false</cpuHotAddEnabled>
      <cpuHotRemoveEnabled>false</cpuHotRemoveEnabled>
      <hotPlugMemoryLimit>256</hotPlugMemoryLimit>
      <extraConfig XMLSchema-instance:type="OptionValue">
        <key>sched.cpu.latencySensitivity</key>
        <value XMLSchema-instance:type="xsd:string">normal</value>
      </extraConfig>
      <extraConfig XMLSchema-instance:type="OptionValue">
        <key>tools.guest.desktop.autolock</key>
        <value XMLSchema-instance:type="xsd:string">FALSE</value>
      </extraConfig>
      <extraConfig XMLSchema-instance:type="OptionValue">
        <key>svga.present</key>
        <value XMLSchema-instance:type="xsd:string">TRUE</value>
      </extraConfig>
      <extraConfig XMLSchema-instance:type="OptionValue">
        <key>pciBridge0.present</key>
        <value XMLSchema-instance:type="xsd:string">TRUE</value>
      </extraConfig>
      <extraConfig XMLSchema-instance:type="OptionValue">
        <key>pciBridge4.present</key>
        <value XMLSchema-instance:type="xsd:string">TRUE</value>
      </extraConfig>
      <extraConfig XMLSchema-instance:type="OptionValue">
        <key>pciBridge4.virtualDev</key>
        <value XMLSchema-instance:type="xsd:string">pcieRootPort</value>
      </extraConfig>
      <extraConfig XMLSchema-instance:type="OptionValue">
        <key>pciBridge4.functions</key>
        <value XMLSchema-instance:type="xsd:string">8</value>
      </extraConfig>
      <extraConfig XMLSchema-instance:type="OptionValue">
        <key>pciBridge5.present</key>
        <value XMLSchema-instance:type="xsd:string">TRUE</value>
      </extraConfig>
      <extraConfig XMLSchema-instance:type="OptionValue">
        <key>pciBridge5.virtualDev</key>
        <value XMLSchema-instance:type="xsd:string">pcieRootPort</value>
      </extraConfig>
      <extraConfig XMLSchema-instance:type="OptionValue">
        <key>pciBridge5.functions</key>
        <value XMLSchema-instance:type="xsd:string">8</value>
      </extraConfig>
      <extraConfig XMLSchema-instance:type="OptionValue">
        <key>pciBridge6.present</key>
        <value XMLSchema-instance:type="xsd:string">TRUE</value>
      </extraConfig>
      <extraConfig XMLSchema-instance:type="OptionValue">
        <key>pciBridge6.virtualDev</key>
        <value XMLSchema-instance:type="xsd:string">pcieRootPort</value>
      </extraConfig>
      <extraConfig XMLSchema-instance:type="OptionValue">
        <key>pciBridge6.functions</key>
        <value XMLSchema-instance:type="xsd:string">8</value>
      </extraConfig>
      <extraConfig XMLSchema-instance:type="OptionValue">
        <key>pciBridge7.present</key>
        <value XMLSchema-instance:type="xsd:string">TRUE</value>
      </extraConfig>
      <extraConfig XMLSchema-instance:type="OptionValue">
        <key>pciBridge7.virtualDev</key>
        <value XMLSchema-instance:type="xsd:string">pcieRootPort</value>
      </extraConfig>
      <extraConfig XMLSchema-instance:type="OptionValue">
        <key>pciBridge7.functions</key>
        <value XMLSchema-instance:type="xsd:string">8</value>
      </extraConfig>
      <extraConfig XMLSchema-instance:type="OptionValue">
        <key>hpet0.present</key>
        <value XMLSchema-instance:type="xsd:string">TRUE</value>
      </extraConfig>
      <extraConfig XMLSchema-instance:type="OptionValue">
        <key>usb.pciSlotNumber</key>
        <value XMLSchema-instance:type="xsd:string">32</value>
      </extraConfig>
      <extraConfig XMLSchema-instance:type="OptionValue">
        <key>ehci.pciSlotNumber</key>
        <value XMLSchema-instance:type="xsd:string">33</value>
      </extraConfig>
      <extraConfig XMLSchema-instance:type="OptionValue">
        <key>scsi0.pciSlotNumber</key>
        <value XMLSchema-instance:type="xsd:string">16</value>
      </extraConfig>
      <extraConfig XMLSchema-instance:type="OptionValue">
        <key>sata0:0.autodetect</key>
        <value XMLSchema-instance:type="xsd:string">TRUE</value>
      </extraConfig>
      <extraConfig XMLSchema-instance:type="OptionValue">
        <key>ethernet0.pciSlotNumber</key>
        <value XMLSchema-instance:type="xsd:string">160</value>
      </extraConfig>
      <extraConfig XMLSchema-instance:type="OptionValue">
        <key>nvram</key>
        <value XMLSchema-instance:type="xsd:string">robot-shop-mysql.nvram</value>
      </extraConfig>
      <extraConfig XMLSchema-instance:type="OptionValue">
        <key>monitor.phys_bits_used</key>
        <value XMLSchema-instance:type="xsd:string">43</value>
      </extraConfig>
      <extraConfig XMLSchema-instance:type="OptionValue">
        <key>numa.autosize.cookie</key>
        <value XMLSchema-instance:type="xsd:string">10001</value>
      </extraConfig>
      <extraConfig XMLSchema-instance:type="OptionValue">
        <key>numa.autosize.vcpu.maxPerVirtualNode</key>
        <value XMLSchema-instance:type="xsd:string">1</value>
      </extraConfig>
      <extraConfig XMLSchema-instance:type="OptionValue">
        <key>pciBridge0.pciSlotNumber</key>
        <value XMLSchema-instance:type="xsd:string">17</value>
      </extraConfig>
      <extraConfig XMLSchema-instance:type="OptionValue">
        <key>pciBridge4.pciSlotNumber</key>
        <value XMLSchema-instance:type="xsd:string">21</value>
      </extraConfig>
      <extraConfig XMLSchema-instance:type="OptionValue">
        <key>pciBridge5.pciSlotNumber</key>
        <value XMLSchema-instance:type="xsd:string">22</value>
      </extraConfig>
      <extraConfig XMLSchema-instance:type="OptionValue">
        <key>pciBridge6.pciSlotNumber</key>
        <value XMLSchema-instance:type="xsd:string">23</value>
      </extraConfig>
      <extraConfig XMLSchema-instance:type="OptionValue">
        <key>pciBridge7.pciSlotNumber</key>
        <value XMLSchema-instance:type="xsd:string">24</value>
      </extraConfig>
      <extraConfig XMLSchema-instance:type="OptionValue">
        <key>sata0.pciSlotNumber</key>
        <value XMLSchema-instance:type="xsd:string">34</value>
      </extraConfig>
      <extraConfig XMLSchema-instance:type="OptionValue">
        <key>softPowerOff</key>
        <value XMLSchema-instance:type="xsd:string">FALSE</value>
      </extraConfig>
      <extraConfig XMLSchema-instance:type="OptionValue">
        <key>usb:1.deviceType</key>
        <value XMLSchema-instance:type="xsd:string">hub</value>
      </extraConfig>
      <extraConfig XMLSchema-instance:type="OptionValue">
        <key>usb:1.parent</key>
        <value XMLSchema-instance:type="xsd:string">-1</value>
      </extraConfig>
      <extraConfig XMLSchema-instance:type="OptionValue">
        <key>usb:1.port</key>
        <value XMLSchema-instance:type="xsd:string">1</value>
      </extraConfig>
      <extraConfig XMLSchema-instance:type="OptionValue">
        <key>usb:1.present</key>
        <value XMLSchema-instance:type="xsd:string">TRUE</value>
      </extraConfig>
      <extraConfig XMLSchema-instance:type="OptionValue">
        <key>usb:1.speed</key>
        <value XMLSchema-instance:type="xsd:string">2</value>
      </extraConfig>
      <extraConfig XMLSchema-instance:type="OptionValue">
        <key>vmotion.checkpointFBSize</key>
        <value XMLSchema-instance:type="xsd:string">4194304</value>
      </extraConfig>
      <extraConfig XMLSchema-instance:type="OptionValue">
        <key>vmotion.checkpointSVGAPrimarySize</key>
        <value XMLSchema-instance:type="xsd:string">4194304</value>
      </extraConfig>
      <extraConfig XMLSchema-instance:type="OptionValue">
        <key>svga.guestBackedPrimaryAware</key>
        <value XMLSchema-instance:type="xsd:string">TRUE</value>
      </extraConfig>
      <extraConfig XMLSchema-instance:type="OptionValue">
        <key>viv.moid</key>
        <value XMLSchema-instance:type="xsd:string">8a972364-3515-4f7a-b38c-91bc7b19ffb4:vm-11004:wMCVlElugVUydJj6a0Sb0MJA/binKGIvn/imyuGODRc=</value>
      </extraConfig>
      <extraConfig XMLSchema-instance:type="OptionValue">
        <key>sched.swap.derivedName</key>
        <value XMLSchema-instance:type="xsd:string">/vmfs/volumes/6207a87f-8699fc77-c430-000c293c7ab3/robot-shop-mysql/robot-shop-mysql-86056576.vswp</value>
      </extraConfig>
      <extraConfig XMLSchema-instance:type="OptionValue">
        <key>scsi0:0.redo</key>
        <value XMLSchema-instance:type="xsd:string"></value>
      </extraConfig>
      <extraConfig XMLSchema-instance:type="OptionValue">
        <key>usb:0.present</key>
        <value XMLSchema-instance:type="xsd:string">TRUE</value>
      </extraConfig>
      <extraConfig XMLSchema-instance:type="OptionValue">
        <key>usb:0.deviceType</key>
        <value XMLSchema-instance:type="xsd:string">hid</value>
      </extraConfig>
      <extraConfig XMLSchema-instance:type="OptionValue">
        <key>usb:0.port</key>
        <value XMLSchema-instance:type="xsd:string">0</value>
      </extraConfig>
      <extraConfig XMLSchema-instance:type="OptionValue">
        <key>usb:0.parent</key>
        <value XMLSchema-instance:type="xsd:string">-1</value>
      </extraConfig>
      <extraConfig XMLSchema-instance:type="OptionValue">
        <key>toolsInstallManager.updateCounter</key>
        <value XMLSchema-instance:type="xsd:string">1</value>
      </extraConfig>
      <extraConfig XMLSchema-instance:type="OptionValue">
        <key>vmware.tools.internalversion</key>
        <value XMLSchema-instance:type="xsd:string">0</value>
      </extraConfig>
      <extraConfig XMLSchema-instance:type="OptionValue">
        <key>vmware.tools.requiredversion</key>
        <value XMLSchema-instance:type="xsd:string">11360</value>
      </extraConfig>
      <extraConfig XMLSchema-instance:type="OptionValue">
        <key>migrate.hostLogState</key>
        <value XMLSchema-instance:type="xsd:string">none</value>
      </extraConfig>
      <extraConfig XMLSchema-instance:type="OptionValue">
        <key>migrate.migrationId</key>
        <value XMLSchema-instance:type="xsd:string">0</value>
      </extraConfig>
      <extraConfig XMLSchema-instance:type="OptionValue">
        <key>migrate.hostLog</key>
        <value XMLSchema-instance:type="xsd:string">robot-shop-mysql-16836fec.hlog</value>
      </extraConfig>
      <datastoreUrl>
        <name>datastore1</name>
        <url>/vmfs/volumes/6207a87f-8699fc77-c430-000c293c7ab3</url>
      </datastoreUrl>
      <swapPlacement>inherit</swapPlacement>
      <bootOptions>
        <enterBIOSSetup>false</enterBIOSSetup>
        <efiSecureBootEnabled>false</efiSecureBootEnabled>
        <bootRetryEnabled>false</bootRetryEnabled>
        <bootRetryDelay>10000</bootRetryDelay>
        <networkBootProtocol>ipv4</networkBootProtocol>
      </bootOptions>
      <vAppConfig XMLSchema-instance:type="VmConfigInfo">
        <product>
          <key>0</key>
        </product>
        <ipAssignment>
          <ipAllocationPolicy>fixedPolicy</ipAllocationPolicy>
          <supportedIpProtocol>IPv4</supportedIpProtocol>
          <ipProtocol>IPv4</ipProtocol>
        </ipAssignment>
        <installBootRequired>false</installBootRequired>
        <installBootStopDelay>0</installBootStopDelay>
      </vAppConfig>
      <vAssertsEnabled>false</vAssertsEnabled>
      <changeTrackingEnabled>false</changeTrackingEnabled>
      <firmware>bios</firmware>
      <maxMksConnections>40</maxMksConnections>
      <guestAutoLockEnabled>false</guestAutoLockEnabled>
      <memoryReservationLockedToMax>false</memoryReservationLockedToMax>
      <initialOverhead>
        <initialMemoryReservation>49680384</initialMemoryReservation>
        <initialSwapReservation>591781888</initialSwapReservation>
      </initialOverhead>
      <nestedHVEnabled>false</nestedHVEnabled>
      <vPMCEnabled>false</vPMCEnabled>
      <scheduledHardwareUpgradeInfo>
        <upgradePolicy>never</upgradePolicy>
        <scheduledHardwareUpgradeStatus>none</scheduledHardwareUpgradeStatus>
      </scheduledHardwareUpgradeInfo>
      <vmxConfigChecksum>MlPfjsxCJXTGE0szZPg75dtaFuY=</vmxConfigChecksum>
      <messageBusTunnelEnabled>false</messageBusTunnelEnabled>
      <guestIntegrityInfo>
        <enabled>false</enabled>
      </guestIntegrityInfo>
      <migrateEncryption>opportunistic</migrateEncryption>
      <sgxInfo>
        <epcSize>0</epcSize>
        <flcMode>unlocked</flcMode>
      </sgxInfo>
      <ftEncryptionMode>ftEncryptionOpportunistic</ftEncryptionMode>
      <guestMonitoringModeInfo></guestMonitoringModeInfo>
      <sevEnabled>false</sevEnabled>
      <pmemFailoverEnabled>false</pmemFailoverEnabled>
      <vmOpNotificationToAppEnabled>false</vmOpNotificationToAppEnabled>
    </val>
  </propSet>
  <propSet>
    <name>configIssue</name>
    <val xmlns:XMLSchema-instance="http://www.w3.org/2001/XMLSchema-instance" XMLSchema-instance:type="ArrayOfEvent"></val>
  </propSet>
  <propSet>
    <name>configStatus</name>
    <val xmlns:XMLSchema-instance="http://www.w3.org/2001/XMLSchema-instance" XMLSchema-instance:type="ManagedEntityStatus">green</val>
  </propSet>
  <propSet>
    <name>customValue</name>
    <val xmlns:XMLSchema-instance="http://www.w3.org/2001/XMLSchema-instance" XMLSchema-instance:type="ArrayOfCustomFieldValue"></val>
  </propSet>
  <propSet>
    <name>datastore</name>
    <val xmlns:XMLSchema-instance="http://www.w3.org/2001/XMLSchema-instance" XMLSchema-instance:type="ArrayOfManagedObjectReference">
      <ManagedObjectReference type="Datastore">datastore-11</ManagedObjectReference>
    </val>
  </propSet>
  <propSet>
    <name>declaredAlarmState</name>
    <val xmlns:XMLSchema-instance="http://www.w3.org/2001/XMLSchema-instance" XMLSchema-instance:type="ArrayOfAlarmState">
      <AlarmState>
        <key>alarm-10.vm-11004</key>
        <entity type="VirtualMachine">vm-11004</entity>
        <alarm type="Alarm">alarm-10</alarm>
        <overallStatus>gray</overallStatus>
        <time>2023-04-19T14:12:10.105339Z</time>
        <acknowledged>false</acknowledged>
      </AlarmState>
      <AlarmState>
        <key>alarm-112.vm-11004</key>
        <entity type="VirtualMachine">vm-11004</entity>
        <alarm type="Alarm">alarm-112</alarm>
        <overallStatus>gray</overallStatus>
        <time>2023-04-19T14:12:10.105339Z</time>
        <acknowledged>false</acknowledged>
      </AlarmState>
      <AlarmState>
        <key>alarm-12.vm-11004</key>
        <entity type="VirtualMachine">vm-11004</entity>
        <alarm type="Alarm">alarm-12</alarm>
        <overallStatus>gray</overallStatus>
        <time>2023-04-19T14:12:10.105339Z</time>
        <acknowledged>false</acknowledged>
      </AlarmState>
      <AlarmState>
        <key>alarm-128.vm-11004</key>
        <entity type="VirtualMachine">vm-11004</entity>
        <alarm type="Alarm">alarm-128</alarm>
        <overallStatus>gray</overallStatus>
        <time>2023-04-19T14:12:10.105339Z</time>
        <acknowledged>false</acknowledged>
      </AlarmState>
      <AlarmState>
        <key>alarm-140.vm-11004</key>
        <entity type="VirtualMachine">vm-11004</entity>
        <alarm type="Alarm">alarm-140</alarm>
        <overallStatus>gray</overallStatus>
        <time>2023-04-19T14:12:10.105339Z</time>
        <acknowledged>false</acknowledged>
      </AlarmState>
      <AlarmState>
        <key>alarm-143.vm-11004</key>
        <entity type="VirtualMachine">vm-11004</entity>
        <alarm type="Alarm">alarm-143</alarm>
        <overallStatus>green</overallStatus>
        <time>2023-03-14T11:16:55.484999Z</time>
        <acknowledged>false</acknowledged>
        <eventKey>774980</eventKey>
      </AlarmState>
      <AlarmState>
        <key>alarm-15.vm-11004</key>
        <entity type="VirtualMachine">vm-11004</entity>
        <alarm type="Alarm">alarm-15</alarm>
        <overallStatus>gray</overallStatus>
        <time>2023-04-19T14:12:10.105339Z</time>
        <acknowledged>false</acknowledged>
      </AlarmState>
      <AlarmState>
        <key>alarm-19.vm-11004</key>
        <entity type="VirtualMachine">vm-11004</entity>
        <alarm type="Alarm">alarm-19</alarm>
        <overallStatus>gray</overallStatus>
        <time>2023-04-19T14:12:10.105339Z</time>
        <acknowledged>false</acknowledged>
      </AlarmState>
      <AlarmState>
        <key>alarm-2.vm-11004</key>
        <entity type="VirtualMachine">vm-11004</entity>
        <alarm type="Alarm">alarm-2</alarm>
        <overallStatus>gray</overallStatus>
        <time>2023-04-19T14:12:10.105339Z</time>
        <acknowledged>false</acknowledged>
      </AlarmState>
      <AlarmState>
        <key>alarm-38.vm-11004</key>
        <entity type="VirtualMachine">vm-11004</entity>
        <alarm type="Alarm">alarm-38</alarm>
        <overallStatus>green</overallStatus>
        <time>2023-03-14T11:15:56.448999Z</time>
        <acknowledged>false</acknowledged>
        <eventKey>774922</eventKey>
      </AlarmState>
      <AlarmState>
        <key>alarm-39.vm-11004</key>
        <entity type="VirtualMachine">vm-11004</entity>
        <alarm type="Alarm">alarm-39</alarm>
        <overallStatus>gray</overallStatus>
        <time>2023-04-19T14:12:10.105339Z</time>
        <acknowledged>false</acknowledged>
      </AlarmState>
      <AlarmState>
        <key>alarm-40.vm-11004</key>
        <entity type="VirtualMachine">vm-11004</entity>
        <alarm type="Alarm">alarm-40</alarm>
        <overallStatus>gray</overallStatus>
        <time>2023-04-19T14:12:10.105339Z</time>
        <acknowledged>false</acknowledged>
      </AlarmState>
      <AlarmState>
        <key>alarm-47.vm-11004</key>
        <entity type="VirtualMachine">vm-11004</entity>
        <alarm type="Alarm">alarm-47</alarm>
        <overallStatus>gray</overallStatus>
        <time>2023-04-19T14:12:10.105339Z</time>
        <acknowledged>false</acknowledged>
      </AlarmState>
      <AlarmState>
        <key>alarm-5.vm-11004</key>
        <entity type="VirtualMachine">vm-11004</entity>
        <alarm type="Alarm">alarm-5</alarm>
        <overallStatus>red</overallStatus>
        <time>2023-05-09T12:14:03.526735Z</time>
        <acknowledged>false</acknowledged>
      </AlarmState>
      <AlarmState>
        <key>alarm-52.vm-11004</key>
        <entity type="VirtualMachine">vm-11004</entity>
        <alarm type="Alarm">alarm-52</alarm>
        <overallStatus>gray</overallStatus>
        <time>2023-04-19T14:12:10.105339Z</time>
        <acknowledged>false</acknowledged>
      </AlarmState>
      <AlarmState>
        <key>alarm-54.vm-11004</key>
        <entity type="VirtualMachine">vm-11004</entity>
        <alarm type="Alarm">alarm-54</alarm>
        <overallStatus>gray</overallStatus>
        <time>2023-04-19T14:12:10.105339Z</time>
        <acknowledged>false</acknowledged>
      </AlarmState>
      <AlarmState>
        <key>alarm-6.vm-11004</key>
        <entity type="VirtualMachine">vm-11004</entity>
        <alarm type="Alarm">alarm-6</alarm>
        <overallStatus>green</overallStatus>
        <time>2023-04-17T08:24:17.957Z</time>
        <acknowledged>false</acknowledged>
      </AlarmState>
      <AlarmState>
        <key>alarm-81.vm-11004</key>
        <entity type="VirtualMachine">vm-11004</entity>
        <alarm type="Alarm">alarm-81</alarm>
        <overallStatus>gray</overallStatus>
        <time>2023-04-19T14:12:10.105339Z</time>
        <acknowledged>false</acknowledged>
      </AlarmState>
      <AlarmState>
        <key>alarm-9.vm-11004</key>
        <entity type="VirtualMachine">vm-11004</entity>
        <alarm type="Alarm">alarm-9</alarm>
        <overallStatus>gray</overallStatus>
        <time>2023-04-19T14:12:10.105339Z</time>
        <acknowledged>false</acknowledged>
      </AlarmState>
    </val>
  </propSet>
  <propSet>
    <name>disabledMethod</name>
    <val xmlns:XMLSchema-instance="http://www.w3.org/2001/XMLSchema-instance" XMLSchema-instance:type="ArrayOfString">
      <string>Destroy_Task</string>
      <string>UnregisterVM</string>
      <string>UnmountToolsInstaller</string>
      <string>RebootGuest</string>
      <string>StandbyGuest</string>
      <string>ShutdownGuest</string>
      <string>AnswerVM</string>
      <string>UpgradeVM_Task</string>
      <string>UpgradeTools_Task</string>
      <string>UpgradeToolsFromImage_Task</string>
      <string>ApplyEvcModeVM_Task</string>
      <string>StartRecording_Task</string>
      <string>StopRecording_Task</string>
      <string>StartReplaying_Task</string>
      <string>StopReplaying_Task</string>
      <string>TurnOffFaultToleranceForVM_Task</string>
      <string>MakePrimaryVM_Task</string>
      <string>TerminateFaultTolerantVM_Task</string>
      <string>DisableSecondaryVM_Task</string>
      <string>EnableSecondaryVM_Task</string>
      <string>CreateSecondaryVM_Task</string>
      <string>CreateSecondaryVMEx_Task</string>
      <string>StopRecording_Task</string>
      <string>StopReplaying_Task</string>
      <string>CustomizeVM_Task</string>
      <string>MarkAsTemplate</string>
      <string>ResetGuestInformation</string>
      <string>ExportVm</string>
      <string>PowerOnVM_Task</string>
      <string>MarkAsVirtualMachine</string>
    </val>
  </propSet>
  <propSet>
    <name>effectiveRole</name>
    <val xmlns:XMLSchema-instance="http://www.w3.org/2001/XMLSchema-instance" XMLSchema-instance:type="ArrayOfInt">
      <int>-1</int>
    </val>
  </propSet>
  <propSet>
    <name>environmentBrowser</name>
    <val xmlns:XMLSchema-instance="http://www.w3.org/2001/XMLSchema-instance" XMLSchema-instance:type="ManagedObjectReference" type="EnvironmentBrowser">envbrowser-11004</val>
  </propSet>
  <propSet>
    <name>guest</name>
    <val xmlns:XMLSchema-instance="http://www.w3.org/2001/XMLSchema-instance" XMLSchema-instance:type="GuestInfo">
      <toolsStatus>toolsNotInstalled</toolsStatus>
      <toolsVersionStatus>guestToolsNotInstalled</toolsVersionStatus>
      <toolsVersionStatus2>guestToolsNotInstalled</toolsVersionStatus2>
      <toolsRunningStatus>guestToolsNotRunning</toolsRunningStatus>
      <toolsVersion>0</toolsVersion>
      <toolsInstallType>guestToolsTypeUnknown</toolsInstallType>
      <screen>
        <width>720</width>
        <height>400</height>
      </screen>
      <guestState>notRunning</guestState>
      <appHeartbeatStatus>appStatusGray</appHeartbeatStatus>
      <guestKernelCrashed>false</guestKernelCrashed>
      <appState>none</appState>
      <guestOperationsReady>false</guestOperationsReady>
      <interactiveGuestOperationsReady>false</interactiveGuestOperationsReady>
      <guestStateChangeSupported>false</guestStateChangeSupported>
      <hwVersion>vmx-13</hwVersion>
      <customizationInfo>
        <customizationStatus>TOOLSDEPLOYPKG_IDLE</customizationStatus>
      </customizationInfo>
    </val>
  </propSet>
  <propSet>
    <name>guestHeartbeatStatus</name>
    <val xmlns:XMLSchema-instance="http://www.w3.org/2001/XMLSchema-instance" XMLSchema-instance:type="ManagedEntityStatus">gray</val>
  </propSet>
  <propSet>
    <name>layout</name>
    <val xmlns:XMLSchema-instance="http://www.w3.org/2001/XMLSchema-instance" XMLSchema-instance:type="VirtualMachineFileLayout">
      <configFile>robot-shop-mysql.vmxf</configFile>
      <configFile>robot-shop-mysql.nvram</configFile>
      <configFile>robot-shop-mysql.vmsd</configFile>
      <logFile>vmware.log</logFile>
      <disk>
        <key>2000</key>
        <diskFile>[datastore1] robot-shop-mysql/robot-shop-mysql.vmdk</diskFile>
      </disk>
      <swapFile>[datastore1] robot-shop-mysql/robot-shop-mysql-86056576.vswp</swapFile>
    </val>
  </propSet>
  <propSet>
    <name>layoutEx</name>
    <val xmlns:XMLSchema-instance="http://www.w3.org/2001/XMLSchema-instance" XMLSchema-instance:type="VirtualMachineFileLayoutEx">
      <file>
        <key>0</key>
        <name>[datastore1] robot-shop-mysql/robot-shop-mysql.vmx</name>
        <type>config</type>
        <size>0</size>
        <accessible>true</accessible>
      </file>
      <file>
        <key>1</key>
        <name>[datastore1] robot-shop-mysql/robot-shop-mysql.vmxf</name>
        <type>extendedConfig</type>
        <size>0</size>
        <accessible>true</accessible>
      </file>
      <file>
        <key>2</key>
        <name>[datastore1] robot-shop-mysql/robot-shop-mysql.nvram</name>
        <type>nvram</type>
        <size>8684</size>
        <uniqueSize>8684</uniqueSize>
        <accessible>true</accessible>
      </file>
      <file>
        <key>3</key>
        <name>[datastore1] robot-shop-mysql/robot-shop-mysql.vmsd</name>
        <type>snapshotList</type>
        <size>0</size>
        <accessible>true</accessible>
      </file>
      <file>
        <key>4</key>
        <name>[datastore1] robot-shop-mysql/robot-shop-mysql.vmdk</name>
        <type>diskDescriptor</type>
        <size>0</size>
        <accessible>true</accessible>
      </file>
      <file>
        <key>5</key>
        <name>[datastore1] robot-shop-mysql/robot-shop-mysql-flat.vmdk</name>
        <type>diskExtent</type>
        <size>17179869184</size>
        <uniqueSize>17179869184</uniqueSize>
        <accessible>true</accessible>
      </file>
      <file>
        <key>6</key>
        <name>[datastore1] robot-shop-mysql/vmware.log</name>
        <type>log</type>
        <size>124521</size>
        <uniqueSize>124521</uniqueSize>
        <accessible>true</accessible>
      </file>
      <file>
        <key>7</key>
        <name>[datastore1] robot-shop-mysql/vmmcores.gz</name>
        <type>core</type>
        <size>767203</size>
        <uniqueSize>767203</uniqueSize>
        <accessible>true</accessible>
      </file>
      <file>
        <key>8</key>
        <name>[datastore1] robot-shop-mysql/vmx-zdump.000</name>
        <type>core</type>
        <size>9367552</size>
        <uniqueSize>9367552</uniqueSize>
        <accessible>true</accessible>
      </file>
      <file>
        <key>10</key>
        <name>[datastore1] robot-shop-mysql/vmx-robot-shop-mysql-3c60352ec58cef81466fba8b2005a83e6ac9c0f0-1.vswp</name>
        <type>uwswap</type>
        <size>83886080</size>
        <uniqueSize>83886080</uniqueSize>
        <accessible>true</accessible>
      </file>
      <file>
        <key>9</key>
        <name>[datastore1] robot-shop-mysql/robot-shop-mysql-86056576.vswp</name>
        <type>swap</type>
        <size>268435456</size>
        <uniqueSize>268435456</uniqueSize>
        <accessible>true</accessible>
      </file>
      <disk>
        <key>2000</key>
        <chain>
          <fileKey>4</fileKey>
          <fileKey>5</fileKey>
        </chain>
      </disk>
      <timestamp>2023-04-19T14:13:23.40201Z</timestamp>
    </val>
  </propSet>
  <propSet>
    <name>name</name>
    <val xmlns:XMLSchema-instance="http://www.w3.org/2001/XMLSchema-instance" XMLSchema-instance:type="xsd:string">robot-shop-mysql</val>
  </propSet>
  <propSet>
    <name>network</name>
    <val xmlns:XMLSchema-instance="http://www.w3.org/2001/XMLSchema-instance" XMLSchema-instance:type="ArrayOfManagedObjectReference">
      <ManagedObjectReference type="Network">network-12</ManagedObjectReference>
    </val>
  </propSet>
  <propSet>
    <name>overallStatus</name>
    <val xmlns:XMLSchema-instance="http://www.w3.org/2001/XMLSchema-instance" XMLSchema-instance:type="ManagedEntityStatus">red</val>
  </propSet>
  <propSet>
    <name>parent</name>
    <val xmlns:XMLSchema-instance="http://www.w3.org/2001/XMLSchema-instance" XMLSchema-instance:type="ManagedObjectReference" type="Folder">group-v4</val>
  </propSet>
  <propSet>
    <name>permission</name>
    <val xmlns:XMLSchema-instance="http://www.w3.org/2001/XMLSchema-instance" XMLSchema-instance:type="ArrayOfPermission"></val>
  </propSet>
  <propSet>
    <name>recentTask</name>
    <val xmlns:XMLSchema-instance="http://www.w3.org/2001/XMLSchema-instance" XMLSchema-instance:type="ArrayOfManagedObjectReference"></val>
  </propSet>
  <propSet>
    <name>resourceConfig</name>
    <val xmlns:XMLSchema-instance="http://www.w3.org/2001/XMLSchema-instance" XMLSchema-instance:type="ResourceConfigSpec">
      <entity type="VirtualMachine">vm-11004</entity>
      <cpuAllocation>
        <reservation>0</reservation>
        <expandableReservation>false</expandableReservation>
        <limit>-1</limit>
        <shares>
          <shares>1000</shares>
          <level>normal</level>
        </shares>
      </cpuAllocation>
      <memoryAllocation>
        <reservation>0</reservation>
        <expandableReservation>false</expandableReservation>
        <limit>-1</limit>
        <shares>
          <shares>2560</shares>
          <level>normal</level>
        </shares>
      </memoryAllocation>
    </val>
  </propSet>
  <propSet>
    <name>resourcePool</name>
    <val xmlns:XMLSchema-instance="http://www.w3.org/2001/XMLSchema-instance" XMLSchema-instance:type="ManagedObjectReference" type="ResourcePool">resgroup-9</val>
  </propSet>
  <propSet>
    <name>rootSnapshot</name>
    <val xmlns:XMLSchema-instance="http://www.w3.org/2001/XMLSchema-instance" XMLSchema-instance:type="ArrayOfManagedObjectReference"></val>
  </propSet>
  <propSet>
    <name>runtime</name>
    <val xmlns:XMLSchema-instance="http://www.w3.org/2001/XMLSchema-instance" XMLSchema-instance:type="VirtualMachineRuntimeInfo">
      <device>
        <runtimeState XMLSchema-instance:type="VirtualMachineDeviceRuntimeInfoVirtualEthernetCardRuntimeState">
          <vmDirectPathGen2Active>false</vmDirectPathGen2Active>
          <vmDirectPathGen2InactiveReasonOther>vmNptIncompatibleNetwork</vmDirectPathGen2InactiveReasonOther>
        </runtimeState>
        <key>4000</key>
      </device>
      <host type="HostSystem">host-10</host>
      <connectionState>connected</connectionState>
      <powerState>poweredOn</powerState>
      <faultToleranceState>notConfigured</faultToleranceState>
      <toolsInstallerMounted>false</toolsInstallerMounted>
      <bootTime>2023-04-19T14:05:46Z</bootTime>
      <maxCpuUsage>2400</maxCpuUsage>
      <maxMemoryUsage>256</maxMemoryUsage>
      <numMksConnections>0</numMksConnections>
      <recordReplayState>inactive</recordReplayState>
      <onlineStandby>false</onlineStandby>
      <minRequiredEVCModeKey>intel-cascadelake</minRequiredEVCModeKey>
      <consolidationNeeded>false</consolidationNeeded>
      <offlineFeatureRequirement>
        <key>cpuid.lm</key>
        <featureName>cpuid.lm</featureName>
        <value>Num:Min:1</value>
      </offlineFeatureRequirement>
      <featureRequirement>
        <key>cpuid.3dnprefetch</key>
        <featureName>cpuid.3dnprefetch</featureName>
        <value>Bool:Min:1</value>
      </featureRequirement>
      <featureRequirement>
        <key>cpuid.abm</key>
        <featureName>cpuid.abm</featureName>
        <value>Bool:Min:1</value>
      </featureRequirement>
      <featureRequirement>
        <key>cpuid.adx</key>
        <featureName>cpuid.adx</featureName>
        <value>Bool:Min:1</value>
      </featureRequirement>
      <featureRequirement>
        <key>cpuid.aes</key>
        <featureName>cpuid.aes</featureName>
        <value>Bool:Min:1</value>
      </featureRequirement>
      <featureRequirement>
        <key>cpuid.avx</key>
        <featureName>cpuid.avx</featureName>
        <value>Bool:Min:1</value>
      </featureRequirement>
      <featureRequirement>
        <key>cpuid.avx2</key>
        <featureName>cpuid.avx2</featureName>
        <value>Bool:Min:1</value>
      </featureRequirement>
      <featureRequirement>
        <key>cpuid.bmi1</key>
        <featureName>cpuid.bmi1</featureName>
        <value>Bool:Min:1</value>
      </featureRequirement>
      <featureRequirement>
        <key>cpuid.bmi2</key>
        <featureName>cpuid.bmi2</featureName>
        <value>Bool:Min:1</value>
      </featureRequirement>
      <featureRequirement>
        <key>cpuid.clflushopt</key>
        <featureName>cpuid.clflushopt</featureName>
        <value>Bool:Min:1</value>
      </featureRequirement>
      <featureRequirement>
        <key>cpuid.cmpxchg16b</key>
        <featureName>cpuid.cmpxchg16b</featureName>
        <value>Bool:Min:1</value>
      </featureRequirement>
      <featureRequirement>
        <key>cpuid.enfstrg</key>
        <featureName>cpuid.enfstrg</featureName>
        <value>Bool:Min:1</value>
      </featureRequirement>
      <featureRequirement>
        <key>cpuid.f16c</key>
        <featureName>cpuid.f16c</featureName>
        <value>Bool:Min:1</value>
      </featureRequirement>
      <featureRequirement>
        <key>cpuid.fcmd</key>
        <featureName>cpuid.fcmd</featureName>
        <value>Bool:Min:1</value>
      </featureRequirement>
      <featureRequirement>
        <key>cpuid.fma</key>
        <featureName>cpuid.fma</featureName>
        <value>Bool:Min:1</value>
      </featureRequirement>
      <featureRequirement>
        <key>cpuid.fsgsbase</key>
        <featureName>cpuid.fsgsbase</featureName>
        <value>Bool:Min:1</value>
      </featureRequirement>
      <featureRequirement>
        <key>cpuid.ibpb</key>
        <featureName>cpuid.ibpb</featureName>
        <value>Bool:Min:1</value>
      </featureRequirement>
      <featureRequirement>
        <key>cpuid.ibrs</key>
        <featureName>cpuid.ibrs</featureName>
        <value>Bool:Min:1</value>
      </featureRequirement>
      <featureRequirement>
        <key>cpuid.intel</key>
        <featureName>cpuid.intel</featureName>
        <value>Bool:Min:1</value>
      </featureRequirement>
      <featureRequirement>
        <key>cpuid.invpcid</key>
        <featureName>cpuid.invpcid</featureName>
        <value>Bool:Min:1</value>
      </featureRequirement>
      <featureRequirement>
        <key>cpuid.lahf64</key>
        <featureName>cpuid.lahf64</featureName>
        <value>Bool:Min:1</value>
      </featureRequirement>
      <featureRequirement>
        <key>cpuid.lm</key>
        <featureName>cpuid.lm</featureName>
        <value>Bool:Min:1</value>
      </featureRequirement>
      <featureRequirement>
        <key>cpuid.mdclear</key>
        <featureName>cpuid.mdclear</featureName>
        <value>Bool:Min:1</value>
      </featureRequirement>
      <featureRequirement>
        <key>cpuid.movbe</key>
        <featureName>cpuid.movbe</featureName>
        <value>Bool:Min:1</value>
      </featureRequirement>
      <featureRequirement>
        <key>cpuid.nx</key>
        <featureName>cpuid.nx</featureName>
        <value>Bool:Min:1</value>
      </featureRequirement>
      <featureRequirement>
        <key>cpuid.pcid</key>
        <featureName>cpuid.pcid</featureName>
        <value>Bool:Min:1</value>
      </featureRequirement>
      <featureRequirement>
        <key>cpuid.pclmulqdq</key>
        <featureName>cpuid.pclmulqdq</featureName>
        <value>Bool:Min:1</value>
      </featureRequirement>
      <featureRequirement>
        <key>cpuid.pdpe1gb</key>
        <featureName>cpuid.pdpe1gb</featureName>
        <value>Bool:Min:1</value>
      </featureRequirement>
      <featureRequirement>
        <key>cpuid.popcnt</key>
        <featureName>cpuid.popcnt</featureName>
        <value>Bool:Min:1</value>
      </featureRequirement>
      <featureRequirement>
        <key>cpuid.rdrand</key>
        <featureName>cpuid.rdrand</featureName>
        <value>Bool:Min:1</value>
      </featureRequirement>
      <featureRequirement>
        <key>cpuid.rdseed</key>
        <featureName>cpuid.rdseed</featureName>
        <value>Bool:Min:1</value>
      </featureRequirement>
      <featureRequirement>
        <key>cpuid.rdtscp</key>
        <featureName>cpuid.rdtscp</featureName>
        <value>Bool:Min:1</value>
      </featureRequirement>
      <featureRequirement>
        <key>cpuid.smap</key>
        <featureName>cpuid.smap</featureName>
        <value>Bool:Min:1</value>
      </featureRequirement>
      <featureRequirement>
        <key>cpuid.smep</key>
        <featureName>cpuid.smep</featureName>
        <value>Bool:Min:1</value>
      </featureRequirement>
      <featureRequirement>
        <key>cpuid.ss</key>
        <featureName>cpuid.ss</featureName>
        <value>Bool:Min:1</value>
      </featureRequirement>
      <featureRequirement>
        <key>cpuid.ssbd</key>
        <featureName>cpuid.ssbd</featureName>
        <value>Bool:Min:1</value>
      </featureRequirement>
      <featureRequirement>
        <key>cpuid.sse3</key>
        <featureName>cpuid.sse3</featureName>
        <value>Bool:Min:1</value>
      </featureRequirement>
      <featureRequirement>
        <key>cpuid.sse41</key>
        <featureName>cpuid.sse41</featureName>
        <value>Bool:Min:1</value>
      </featureRequirement>
      <featureRequirement>
        <key>cpuid.sse42</key>
        <featureName>cpuid.sse42</featureName>
        <value>Bool:Min:1</value>
      </featureRequirement>
      <featureRequirement>
        <key>cpuid.ssse3</key>
        <featureName>cpuid.ssse3</featureName>
        <value>Bool:Min:1</value>
      </featureRequirement>
      <featureRequirement>
        <key>cpuid.stibp</key>
        <featureName>cpuid.stibp</featureName>
        <value>Bool:Min:1</value>
      </featureRequirement>
      <featureRequirement>
        <key>cpuid.xcr0_master_sse</key>
        <featureName>cpuid.xcr0_master_sse</featureName>
        <value>Bool:Min:1</value>
      </featureRequirement>
      <featureRequirement>
        <key>cpuid.xcr0_master_ymm_h</key>
        <featureName>cpuid.xcr0_master_ymm_h</featureName>
        <value>Bool:Min:1</value>
      </featureRequirement>
      <featureRequirement>
        <key>cpuid.xsave</key>
        <featureName>cpuid.xsave</featureName>
        <value>Bool:Min:1</value>
      </featureRequirement>
      <featureRequirement>
        <key>cpuid.xsavec</key>
        <featureName>cpuid.xsavec</featureName>
        <value>Bool:Min:1</value>
      </featureRequirement>
      <featureRequirement>
        <key>cpuid.xsaveopt</key>
        <featureName>cpuid.xsaveopt</featureName>
        <value>Bool:Min:1</value>
      </featureRequirement>
      <featureRequirement>
        <key>cpuid.xsaves</key>
        <featureName>cpuid.xsaves</featureName>
        <value>Bool:Min:1</value>
      </featureRequirement>
      <featureRequirement>
        <key>misc.cpuidfaulting</key>
        <featureName>misc.cpuidfaulting</featureName>
        <value>Bool:Min:1</value>
      </featureRequirement>
      <featureRequirement>
        <key>misc.ibrs_all</key>
        <featureName>misc.ibrs_all</featureName>
        <value>Bool:Min:1</value>
      </featureRequirement>
      <featureRequirement>
        <key>misc.mds_no</key>
        <featureName>misc.mds_no</featureName>
        <value>Bool:Min:1</value>
      </featureRequirement>
      <featureRequirement>
        <key>misc.rdcl_no</key>
        <featureName>misc.rdcl_no</featureName>
        <value>Bool:Min:1</value>
      </featureRequirement>
      <featureRequirement>
        <key>misc.rsba_no</key>
        <featureName>misc.rsba_no</featureName>
        <value>Bool:Min:1</value>
      </featureRequirement>
      <paused>false</paused>
      <snapshotInBackground>false</snapshotInBackground>
      <instantCloneFrozen>false</instantCloneFrozen>
    </val>
  </propSet>
  <propSet>
    <name>storage</name>
    <val xmlns:XMLSchema-instance="http://www.w3.org/2001/XMLSchema-instance" XMLSchema-instance:type="VirtualMachineStorageInfo">
      <perDatastoreUsage>
        <datastore type="Datastore">datastore-11</datastore>
        <committed>17542458680</committed>
        <uncommitted>529</uncommitted>
        <unshared>17179869184</unshared>
      </perDatastoreUsage>
      <timestamp>2023-04-19T14:13:23.426999Z</timestamp>
    </val>
  </propSet>
  <propSet>
    <name>summary</name>
    <val xmlns:XMLSchema-instance="http://www.w3.org/2001/XMLSchema-instance" XMLSchema-instance:type="VirtualMachineSummary">
      <vm type="VirtualMachine">vm-11004</vm>
      <runtime>
        <device>
          <runtimeState XMLSchema-instance:type="VirtualMachineDeviceRuntimeInfoVirtualEthernetCardRuntimeState">
            <vmDirectPathGen2Active>false</vmDirectPathGen2Active>
            <vmDirectPathGen2InactiveReasonOther>vmNptIncompatibleNetwork</vmDirectPathGen2InactiveReasonOther>
          </runtimeState>
          <key>4000</key>
        </device>
        <host type="HostSystem">host-10</host>
        <connectionState>connected</connectionState>
        <powerState>poweredOn</powerState>
        <faultToleranceState>notConfigured</faultToleranceState>
        <toolsInstallerMounted>false</toolsInstallerMounted>
        <bootTime>2023-04-19T14:05:46Z</bootTime>
        <maxCpuUsage>2400</maxCpuUsage>
        <maxMemoryUsage>256</maxMemoryUsage>
        <numMksConnections>0</numMksConnections>
        <recordReplayState>inactive</recordReplayState>
        <onlineStandby>false</onlineStandby>
        <minRequiredEVCModeKey>intel-cascadelake</minRequiredEVCModeKey>
        <consolidationNeeded>false</consolidationNeeded>
        <offlineFeatureRequirement>
          <key>cpuid.lm</key>
          <featureName>cpuid.lm</featureName>
          <value>Num:Min:1</value>
        </offlineFeatureRequirement>
        <featureRequirement>
          <key>cpuid.3dnprefetch</key>
          <featureName>cpuid.3dnprefetch</featureName>
          <value>Bool:Min:1</value>
        </featureRequirement>
        <featureRequirement>
          <key>cpuid.abm</key>
          <featureName>cpuid.abm</featureName>
          <value>Bool:Min:1</value>
        </featureRequirement>
        <featureRequirement>
          <key>cpuid.adx</key>
          <featureName>cpuid.adx</featureName>
          <value>Bool:Min:1</value>
        </featureRequirement>
        <featureRequirement>
          <key>cpuid.aes</key>
          <featureName>cpuid.aes</featureName>
          <value>Bool:Min:1</value>
        </featureRequirement>
        <featureRequirement>
          <key>cpuid.avx</key>
          <featureName>cpuid.avx</featureName>
          <value>Bool:Min:1</value>
        </featureRequirement>
        <featureRequirement>
          <key>cpuid.avx2</key>
          <featureName>cpuid.avx2</featureName>
          <value>Bool:Min:1</value>
        </featureRequirement>
        <featureRequirement>
          <key>cpuid.bmi1</key>
          <featureName>cpuid.bmi1</featureName>
          <value>Bool:Min:1</value>
        </featureRequirement>
        <featureRequirement>
          <key>cpuid.bmi2</key>
          <featureName>cpuid.bmi2</featureName>
          <value>Bool:Min:1</value>
        </featureRequirement>
        <featureRequirement>
          <key>cpuid.clflushopt</key>
          <featureName>cpuid.clflushopt</featureName>
          <value>Bool:Min:1</value>
        </featureRequirement>
        <featureRequirement>
          <key>cpuid.cmpxchg16b</key>
          <featureName>cpuid.cmpxchg16b</featureName>
          <value>Bool:Min:1</value>
        </featureRequirement>
        <featureRequirement>
          <key>cpuid.enfstrg</key>
          <featureName>cpuid.enfstrg</featureName>
          <value>Bool:Min:1</value>
        </featureRequirement>
        <featureRequirement>
          <key>cpuid.f16c</key>
          <featureName>cpuid.f16c</featureName>
          <value>Bool:Min:1</value>
        </featureRequirement>
        <featureRequirement>
          <key>cpuid.fcmd</key>
          <featureName>cpuid.fcmd</featureName>
          <value>Bool:Min:1</value>
        </featureRequirement>
        <featureRequirement>
          <key>cpuid.fma</key>
          <featureName>cpuid.fma</featureName>
          <value>Bool:Min:1</value>
        </featureRequirement>
        <featureRequirement>
          <key>cpuid.fsgsbase</key>
          <featureName>cpuid.fsgsbase</featureName>
          <value>Bool:Min:1</value>
        </featureRequirement>
        <featureRequirement>
          <key>cpuid.ibpb</key>
          <featureName>cpuid.ibpb</featureName>
          <value>Bool:Min:1</value>
        </featureRequirement>
        <featureRequirement>
          <key>cpuid.ibrs</key>
          <featureName>cpuid.ibrs</featureName>
          <value>Bool:Min:1</value>
        </featureRequirement>
        <featureRequirement>
          <key>cpuid.intel</key>
          <featureName>cpuid.intel</featureName>
          <value>Bool:Min:1</value>
        </featureRequirement>
        <featureRequirement>
          <key>cpuid.invpcid</key>
          <featureName>cpuid.invpcid</featureName>
          <value>Bool:Min:1</value>
        </featureRequirement>
        <featureRequirement>
          <key>cpuid.lahf64</key>
          <featureName>cpuid.lahf64</featureName>
          <value>Bool:Min:1</value>
        </featureRequirement>
        <featureRequirement>
          <key>cpuid.lm</key>
          <featureName>cpuid.lm</featureName>
          <value>Bool:Min:1</value>
        </featureRequirement>
        <featureRequirement>
          <key>cpuid.mdclear</key>
          <featureName>cpuid.mdclear</featureName>
          <value>Bool:Min:1</value>
        </featureRequirement>
        <featureRequirement>
          <key>cpuid.movbe</key>
          <featureName>cpuid.movbe</featureName>
          <value>Bool:Min:1</value>
        </featureRequirement>
        <featureRequirement>
          <key>cpuid.nx</key>
          <featureName>cpuid.nx</featureName>
          <value>Bool:Min:1</value>
        </featureRequirement>
        <featureRequirement>
          <key>cpuid.pcid</key>
          <featureName>cpuid.pcid</featureName>
          <value>Bool:Min:1</value>
        </featureRequirement>
        <featureRequirement>
          <key>cpuid.pclmulqdq</key>
          <featureName>cpuid.pclmulqdq</featureName>
          <value>Bool:Min:1</value>
        </featureRequirement>
        <featureRequirement>
          <key>cpuid.pdpe1gb</key>
          <featureName>cpuid.pdpe1gb</featureName>
          <value>Bool:Min:1</value>
        </featureRequirement>
        <featureRequirement>
          <key>cpuid.popcnt</key>
          <featureName>cpuid.popcnt</featureName>
          <value>Bool:Min:1</value>
        </featureRequirement>
        <featureRequirement>
          <key>cpuid.rdrand</key>
          <featureName>cpuid.rdrand</featureName>
          <value>Bool:Min:1</value>
        </featureRequirement>
        <featureRequirement>
          <key>cpuid.rdseed</key>
          <featureName>cpuid.rdseed</featureName>
          <value>Bool:Min:1</value>
        </featureRequirement>
        <featureRequirement>
          <key>cpuid.rdtscp</key>
          <featureName>cpuid.rdtscp</featureName>
          <value>Bool:Min:1</value>
        </featureRequirement>
        <featureRequirement>
          <key>cpuid.smap</key>
          <featureName>cpuid.smap</featureName>
          <value>Bool:Min:1</value>
        </featureRequirement>
        <featureRequirement>
          <key>cpuid.smep</key>
          <featureName>cpuid.smep</featureName>
          <value>Bool:Min:1</value>
        </featureRequirement>
        <featureRequirement>
          <key>cpuid.ss</key>
          <featureName>cpuid.ss</featureName>
          <value>Bool:Min:1</value>
        </featureRequirement>
        <featureRequirement>
          <key>cpuid.ssbd</key>
          <featureName>cpuid.ssbd</featureName>
          <value>Bool:Min:1</value>
        </featureRequirement>
        <featureRequirement>
          <key>cpuid.sse3</key>
          <featureName>cpuid.sse3</featureName>
          <value>Bool:Min:1</value>
        </featureRequirement>
        <featureRequirement>
          <key>cpuid.sse41</key>
          <featureName>cpuid.sse41</featureName>
          <value>Bool:Min:1</value>
        </featureRequirement>
        <featureRequirement>
          <key>cpuid.sse42</key>
          <featureName>cpuid.sse42</featureName>
          <value>Bool:Min:1</value>
        </featureRequirement>
        <featureRequirement>
          <key>cpuid.ssse3</key>
          <featureName>cpuid.ssse3</featureName>
          <value>Bool:Min:1</value>
        </featureRequirement>
        <featureRequirement>
          <key>cpuid.stibp</key>
          <featureName>cpuid.stibp</featureName>
          <value>Bool:Min:1</value>
        </featureRequirement>
        <featureRequirement>
          <key>cpuid.xcr0_master_sse</key>
          <featureName>cpuid.xcr0_master_sse</featureName>
          <value>Bool:Min:1</value>
        </featureRequirement>
        <featureRequirement>
          <key>cpuid.xcr0_master_ymm_h</key>
          <featureName>cpuid.xcr0_master_ymm_h</featureName>
          <value>Bool:Min:1</value>
        </featureRequirement>
        <featureRequirement>
          <key>cpuid.xsave</key>
          <featureName>cpuid.xsave</featureName>
          <value>Bool:Min:1</value>
        </featureRequirement>
        <featureRequirement>
          <key>cpuid.xsavec</key>
          <featureName>cpuid.xsavec</featureName>
          <value>Bool:Min:1</value>
        </featureRequirement>
        <featureRequirement>
          <key>cpuid.xsaveopt</key>
          <featureName>cpuid.xsaveopt</featureName>
          <value>Bool:Min:1</value>
        </featureRequirement>
        <featureRequirement>
          <key>cpuid.xsaves</key>
          <featureName>cpuid.xsaves</featureName>
          <value>Bool:Min:1</value>
        </featureRequirement>
        <featureRequirement>
          <key>misc.cpuidfaulting</key>
          <featureName>misc.cpuidfaulting</featureName>
          <value>Bool:Min:1</value>
        </featureRequirement>
        <featureRequirement>
          <key>misc.ibrs_all</key>
          <featureName>misc.ibrs_all</featureName>
          <value>Bool:Min:1</value>
        </featureRequirement>
        <featureRequirement>
          <key>misc.mds_no</key>
          <featureName>misc.mds_no</featureName>
          <value>Bool:Min:1</value>
        </featureRequirement>
        <featureRequirement>
          <key>misc.rdcl_no</key>
          <featureName>misc.rdcl_no</featureName>
          <value>Bool:Min:1</value>
        </featureRequirement>
        <featureRequirement>
          <key>misc.rsba_no</key>
          <featureName>misc.rsba_no</featureName>
          <value>Bool:Min:1</value>
        </featureRequirement>
        <paused>false</paused>
        <snapshotInBackground>false</snapshotInBackground>
        <instantCloneFrozen>false</instantCloneFrozen>
      </runtime>
      <guest>
        <toolsStatus>toolsNotInstalled</toolsStatus>
        <toolsVersionStatus>guestToolsNotInstalled</toolsVersionStatus>
        <toolsVersionStatus2>guestToolsNotInstalled</toolsVersionStatus2>
        <toolsRunningStatus>guestToolsNotRunning</toolsRunningStatus>
        <hwVersion>vmx-13</hwVersion>
      </guest>
      <config>
        <name>robot-shop-mysql</name>
        <template>false</template>
        <vmPathName>[datastore1] robot-shop-mysql/robot-shop-mysql.vmx</vmPathName>
        <memorySizeMB>256</memorySizeMB>
        <numCpu>1</numCpu>
        <numEthernetCards>1</numEthernetCards>
        <numVirtualDisks>1</numVirtualDisks>
        <uuid>4226986b-0481-afec-0409-58c3afc33f67</uuid>
        <instanceUuid>50268406-72c4-5b4a-ff3d-ccf8c67eaa3c</instanceUuid>
        <guestId>ubuntu64Guest</guestId>
        <guestFullName>Ubuntu Linux (64-bit)</guestFullName>
        <product>
          <key>0</key>
        </product>
        <installBootRequired>false</installBootRequired>
        <tpmPresent>false</tpmPresent>
        <hwVersion>vmx-13</hwVersion>
      </config>
      <storage>
        <committed>17542458680</committed>
        <uncommitted>529</uncommitted>
        <unshared>17179869184</unshared>
        <timestamp>2023-04-19T14:13:23.427297Z</timestamp>
      </storage>
      <quickStats>
        <overallCpuUsage>2400</overallCpuUsage>
        <overallCpuDemand>2400</overallCpuDemand>
        <guestMemoryUsage>2</guestMemoryUsage>
        <hostMemoryUsage>191</hostMemoryUsage>
        <guestHeartbeatStatus>gray</guestHeartbeatStatus>
        <grantedMemory>218</grantedMemory>
        <privateMemory>148</privateMemory>
        <sharedMemory>70</sharedMemory>
        <swappedMemory>25</swappedMemory>
        <consumedOverheadMemory>26</consumedOverheadMemory>
        <ftLogBandwidth>-1</ftLogBandwidth>
        <ftSecondaryLatency>-1</ftSecondaryLatency>
        <ftLatencyStatus>gray</ftLatencyStatus>
        <compressedMemory>11856</compressedMemory>
        <uptimeSeconds>1722608</uptimeSeconds>
        <activeMemory>2</activeMemory>
      </quickStats>
      <overallStatus>red</overallStatus>
    </val>
  </propSet>
  <propSet>
    <name>tag</name>
    <val xmlns:XMLSchema-instance="http://www.w3.org/2001/XMLSchema-instance" XMLSchema-instance:type="ArrayOfTag"></val>
  </propSet>
  <propSet>
    <name>triggeredAlarmState</name>
    <val xmlns:XMLSchema-instance="http://www.w3.org/2001/XMLSchema-instance" XMLSchema-instance:type="ArrayOfAlarmState">
      <AlarmState>
        <key>alarm-5.vm-11004</key>
        <entity type="VirtualMachine">vm-11004</entity>
        <alarm type="Alarm">alarm-5</alarm>
        <overallStatus>red</overallStatus>
        <time>2023-05-09T12:14:03.526735Z</time>
        <acknowledged>false</acknowledged>
      </AlarmState>
    </val>
  </propSet>
  <propSet>
    <name>value</name>
    <val xmlns:XMLSchema-instance="http://www.w3.org/2001/XMLSchema-instance" XMLSchema-instance:type="ArrayOfCustomFieldValue"></val>
  </propSet>
</ObjectContent>