<ObjectContent>
  <obj type="VirtualMachine">vm-1027</obj>
  <propSet>
    <name>alarmActionsEnabled</name>
    <val xmlns:XMLSchema-instance="http://www.w3.org/2001/XMLSchema-instance" XMLSchema-instance:type="xsd:boolean">true</val>
  </propSet>
  <propSet>
    <name>availableField</name>
    <val xmlns:XMLSchema-instance="http://www.w3.org/2001/XMLSchema-instance" XMLSchema-instance:type="ArrayOfCustomFieldDef"></val>
  </propSet>
  <propSet>
    <name>capability</name>
    <val xmlns:XMLSchema-instance="http://www.w3.org/2001/XMLSchema-instance" XMLSchema-instance:type="VirtualMachineCapability">
      <snapshotOperationsSupported>true</snapshotOperationsSupported>
      <multipleSnapshotsSupported>true</multipleSnapshotsSupported>
      <snapshotConfigSupported>true</snapshotConfigSupported>
      <poweredOffSnapshotsSupported>true</poweredOffSnapshotsSupported>
      <memorySnapshotsSupported>true</memorySnapshotsSupported>
      <revertToSnapshotSupported>true</revertToSnapshotSupported>
      <quiescedSnapshotsSupported>true</quiescedSnapshotsSupported>
      <disableSnapshotsSupported>false</disableSnapshotsSupported>
      <lockSnapshotsSupported>true</lockSnapshotsSupported>
      <consolePreferencesSupported>false</consolePreferencesSupported>
      <cpuFeatureMaskSupported>true</cpuFeatureMaskSupported>
      <s1AcpiManagementSupported>true</s1AcpiManagementSupported>
      <settingScreenResolutionSupported>false</settingScreenResolutionSupported>
      <toolsAutoUpdateSupported>false</toolsAutoUpdateSupported>
      <vmNpivWwnSupported>true</vmNpivWwnSupported>
      <npivWwnOnNonRdmVmSupported>true</npivWwnOnNonRdmVmSupported>
      <vmNpivWwnDisableSupported>true</vmNpivWwnDisableSupported>
      <vmNpivWwnUpdateSupported>true</vmNpivWwnUpdateSupported>
      <swapPlacementSupported>true</swapPlacementSupported>
      <toolsSyncTimeSupported>true</toolsSyncTimeSupported>
      <virtualMmuUsageSupported>true</virtualMmuUsageSupported>
      <diskSharesSupported>true</diskSharesSupported>
      <bootOptionsSupported>true</bootOptionsSupported>
      <bootRetryOptionsSupported>true</bootRetryOptionsSupported>
      <settingVideoRamSizeSupported>true</settingVideoRamSizeSupported>
      <settingDisplayTopologySupported>false</settingDisplayTopologySupported>
      <recordReplaySupported>false</recordReplaySupported>
      <changeTrackingSupported>true</changeTrackingSupported>
      <multipleCoresPerSocketSupported>true</multipleCoresPerSocketSupported>
      <hostBasedReplicationSupported>true</hostBasedReplicationSupported>
      <guestAutoLockSupported>true</guestAutoLockSupported>
      <memoryReservationLockSupported>true</memoryReservationLockSupported>
      <featureRequirementSupported>true</featureRequirementSupported>
      <poweredOnMonitorTypeChangeSupported>true</poweredOnMonitorTypeChangeSupported>
      <seSparseDiskSupported>true</seSparseDiskSupported>
      <nestedHVSupported>true</nestedHVSupported>
      <vPMCSupported>true</vPMCSupported>
      <secureBootSupported>false</secureBootSupported>
      <perVmEvcSupported>false</perVmEvcSupported>
      <virtualMmuUsageIgnored>false</virtualMmuUsageIgnored>
      <virtualExecUsageIgnored>false</virtualExecUsageIgnored>
      <diskOnlySnapshotOnSuspendedVMSupported>true</diskOnlySnapshotOnSuspendedVMSupported>
      <suspendToMemorySupported>true</suspendToMemorySupported>
      <toolsSyncTimeAllowSupported>true</toolsSyncTimeAllowSupported>
      <sevSupported>false</sevSupported>
      <pmemFailoverSupported>false</pmemFailoverSupported>
    </val>
  </propSet>
  <propSet>
    <name>config</name>
    <val xmlns:XMLSchema-instance="http://www.w3.org/2001/XMLSchema-instance" XMLSchema-instance:type="VirtualMachineConfigInfo">
      <changeVersion>2022-02-13T15:18:54.126266Z</changeVersion>
      <modified>1970-01-01T00:00:00Z</modified>
      <name>vCLS-f6d81ea3-2419-4cad-997b-4c566a0da209</name>
      <guestFullName>Other 3.x or later Linux (64-bit)</guestFullName>
      <version>vmx-11</version>
      <uuid>4226a810-4214-61af-52ff-1b196961af10</uuid>
      <createDate>2022-02-13T14:43:35.018999Z</createDate>
      <instanceUuid>5026d859-d4aa-1f6d-d547-e566906a8355</instanceUuid>
      <npivTemporaryDisabled>true</npivTemporaryDisabled>
      <template>false</template>
      <guestId>other3xLinux64Guest</guestId>
      <alternateGuestName></alternateGuestName>
      <annotation>vSphere Cluster Service VM is deployed from an OVA with a minimal installed profile of PhotonOS. vSphere Cluster Service manages the resources, power state and availability of these VMs. vSphere Cluster Service VMs are required for maintaining the health and availability of vSphere Cluster Service. Any impact on the power state or resources of these VMs might degrade the health of the vSphere Cluster Service and cause vSphere DRS to cease operation for the cluster.</annotation>
      <files>
        <vmPathName>[datastore2] vCLS-f6d81ea3-2419-4cad-997b-4c566a0da209/vCLS-f6d81ea3-2419-4cad-997b-4c566a0da209.vmx</vmPathName>
        <snapshotDirectory>[datastore2] vCLS-f6d81ea3-2419-4cad-997b-4c566a0da209/</snapshotDirectory>
        <suspendDirectory>[datastore2] vCLS-f6d81ea3-2419-4cad-997b-4c566a0da209/</suspendDirectory>
        <logDirectory>[datastore2] vCLS-f6d81ea3-2419-4cad-997b-4c566a0da209/</logDirectory>
      </files>
      <tools>
        <toolsVersion>2147483647</toolsVersion>
        <afterPowerOn>true</afterPowerOn>
        <afterResume>true</afterResume>
        <beforeGuestStandby>true</beforeGuestStandby>
        <beforeGuestShutdown>true</beforeGuestShutdown>
        <toolsUpgradePolicy>manual</toolsUpgradePolicy>
        <pendingCustomization>/vmfs/volumes/620920bd-60e41ca5-7b36-000c29fef0ee/vCLS-f6d81ea3-2419-4cad-997b-4c566a0da209/hdcs.cab</pendingCustomization>
        <syncTimeWithHostAllowed>true</syncTimeWithHostAllowed>
        <syncTimeWithHost>false</syncTimeWithHost>
        <lastInstallInfo>
          <counter>0</counter>
        </lastInstallInfo>
      </tools>
      <flags>
        <disableAcceleration>false</disableAcceleration>
        <enableLogging>true</enableLogging>
        <useToe>false</useToe>
        <runWithDebugInfo>false</runWithDebugInfo>
        <monitorType>release</monitorType>
        <htSharing>any</htSharing>
        <snapshotDisabled>false</snapshotDisabled>
        <snapshotLocked>false</snapshotLocked>
        <diskUuidEnabled>false</diskUuidEnabled>
        <virtualMmuUsage>automatic</virtualMmuUsage>
        <virtualExecUsage>hvAuto</virtualExecUsage>
        <snapshotPowerOffBehavior>powerOff</snapshotPowerOffBehavior>
        <recordReplayEnabled>false</recordReplayEnabled>
        <faultToleranceType>unset</faultToleranceType>
        <vvtdEnabled>false</vvtdEnabled>
        <vbsEnabled>false</vbsEnabled>
      </flags>
      <defaultPowerOps>
        <powerOffType>soft</powerOffType>
        <suspendType>hard</suspendType>
        <resetType>soft</resetType>
        <defaultPowerOffType>soft</defaultPowerOffType>
        <defaultSuspendType>hard</defaultSuspendType>
        <defaultResetType>soft</defaultResetType>
        <standbyAction>checkpoint</standbyAction>
      </defaultPowerOps>
      <hardware>
        <numCPU>1</numCPU>
        <numCoresPerSocket>1</numCoresPerSocket>
        <memoryMB>128</memoryMB>
        <virtualICH7MPresent>false</virtualICH7MPresent>
        <virtualSMCPresent>false</virtualSMCPresent>
        <device XMLSchema-instance:type="VirtualIDEController">
          <key>200</key>
          <deviceInfo XMLSchema-instance:type="Description">
            <label>IDE 0</label>
            <summary>IDE 0</summary>
          </deviceInfo>
          <busNumber>0</busNumber>
        </device>
        <device XMLSchema-instance:type="VirtualIDEController">
          <key>201</key>
          <deviceInfo XMLSchema-instance:type="Description">
            <label>IDE 1</label>
            <summary>IDE 1</summary>
          </deviceInfo>
          <busNumber>1</busNumber>
        </device>
        <device XMLSchema-instance:type="VirtualPS2Controller">
          <key>300</key>
          <deviceInfo XMLSchema-instance:type="Description">
            <label>PS2 controller 0</label>
            <summary>PS2 controller 0</summary>
          </deviceInfo>
          <busNumber>0</busNumber>
          <device>600</device>
          <device>700</device>
        </device>
        <device XMLSchema-instance:type="VirtualPCIController">
          <key>100</key>
          <deviceInfo XMLSchema-instance:type="Description">
            <label>PCI controller 0</label>
            <summary>PCI controller 0</summary>
          </deviceInfo>
          <busNumber>0</busNumber>
          <device>500</device>
          <device>12000</device>
          <device>1000</device>
        </device>
        <device XMLSchema-instance:type="VirtualSIOController">
          <key>400</key>
          <deviceInfo XMLSchema-instance:type="Description">
            <label>SIO controller 0</label>
            <summary>SIO controller 0</summary>
          </deviceInfo>
          <busNumber>0</busNumber>
        </device>
        <device XMLSchema-instance:type="VirtualKeyboard">
          <key>600</key>
          <deviceInfo XMLSchema-instance:type="Description">
            <label>Keyboard </label>
            <summary>Keyboard</summary>
          </deviceInfo>
          <controllerKey>300</controllerKey>
          <unitNumber>0</unitNumber>
        </device>
        <device XMLSchema-instance:type="VirtualPointingDevice">
          <key>700</key>
          <deviceInfo XMLSchema-instance:type="Description">
            <label>Pointing device</label>
            <summary>Pointing device; Device</summary>
          </deviceInfo>
          <backing XMLSchema-instance:type="VirtualPointingDeviceDeviceBackingInfo">
            <deviceName></deviceName>
            <useAutoDetect>false</useAutoDetect>
            <hostPointingDevice>autodetect</hostPointingDevice>
          </backing>
          <controllerKey>300</controllerKey>
          <unitNumber>1</unitNumber>
        </device>
        <device XMLSchema-instance:type="VirtualMachineVideoCard">
          <key>500</key>
          <deviceInfo XMLSchema-instance:type="Description">
            <label>Video card </label>
            <summary>Video card</summary>
          </deviceInfo>
          <controllerKey>100</controllerKey>
          <unitNumber>0</unitNumber>
          <videoRamSizeInKB>4096</videoRamSizeInKB>
          <numDisplays>1</numDisplays>
          <useAutoDetect>false</useAutoDetect>
          <enable3DSupport>false</enable3DSupport>
          <use3dRenderer>automatic</use3dRenderer>
          <graphicsMemorySizeInKB>262144</graphicsMemorySizeInKB>
        </device>
        <device XMLSchema-instance:type="VirtualMachineVMCIDevice">
          <key>12000</key>
          <deviceInfo XMLSchema-instance:type="Description">
            <label>VMCI device</label>
            <summary>Device on the virtual machine PCI bus that provides support for the virtual machine communication interface</summary>
          </deviceInfo>
          <controllerKey>100</controllerKey>
          <unitNumber>17</unitNumber>
          <id>-1</id>
          <allowUnrestrictedCommunication>false</allowUnrestrictedCommunication>
          <filterEnable>true</filterEnable>
        </device>
        <device XMLSchema-instance:type="ParaVirtualSCSIController">
          <key>1000</key>
          <deviceInfo XMLSchema-instance:type="Description">
            <label>SCSI controller 0</label>
            <summary>VMware paravirtual SCSI</summary>
          </deviceInfo>
          <controllerKey>100</controllerKey>
          <unitNumber>3</unitNumber>
          <busNumber>0</busNumber>
          <device>2000</device>
          <hotAddRemove>true</hotAddRemove>
          <sharedBus>noSharing</sharedBus>
          <scsiCtlrUnitNumber>7</scsiCtlrUnitNumber>
        </device>
        <device XMLSchema-instance:type="VirtualDisk">
          <key>2000</key>
          <deviceInfo XMLSchema-instance:type="Description">
            <label>Hard disk 1</label>
            <summary>2,097,152 KB</summary>
          </deviceInfo>
          <backing XMLSchema-instance:type="VirtualDiskFlatVer2BackingInfo">
            <fileName>[datastore2] vCLS-f6d81ea3-2419-4cad-997b-4c566a0da209/vCLS-f6d81ea3-2419-4cad-997b-4c566a0da209.vmdk</fileName>
            <datastore type="Datastore">datastore-1026</datastore>
            <diskMode>persistent</diskMode>
            <split>false</split>
            <writeThrough>false</writeThrough>
            <thinProvisioned>true</thinProvisioned>
            <eagerlyScrub>false</eagerlyScrub>
            <uuid>6000C290-8c1e-1d62-7166-505958c1f9fb</uuid>
            <contentId>e0702ae17ef0c872d4a90d10bbfa3d7e</contentId>
            <digestEnabled>false</digestEnabled>
            <sharing>sharingNone</sharing>
          </backing>
          <controllerKey>1000</controllerKey>
          <unitNumber>0</unitNumber>
          <capacityInKB>2097152</capacityInKB>
          <capacityInBytes>2147483648</capacityInBytes>
          <shares>
            <shares>1000</shares>
            <level>normal</level>
          </shares>
          <storageIOAllocation>
            <limit>-1</limit>
            <shares>
              <shares>1000</shares>
              <level>normal</level>
            </shares>
            <reservation>0</reservation>
          </storageIOAllocation>
          <diskObjectId>1-2000</diskObjectId>
          <nativeUnmanagedLinkedClone>false</nativeUnmanagedLinkedClone>
        </device>
      </hardware>
      <cpuAllocation>
        <reservation>0</reservation>
        <expandableReservation>false</expandableReservation>
        <limit>-1</limit>
        <shares>
          <shares>1000</shares>
          <level>normal</level>
        </shares>
      </cpuAllocation>
      <memoryAllocation>
        <reservation>0</reservation>
        <expandableReservation>false</expandableReservation>
        <limit>-1</limit>
        <shares>
          <shares>1280</shares>
          <level>normal</level>
        </shares>
      </memoryAllocation>
      <latencySensitivity>
        <level>normal</level>
      </latencySensitivity>
      <memoryHotAddEnabled>false</memoryHotAddEnabled>
      <cpuHotAddEnabled>false</cpuHotAddEnabled>
      <cpuHotRemoveEnabled>false</cpuHotRemoveEnabled>
      <extraConfig XMLSchema-instance:type="OptionValue">
        <key>nvram</key>
        <value XMLSchema-instance:type="xsd:string">vCLS-f6d81ea3-2419-4cad-997b-4c566a0da209.nvram</value>
      </extraConfig>
      <extraConfig XMLSchema-instance:type="OptionValue">
        <key>svga.present</key>
        <value XMLSchema-instance:type="xsd:string">TRUE</value>
      </extraConfig>
      <extraConfig XMLSchema-instance:type="OptionValue">
        <key>pciBridge0.present</key>
        <value XMLSchema-instance:type="xsd:string">TRUE</value>
      </extraConfig>
      <extraConfig XMLSchema-instance:type="OptionValue">
        <key>pciBridge4.present</key>
        <value XMLSchema-instance:type="xsd:string">TRUE</value>
      </extraConfig>
      <extraConfig XMLSchema-instance:type="OptionValue">
        <key>pciBridge4.virtualDev</key>
        <value XMLSchema-instance:type="xsd:string">pcieRootPort</value>
      </extraConfig>
      <extraConfig XMLSchema-instance:type="OptionValue">
        <key>pciBridge4.functions</key>
        <value XMLSchema-instance:type="xsd:string">8</value>
      </extraConfig>
      <extraConfig XMLSchema-instance:type="OptionValue">
        <key>pciBridge5.present</key>
        <value XMLSchema-instance:type="xsd:string">TRUE</value>
      </extraConfig>
      <extraConfig XMLSchema-instance:type="OptionValue">
        <key>pciBridge5.virtualDev</key>
        <value XMLSchema-instance:type="xsd:string">pcieRootPort</value>
      </extraConfig>
      <extraConfig XMLSchema-instance:type="OptionValue">
        <key>pciBridge5.functions</key>
        <value XMLSchema-instance:type="xsd:string">8</value>
      </extraConfig>
      <extraConfig XMLSchema-instance:type="OptionValue">
        <key>pciBridge6.present</key>
        <value XMLSchema-instance:type="xsd:string">TRUE</value>
      </extraConfig>
      <extraConfig XMLSchema-instance:type="OptionValue">
        <key>pciBridge6.virtualDev</key>
        <value XMLSchema-instance:type="xsd:string">pcieRootPort</value>
      </extraConfig>
      <extraConfig XMLSchema-instance:type="OptionValue">
        <key>pciBridge6.functions</key>
        <value XMLSchema-instance:type="xsd:string">8</value>
      </extraConfig>
      <extraConfig XMLSchema-instance:type="OptionValue">
        <key>pciBridge7.present</key>
        <value XMLSchema-instance:type="xsd:string">TRUE</value>
      </extraConfig>
      <extraConfig XMLSchema-instance:type="OptionValue">
        <key>pciBridge7.virtualDev</key>
        <value XMLSchema-instance:type="xsd:string">pcieRootPort</value>
      </extraConfig>
      <extraConfig XMLSchema-instance:type="OptionValue">
        <key>pciBridge7.functions</key>
        <value XMLSchema-instance:type="xsd:string">8</value>
      </extraConfig>
      <extraConfig XMLSchema-instance:type="OptionValue">
        <key>hpet0.present</key>
        <value XMLSchema-instance:type="xsd:string">TRUE</value>
      </extraConfig>
      <extraConfig XMLSchema-instance:type="OptionValue">
        <key>HDCS.agent</key>
        <value XMLSchema-instance:type="xsd:string">true</value>
      </extraConfig>
      <extraConfig XMLSchema-instance:type="OptionValue">
        <key>mks.enable3d</key>
        <value XMLSchema-instance:type="xsd:string">FALSE</value>
      </extraConfig>
      <extraConfig XMLSchema-instance:type="OptionValue">
        <key>RemoteDisplay.maxConnections</key>
        <value XMLSchema-instance:type="xsd:string">1</value>
      </extraConfig>
      <extraConfig XMLSchema-instance:type="OptionValue">
        <key>log.keepOld</key>
        <value XMLSchema-instance:type="xsd:string">10</value>
      </extraConfig>
      <extraConfig XMLSchema-instance:type="OptionValue">
        <key>log.rotateSize</key>
        <value XMLSchema-instance:type="xsd:string">2048000</value>
      </extraConfig>
      <extraConfig XMLSchema-instance:type="OptionValue">
        <key>tools.guest.desktop.autolock</key>
        <value XMLSchema-instance:type="xsd:string">TRUE</value>
      </extraConfig>
      <extraConfig XMLSchema-instance:type="OptionValue">
        <key>isolation.device.edit.disable</key>
        <value XMLSchema-instance:type="xsd:string">true</value>
      </extraConfig>
      <extraConfig XMLSchema-instance:type="OptionValue">
        <key>eam.agent.agencyMoId</key>
        <value XMLSchema-instance:type="xsd:string">c48c088f-0d11-4909-8c43-4792e483210b</value>
      </extraConfig>
      <extraConfig XMLSchema-instance:type="OptionValue">
        <key>eam.agent.agentMoId</key>
        <value XMLSchema-instance:type="xsd:string">7020cb73-7f05-49a2-bc66-2db6a0e07abb</value>
      </extraConfig>
      <extraConfig XMLSchema-instance:type="OptionValue">
        <key>eam.agent.ovfPackageUrl</key>
        <value XMLSchema-instance:type="xsd:string">file:///storage/lifecycle/vmware-hdcs/photon-ova-0.0.1-18467000.ovf</value>
      </extraConfig>
      <extraConfig XMLSchema-instance:type="OptionValue">
        <key>viv.moid</key>
        <value XMLSchema-instance:type="xsd:string">8a972364-3515-4f7a-b38c-91bc7b19ffb4:vm-1027:kQlF3Xm1tRAHOCPLmFlj1LY3PMU4d63YwRuSrPoWfVc=</value>
      </extraConfig>
      <extraConfig XMLSchema-instance:type="OptionValue">
        <key>vmware.tools.internalversion</key>
        <value XMLSchema-instance:type="xsd:string">2147483647</value>
      </extraConfig>
      <extraConfig XMLSchema-instance:type="OptionValue">
        <key>vmware.tools.requiredversion</key>
        <value XMLSchema-instance:type="xsd:string">11360</value>
      </extraConfig>
      <extraConfig XMLSchema-instance:type="OptionValue">
        <key>migrate.hostLogState</key>
        <value XMLSchema-instance:type="xsd:string">none</value>
      </extraConfig>
      <extraConfig XMLSchema-instance:type="OptionValue">
        <key>migrate.migrationId</key>
        <value XMLSchema-instance:type="xsd:string">0</value>
      </extraConfig>
      <extraConfig XMLSchema-instance:type="OptionValue">
        <key>migrate.hostLog</key>
        <value XMLSchema-instance:type="xsd:string">vCLS-f6d81ea3-2419-4cad-997b-4c566a0da209-3ed40215.hlog</value>
      </extraConfig>
      <extraConfig XMLSchema-instance:type="OptionValue">
        <key>featMask.vm.cpuid.CMPXCHG16B</key>
        <value XMLSchema-instance:type="xsd:string">Val:1</value>
      </extraConfig>
      <extraConfig XMLSchema-instance:type="OptionValue">
        <key>featMask.vm.cpuid.DS</key>
        <value XMLSchema-instance:type="xsd:string">Val:1</value>
      </extraConfig>
      <extraConfig XMLSchema-instance:type="OptionValue">
        <key>featMask.vm.cpuid.FAMILY</key>
        <value XMLSchema-instance:type="xsd:string">Val:6</value>
      </extraConfig>
      <extraConfig XMLSchema-instance:type="OptionValue">
        <key>featMask.vm.cpuid.Intel</key>
        <value XMLSchema-instance:type="xsd:string">Val:1</value>
      </extraConfig>
      <extraConfig XMLSchema-instance:type="OptionValue">
        <key>featMask.vm.cpuid.LAHF64</key>
        <value XMLSchema-instance:type="xsd:string">Val:1</value>
      </extraConfig>
      <extraConfig XMLSchema-instance:type="OptionValue">
        <key>featMask.vm.cpuid.LM</key>
        <value XMLSchema-instance:type="xsd:string">Val:1</value>
      </extraConfig>
      <extraConfig XMLSchema-instance:type="OptionValue">
        <key>featMask.vm.cpuid.MODEL</key>
        <value XMLSchema-instance:type="xsd:string">Val:0xf</value>
      </extraConfig>
      <extraConfig XMLSchema-instance:type="OptionValue">
        <key>featMask.vm.cpuid.MWAIT</key>
        <value XMLSchema-instance:type="xsd:string">Val:1</value>
      </extraConfig>
      <extraConfig XMLSchema-instance:type="OptionValue">
        <key>featMask.vm.cpuid.NUMLEVELS</key>
        <value XMLSchema-instance:type="xsd:string">Val:0xa</value>
      </extraConfig>
      <extraConfig XMLSchema-instance:type="OptionValue">
        <key>featMask.vm.cpuid.NUM_EXT_LEVELS</key>
        <value XMLSchema-instance:type="xsd:string">Val:0x80000008</value>
      </extraConfig>
      <extraConfig XMLSchema-instance:type="OptionValue">
        <key>featMask.vm.cpuid.NX</key>
        <value XMLSchema-instance:type="xsd:string">Val:1</value>
      </extraConfig>
      <extraConfig XMLSchema-instance:type="OptionValue">
        <key>featMask.vm.cpuid.SS</key>
        <value XMLSchema-instance:type="xsd:string">Val:1</value>
      </extraConfig>
      <extraConfig XMLSchema-instance:type="OptionValue">
        <key>featMask.vm.cpuid.SSE3</key>
        <value XMLSchema-instance:type="xsd:string">Val:1</value>
      </extraConfig>
      <extraConfig XMLSchema-instance:type="OptionValue">
        <key>featMask.vm.cpuid.SSSE3</key>
        <value XMLSchema-instance:type="xsd:string">Val:1</value>
      </extraConfig>
      <extraConfig XMLSchema-instance:type="OptionValue">
        <key>featMask.vm.cpuid.STEPPING</key>
        <value XMLSchema-instance:type="xsd:string">Val:1</value>
      </extraConfig>
      <extraConfig XMLSchema-instance:type="OptionValue">
        <key>featureCompat.vm.completeMasks</key>
        <value XMLSchema-instance:type="xsd:string">TRUE</value>
      </extraConfig>
      <extraConfig XMLSchema-instance:type="OptionValue">
        <key>tools.deployPkg.fileName</key>
        <value XMLSchema-instance:type="xsd:string">hdcs.cab</value>
      </extraConfig>
      <datastoreUrl>
        <name>datastore2</name>
        <url>/vmfs/volumes/620920bd-60e41ca5-7b36-000c29fef0ee</url>
      </datastoreUrl>
      <swapPlacement>inherit</swapPlacement>
      <bootOptions>
        <enterBIOSSetup>false</enterBIOSSetup>
        <efiSecureBootEnabled>false</efiSecureBootEnabled>
        <bootRetryEnabled>false</bootRetryEnabled>
        <bootRetryDelay>10000</bootRetryDelay>
        <networkBootProtocol>ipv4</networkBootProtocol>
      </bootOptions>
      <vAppConfig XMLSchema-instance:type="VmConfigInfo">
        <product>
          <key>0</key>
          <name>Photon OS</name>
          <vendor>VMware Inc.</vendor>
          <version>3.0</version>
          <fullVersion>3.0</fullVersion>
        </product>
        <ipAssignment>
          <ipAllocationPolicy>fixedPolicy</ipAllocationPolicy>
          <supportedIpProtocol>IPv4</supportedIpProtocol>
          <ipProtocol>IPv4</ipProtocol>
        </ipAssignment>
        <eula>&#xA;&#xA;VMWARE END USER LICENSE AGREEMENT&#xA;&#xA;&#xA;&#xA;PLEASE NOTE THAT THE TERMS OF THIS END USER LICENSE AGREEMENT SHALL GOVERN YOUR USE OF THE SOFTWARE, REGARDLESS OF ANY TERMS THAT MAY APPEAR DURING THE INSTALLATION OF THE SOFTWARE. &#xA;&#xA;IMPORTANT-READ CAREFULLY: BY DOWNLOADING, INSTALLING, OR USING THE SOFTWARE, YOU (THE INDIVIDUAL OR LEGAL ENTITY) AGREE TO BE BOUND BY THE TERMS OF THIS END USER LICENSE AGREEMENT (&#34;EULA&#34;). IF YOU DO NOT AGREE TO THE TERMS OF THIS EULA, YOU MUST NOT DOWNLOAD, INSTALL, OR USE THE SOFTWARE, AND YOU MUST DELETE OR RETURN THE UNUSED SOFTWARE TO THE VENDOR FROM WHICH YOU ACQUIRED IT WITHIN THIRTY (30) DAYS AND REQUEST A REFUND OF THE LICENSE FEE, IF ANY, THAT YOU PAID FOR THE SOFTWARE.&#xA;&#xA;EVALUATION LICENSE. If You are licensing the Software for evaluation purposes, Your use of the Software is only permitted in a non-production environment and for the period limited by the License Key. Notwithstanding any other provision in this EULA, an Evaluation License of the Software is provided &#34;AS-IS&#34; without indemnification, support or warranty of any kind, expressed or implied.&#xA;&#xA;&#xA;&#xA;1.&#x9;DEFINITIONS.&#xA;&#xA;&#xA;&#xA;1.1.&#x9;&#34;Affiliate&#34; means, with respect to a party at a given time, an entity that then is directly or indirectly controlled by, is under common control with, or controls that party, and here &#34;control&#34; means an ownership, voting or similar interest representing fifty percent (50%) or more of the total interests then outstanding of that entity.&#xA;&#xA;&#xA;&#xA;1.2.&#x9;&#34;Documentation&#34; means that documentation that is generally provided to You by VMware with the Software, as revised by VMware from time to time, and which may include end user manuals, operation instructions, installation guides, release notes, and on-line help files regarding the use of the Software.&#xA;&#xA;&#xA;&#xA;1.3.&#x9;&#34;Guest Operating Systems&#34; means instances of third-party operating systems licensed by You, installed in a Virtual Machine and run using the Software.&#xA;&#xA;&#xA;&#xA;1.4.&#x9;&#34;Intellectual Property Rights&#34; means all worldwide intellectual property rights, including without limitation, copyrights, trademarks, service marks, trade secrets, know how, inventions, patents, patent applications, moral rights and all other proprietary rights, whether registered or unregistered. &#xA;&#xA;&#xA;&#xA;1.5.&#x9;&#34;License&#34; means a license granted under Section 2.1 (General License Grant). &#xA;&#xA;&#xA;&#xA;1.6.&#x9;&#34;License Key&#34; means a serial number that enables You to activate and use the Software.&#xA;&#xA;&#xA;&#xA;1.7.&#x9;&#34;License Term&#34; means the duration of a License as specified in the Order.&#xA;&#xA;&#xA;&#xA;1.8.&#x9;&#34;License Type&#34; means the type of License applicable to the Software, as more fully described in the Order.&#xA;&#xA;&#xA;&#xA;1.9.&#x9;&#34;Open Source Software&#34; or &#34;OSS&#34; means software components embedded in the Software and provided under separate license terms, which can be found either in the open_source_licenses.txt file (or similar file) provided within the Software or at www.vmware.com/download/open_source.html. &#xA;&#xA;&#xA;&#xA;1.10.&#x9;&#34;Order&#34; means a purchase order, enterprise license agreement, or other ordering document issued by You to VMware or a VMware authorized reseller that references and incorporates this EULA and is accepted by VMware as set forth in Section 4 (Order).&#xA;&#xA;&#xA;&#xA;1.11.&#x9;&#34;Product Guide&#34; means the current version of the VMware Product Guide at the time of Your Order, copies of which are found at www.vmware.com/download/eula.&#xA;&#xA;&#xA;&#xA;1.12.&#x9;&#34;Support Services Terms&#34; means VMware&#39;s then-current support policies, copies of which are posted at www.vmware.com/support/policies.&#xA;&#xA;&#xA;&#xA;1.13.&#x9;&#34;Software&#34; means the VMware Tools and the VMware computer programs listed on VMware&#39;s commercial price list to which You acquire a license under an Order, together with any software code relating to the foregoing that is provided to You pursuant to a support and subscription service contract and that is not subject to a separate license agreement.&#xA;&#xA;&#xA;&#xA;1.14.&#x9;&#34;Territory&#34; means the country or countries in which You have been invoiced; provided, however, that if You have been invoiced within any of the European Economic Area member states, You may deploy the corresponding Software throughout the European Economic Area. &#xA;&#xA;&#xA;&#xA;1.15.&#x9;&#34;Third Party Agent&#34; means a third party delivering information technology services to You pursuant to a written contract with You.&#xA;&#xA;&#xA;&#xA;1.16.&#x9;&#34;Virtual Machine&#34; means a software container that can run its own operating system and execute applications like a physical machine.&#xA;&#xA;&#xA;&#xA;1.17.&#x9;&#34;VMware&#34; means VMware, Inc., a Delaware corporation, if You are purchasing Licenses or services for use in the United States and VMware International Unlimited Company , a company organized and existing under the laws of Ireland, for all other purchases.&#xA;&#xA;&#xA;&#xA;1.18.&#x9;&#34;VMware Tools&#34; means the suite of utilities and drivers, Licensed by VMware under the &#34;VMware Tools&#34; name, that can be installed in a Guest Operating System to enhance the performance and functionality of a Guest Operating System when running in a Virtual Machine.&#xA;&#xA;&#xA;&#xA;2.&#x9;LICENSE GRANT.&#xA;&#xA;&#xA;&#xA;2.1.&#x9;General License Grant. VMware grants to You a non-exclusive, non-transferable (except as set forth in Section 12.1 (Transfers; Assignment)) license to use the Software and the Documentation during the period of the license and within the Territory, solely for Your internal business operations, and subject to the provisions of the Product Guide. Unless otherwise indicated in the Order, licenses granted to You will be perpetual, will be for use of object code only, and will commence on either delivery of the physical media or the date You are notified of availability for electronic download. &#xA;&#xA;&#xA;&#xA;2.2.&#x9;Third Party Agents. Under the License granted to You in Section 2.1 (General License Grant) above, You may permit Your Third Party Agents to access, use and/or operate the Software on Your behalf for the sole purpose of delivering services to You, provided that You will be fully responsible for Your Third Party Agents&#39; compliance with terms and conditions of this EULA and any breach of this EULA by a Third Party Agent shall be deemed to be a breach by You. &#xA;&#xA;&#xA;&#xA;2.3.&#x9;Copying Permitted. You may copy the Software and Documentation as necessary to install and run the quantity of copies licensed, but otherwise for archival purposes only. &#xA;&#xA;&#xA;&#xA;2.4.&#x9;Benchmarking. You may use the Software to conduct internal performance testing and benchmarking studies. You may only publish or otherwise distribute the results of such studies to third parties as follows: (a) if with respect to VMware&#39;s Workstation or Fusion products, only if You provide a copy of Your study to benchmark@vmware.com prior to distribution; (b) if with respect to any other Software, only if VMware has reviewed and approved of the methodology, assumptions and other parameters of the study (please contact VMware at benchmark@vmware.com to request such review and approval) prior to such publication and distribution. &#xA;&#xA;&#xA;&#xA;2.5.&#x9;VMware Tools. You may distribute the VMware Tools to third parties solely when installed in a Guest Operating System within a Virtual Machine. You are liable for compliance by those third parties with the terms and conditions of this EULA. &#xA;&#xA;&#xA;&#xA;2.6.&#x9;Open Source Software. Notwithstanding anything herein to the contrary, Open Source Software is licensed to You under such OSS&#39;s own applicable license terms, which can be found in the open_source_licenses.txt file, the Documentation or as applicable, the corresponding source files for the Software available at www.vmware.com/download/open_source.html. These OSS license terms are consistent with the license granted in Section 2 (License Grant), and may contain additional rights benefiting You. The OSS license terms shall take precedence over this EULA to the extent that this EULA imposes greater restrictions on You than the applicable OSS license terms. To the extent the license for any Open Source Software requires VMware to make available to You the corresponding source code and/or modifications (the &#34;Source Files&#34;), You may obtain a copy of the applicable Source Files from VMware&#39;s website at www.vmware.com/download/open_source.html or by sending a written request, with Your name and address to: VMware, Inc., 3401 Hillview Avenue, Palo Alto, CA 94304, United States of America. All requests should clearly specify: Open Source Files Request, Attention: General Counsel. This offer to obtain a copy of the Source Files is valid for three years from the date You acquired this Software.&#xA;&#xA;&#xA;&#xA;3.&#x9;RESTRICTIONS; OWNERSHIP.&#xA;&#xA;&#xA;&#xA;3.1.&#x9;License Restrictions. Without VMware&#39;s prior written consent, You must not, and must not allow any third party to: (a) use Software in an application services provider, service bureau, or similar capacity for third parties, except that You may use the Software to deliver hosted services to Your Affiliates; (b) disclose to any third party the results of any benchmarking testing or comparative or competitive analyses of VMware&#39;s Software done by or on behalf of You, except as specified in Section 2.4 (Benchmarking); (c) make available Software in any form to anyone other than Your employees or contractors reasonably acceptable to VMware and require access to use Software on behalf of You in a matter permitted by this EULA, except as specified in Section 2.2 (Third Party Agents); (d) transfer or sublicense Software or Documentation to an Affiliate or any third party, except as expressly permitted in Section 12.1 (Transfers; Assignment); (e) use Software in conflict with the terms and restrictions of the Software&#39;s licensing model and other requirements specified in Product Guide and/or VMware quote; (f) except to the extent permitted by applicable mandatory law, modify, translate, enhance, or create derivative works from the Software, or reverse engineer, decompile, or otherwise attempt to derive source code from the Software, except as specified in Section 3.2 (Decompilation); (g) remove any copyright or other proprietary notices on or in any copies of Software; or (h) violate or circumvent any technological restrictions within the Software or specified in this EULA, such as via software or services. &#xA;&#xA;&#xA;&#xA;3.2.&#x9;Decompilation. Notwithstanding the foregoing, decompiling the Software is permitted to the extent the laws of the Territory give You the express right to do so to obtain information necessary to render the Software interoperable with other software; provided, however, You must first request such information from VMware, provide all reasonably requested information to allow VMware to assess Your claim, and VMware may, in its discretion, either provide such interoperability information to You, impose reasonable conditions, including a reasonable fee, on such use of the Software, or offer to provide alternatives to ensure that VMware&#39;s proprietary rights in the Software are protected and to reduce any adverse impact on VMware&#39;s proprietary rights.&#xA;&#xA;&#xA;&#xA;3.3.&#x9;Ownership. The Software and Documentation, all copies and portions thereof, and all improvements, enhancements, modifications and derivative works thereof, and all Intellectual Property Rights therein, are and shall remain the sole and exclusive property of VMware and its licensors. Your rights to use the Software and Documentation shall be limited to those expressly granted in this EULA and any applicable Order. No other rights with respect to the Software or any related Intellectual Property Rights are implied. You are not authorized to use (and shall not permit any third party to use) the Software, Documentation or any portion thereof except as expressly authorized by this EULA or the applicable Order. VMware reserves all rights not expressly granted to You. VMware does not transfer any ownership rights in any Software.&#xA;&#xA;&#xA;&#xA;3.4.&#x9;Guest Operating Systems. Certain Software allows Guest Operating Systems and application programs to run on a computer system. You acknowledge that You are responsible for obtaining and complying with any licenses necessary to operate any such third-party software.&#xA;&#xA;&#xA;&#xA;4.&#x9;ORDER. Your Order is subject to this EULA. No Orders are binding on VMware until accepted by VMware. Orders for Software are deemed to be accepted upon VMware&#39;s delivery of the Software included in such Order. Orders issued to VMware do not have to be signed to be valid and enforceable.&#xA;&#xA;&#xA;&#xA;5.&#x9;RECORDS AND AUDIT. During the License Term for Software and for two (2) years after its expiration or termination, You will maintain accurate records of Your use of the Software sufficient to show compliance with the terms of this EULA. During this period, VMware will have the right to audit Your use of the Software to confirm compliance with the terms of this EULA. That audit is subject to reasonable notice by VMware and will not unreasonably interfere with Your business activities. VMware may conduct no more than one (1) audit in any twelve (12) month period, and only during normal business hours. You will reasonably cooperate with VMware and any third party auditor and will, without prejudice to other rights of VMware, address any non-compliance identified by the audit by promptly paying additional fees. You will promptly reimburse VMware for all reasonable costs of the audit if the audit reveals either underpayment of more than five (5%) percent of the Software fees payable by You for the period audited, or that You have materially failed to maintain accurate records of Software use. &#xA;&#xA;&#xA;&#xA;6.&#x9;SUPPORT AND SUBSCRIPTION SERVICES. Except as expressly specified in the Product Guide, VMware does not provide any support or subscription services for the Software under this EULA. You have no rights to any updates, upgrades or extensions or enhancements to the Software developed by VMware unless you separately purchase VMware support or subscription services. These support or subscription services are subject to the Support Services Terms.&#xA;&#xA;&#xA;&#xA;7.&#x9;WARRANTIES.&#xA;&#xA;&#xA;&#xA;7.1.&#x9;Software Warranty, Duration and Remedy. VMware warrants to You that the Software will, for a period of ninety (90) days following notice of availability for electronic download or delivery (&#34;Warranty Period&#34;), substantially conform to the applicable Documentation, provided that the Software: (a) has been properly installed and used at all times in accordance with the applicable Documentation; and (b) has not been modified or added to by persons other than VMware or its authorized representative. VMware will, at its own expense and as its sole obligation and Your exclusive remedy for any breach of this warranty, either replace that Software or correct any reproducible error in that Software reported to VMware by You in writing during the Warranty Period. If VMware determines that it is unable to correct the error or replace the Software, VMware will refund to You the amount paid by You for that Software, in which case the License for that Software will terminate.&#xA;&#xA;&#xA;&#xA;7.2.&#x9;Software Disclaimer of Warranty. OTHER THAN THE WARRANTY ABOVE, AND TO THE MAXIMUM EXTENT PERMITTED BY APPLICABLE LAW, VMWARE AND ITS SUPPLIERS MAKE NO OTHER EXPRESS WARRANTIES UNDER THIS EULA, AND DISCLAIM ALL IMPLIED WARRANTIES OF MERCHANTABILITY, FITNESS FOR A PARTICULAR PURPOSE, TITLE AND NON-INFRINGEMENT, AND ANY WARRANTY ARISING BY STATUTE, OPERATION OF LAW, COURSE OF DEALING OR PERFORMANCE, OR USAGE OF TRADE. VMWARE AND ITS LICENSORS DO NOT WARRANT THAT THE SOFTWARE WILL OPERATE UNINTERRUPTED OR THAT IT WILL BE FREE FROM DEFECTS OR THAT IT WILL MEET YOUR REQUIREMENTS. &#xA;&#xA;&#xA;&#xA;8.&#x9;INTELLECTUAL PROPERTY INDEMNIFICATION. &#xA;&#xA;&#xA;&#xA;8.1.&#x9;Defense and Indemnification. Subject to the remainder of this Section 8 (Intellectual Property Indemnification), VMware shall defend You against any third party claim that the Software infringes any patent, trademark or copyright of such third party, or misappropriates a trade secret (but only to the extent that the misappropriation is not a result of Your actions) under the laws of: (a) the United States and Canada; (b) the European Economic Area; (c) Australia; (d) New Zealand; (e) Japan; or (f) the People&#39;s Republic of China, to the extent that such countries are part of the Territory for the License (&#34;Infringement Claim&#34;) and indemnify You from the resulting costs and damages finally awarded against You to such third party by a court of competent jurisdiction or agreed to in settlement. The foregoing obligations are applicable only if You: (i) promptly notify VMware in writing of the Infringement Claim; (ii) allow VMware sole control over the defense for the claim, any settlement negotiations and any related action challenging the validity of the allegedly infringed patent, trademark, or copyright; and (iii) reasonably cooperate in response to VMware requests for assistance. You may not settle or compromise any Infringement Claim without the prior written consent of VMware.&#xA;&#xA;&#xA;&#xA;8.2.&#x9;Remedies. If the alleged infringing Software become, or in VMware&#39;s opinion be likely to become, the subject of an Infringement Claim, VMware will, at VMware&#39;s option and expense, do one of the following: (a) procure the rights necessary for You to make continued use of the affected Software; (b) replace or modify the affected Software to make it non-infringing; or (c) terminate the License to the affected Software and discontinue the related support services, and, upon Your certified deletion of the affected Software, refund: (i) the fees paid by You for the License to the affected Software, less straight-line depreciation over a three (3) year useful life beginning on the date such Software was delivered; and (ii) any pre-paid service fee attributable to related support services to be delivered after the date such service is stopped. Nothing in this Section 8.2 (Remedies) shall limit VMware&#39;s obligation under Section 8.1 (Defense and Indemnification) to defend and indemnify You, provided that You replace the allegedly infringing Software upon VMware&#39;s making alternate Software available to You and/or You discontinue using the allegedly infringing Software upon receiving VMware&#39;s notice terminating the affected License.&#xA;&#xA;&#xA;&#xA;8.3.&#x9;Exclusions. Notwithstanding the foregoing, VMware will have no obligation under this Section 8 (Intellectual Property Indemnification) or otherwise with respect to any claim based on: (a) a combination of Software with non-VMware products (other than non-VMware products that are listed on the Order and used in an unmodified form); (b) use for a purpose or in a manner for which the Software was not designed; (c) use of any older version of the Software when use of a newer VMware version would have avoided the infringement; (d) any modification to the Software made without VMware&#39;s express written approval; (e) any claim that relates to open source software or freeware technology or any derivatives or other adaptations thereof that is not embedded by VMware into Software listed on VMware&#39;s commercial price list; or (f) any Software provided on a no charge, beta or evaluation basis. THIS SECTION 8 (INTELLECTUAL PROPERTY INDEMNIFICATION) STATES YOUR SOLE AND EXCLUSIVE REMEDY AND VMWARE&#39;S ENTIRE LIABILITY FOR ANY INFRINGEMENT CLAIMS OR ACTIONS. &#xA;&#xA;&#xA;&#xA;9.&#x9;LIMITATION OF LIABILITY. &#xA;&#xA;&#xA;&#xA;9.1.&#x9;Limitation of Liability. TO THE MAXIMUM EXTENT MANDATED BY LAW, IN NO EVENT WILL VMWARE AND ITS LICENSORS BE LIABLE FOR ANY LOST PROFITS OR BUSINESS OPPORTUNITIES, LOSS OF USE, LOSS OF REVENUE, LOSS OF GOODWILL, BUSINESS INTERRUPTION, LOSS OF DATA, OR ANY INDIRECT, SPECIAL, INCIDENTAL, OR CONSEQUENTIAL DAMAGES UNDER ANY THEORY OF LIABILITY, WHETHER BASED IN CONTRACT, TORT, NEGLIGENCE, PRODUCT LIABILITY, OR OTHERWISE. BECAUSE SOME JURISDICTIONS DO NOT ALLOW THE EXCLUSION OR LIMITATION OF LIABILITY FOR CONSEQUENTIAL OR INCIDENTAL DAMAGES, THE PRECEDING LIMITATION MAY NOT APPLY TO YOU. VMWARE&#39;S AND ITS LICENSORS&#39; LIABILITY UNDER THIS EULA WILL NOT, IN ANY EVENT, REGARDLESS OF WHETHER THE CLAIM IS BASED IN CONTRACT, TORT, STRICT LIABILITY, OR OTHERWISE, EXCEED THE GREATER OF THE LICENSE FEES YOU PAID FOR THE SOFTWARE GIVING RISE TO THE CLAIM OR $5000. THE FOREGOING LIMITATIONS SHALL APPLY REGARDLESS OF WHETHER VMWARE OR ITS LICENSORS HAVE BEEN ADVISED OF THE POSSIBILITY OF SUCH DAMAGES AND REGARDLESS OF WHETHER ANY REMEDY FAILS OF ITS ESSENTIAL PURPOSE. &#xA;&#xA;&#xA;&#xA;9.2.&#x9;Further Limitations. VMware&#39;s licensors shall have no liability of any kind under this EULA and VMware&#39;s liability with respect to any third party software embedded in the Software shall be subject to Section 9.1 (Limitation of Liability). You may not bring a claim under this EULA more than eighteen (18) months after the cause of action arises.&#xA;&#xA;&#xA;&#xA;10.&#x9;TERMINATION.&#xA;&#xA;&#xA;&#xA;10.1.&#x9;EULA Term. The term of this EULA begins on the notice of availability for electronic download or delivery of the Software and continues until this EULA is terminated in accordance with this Section 10.&#xA;&#xA;&#xA;&#xA;10.2.&#x9;Termination for Breach. VMware may terminate this EULA effective immediately upon written notice to You if: (a) You fail to pay any portion of the fees under an applicable Order within ten (10) days after receiving written notice from VMware that payment is past due; or (b) You breach any other provision of this EULA and fail to cure within thirty (30) days after receipt of VMware&#39;s written notice thereof. &#xA;&#xA;&#xA;&#xA;10.3.&#x9;Termination for Insolvency. VMware may terminate this EULA effective immediately upon written notice to You if You: (a) terminate or suspend your business; (b) become insolvent, admit in writing Your inability to pay Your debts as they mature, make an assignment for the benefit of creditors; or become subject to control of a trustee, receiver or similar authority; or (c) become subject to any bankruptcy or insolvency proceeding.&#xA;&#xA;&#xA;&#xA;10.4.&#x9;Effect of Termination. Upon VMware&#39;s termination of this EULA: (a) all Licensed rights to all Software granted to You under this EULA will immediately cease; and (b) You must cease all use of all Software, and return or certify destruction of all Software and License Keys (including copies) to VMware, and return, or if requested by VMware, destroy, any related VMware Confidential Information in Your possession or control and certify in writing to VMware that You have fully complied with these requirements. Any provision will survive any termination or expiration if by its nature and context it is intended to survive, including Sections 1 (Definitions), 2.6 (Open Source Software), 3 (Restrictions; Ownership), 5 (Records and Audit), 7.2 (Software Disclaimer of Warranty), 9 (Limitation of Liability), 10 (Termination), 11 (Confidential Information) and 12 (General).&#xA;&#xA;&#xA;&#xA;11.&#x9;CONFIDENTIAL INFORMATION. &#xA;&#xA;&#xA;&#xA;11.1.&#x9;Definition. &#34;Confidential Information&#34; means information or materials provided by one party (&#34;Discloser&#34;) to the other party (&#34;Recipient&#34;) which are in tangible form and labelled &#34;confidential&#34; or the like, or, information which a reasonable person knew or should have known to be confidential. The following information shall be considered Confidential Information whether or not marked or identified as such: (a) License Keys; (b) information regarding VMware&#39;s pricing, product roadmaps or strategic marketing plans; and (c) non-public materials relating to the Software.&#xA;&#xA;&#xA;&#xA;11.2.&#x9;Protection. Recipient may use Confidential Information of Discloser; (a) to exercise its rights and perform its obligations under this EULA; or (b) in connection with the parties&#39; ongoing business relationship. Recipient will not use any Confidential Information of Discloser for any purpose not expressly permitted by this EULA, and will disclose the Confidential Information of Discloser only to the employees or contractors of Recipient who have a need to know such Confidential Information for purposes of this EULA and who are under a duty of confidentiality no less restrictive than Recipient&#39;s duty hereunder. Recipient will protect Confidential Information from unauthorized use, access, or disclosure in the same manner as Recipient protects its own confidential or proprietary information of a similar nature but with no less than reasonable care.&#xA;&#xA;&#xA;&#xA;11.3.&#x9;Exceptions. Recipient&#39;s obligations under Section 11.2 (Protection) with respect to any Confidential Information will terminate if Recipient can show by written records that such information: (a) was already known to Recipient at the time of disclosure by Discloser; (b) was disclosed to Recipient by a third party who had the right to make such disclosure without any confidentiality restrictions; (c) is, or through no fault of Recipient has become, generally available to the public; or (d) was independently developed by Recipient without access to, or use of, Discloser&#39;s Information. In addition, Recipient will be allowed to disclose Confidential Information to the extent that such disclosure is required by law or by the order of a court of similar judicial or administrative body, provided that Recipient notifies Discloser of such required disclosure promptly and in writing and cooperates with Discloser, at Discloser&#39;s request and expense, in any lawful action to contest or limit the scope of such required disclosure.&#xA;&#xA;&#xA;&#xA;11.4.&#x9;Data Privacy. You agree that VMware may process technical and related information about Your use of the Software which may include internet protocol address, hardware identification, operating system, application software, peripheral hardware, and non-personally identifiable Software usage statistics to facilitate the provisioning of updates, support, invoicing or online services and may transfer such information to other companies in the VMware worldwide group of companies from time to time. To the extent that this information constitutes personal data, VMware shall be the controller of such personal data. To the extent that it acts as a controller, each party shall comply at all times with its obligations under applicable data protection legislation. &#xA;&#xA;&#xA;&#xA;12.&#x9;GENERAL.&#xA;&#xA;&#xA;&#xA;12.1.&#x9;Transfers; Assignment. Except to the extent transfer may not legally be restricted or as permitted by VMware&#39;s transfer and assignment policies, in all cases following the process set forth at www.vmware.com/support/policies/licensingpolicies.html, You will not assign this EULA, any Order, or any right or obligation herein or delegate any performance without VMware&#39;s prior written consent, which consent will not be unreasonably withheld. Any other attempted assignment or transfer by You will be void. VMware may use its Affiliates or other sufficiently qualified subcontractors to provide services to You, provided that VMware remains responsible to You for the performance of the services.&#xA;&#xA;&#xA;&#xA;12.2.&#x9;Notices. Any notice delivered by VMware to You under this EULA will be delivered via mail, email or fax. &#xA;&#xA;&#xA;&#xA;12.3.&#x9;Waiver. Failure to enforce a provision of this EULA will not constitute a waiver.&#xA;&#xA;&#xA;&#xA;12.4.&#x9;Severability. If any part of this EULA is held unenforceable, the validity of all remaining parts will not be affected.&#xA;&#xA;&#xA;&#xA;12.5.&#x9;Compliance with Laws; Export Control; Government Regulations. Each party shall comply with all laws applicable to the actions contemplated by this EULA. You acknowledge that the Software is of United States origin, is provided subject to the U.S. Export Administration Regulations, may be subject to the export control laws of the applicable territory, and that diversion contrary to applicable export control laws is prohibited. You represent that (1) you are not, and are not acting on behalf of, (a) any person who is a citizen, national, or resident of, or who is controlled by the government of any country to which the United States has prohibited export transactions; or (b) any person or entity listed on the U.S. Treasury Department list of Specially Designated Nationals and Blocked Persons, or the U.S. Commerce Department Denied Persons List or Entity List; and (2) you will not permit the Software to be used for, any purposes prohibited by law, including, any prohibited development, design, manufacture or production of missiles or nuclear, chemical or biological weapons. The Software and accompanying documentation are deemed to be &#34;commercial computer software&#34; and &#34;commercial computer software documentation&#34;, respectively, pursuant to DFARS Section 227.7202 and FAR Section 12.212(b), as applicable. Any use, modification, reproduction, release, performing, displaying or disclosing of the Software and documentation by or for the U.S. Government shall be governed solely by the terms and conditions of this EULA.&#xA;&#xA;&#xA;&#xA;12.6.&#x9;Construction. The headings of sections of this EULA are for convenience and are not to be used in interpreting this EULA. As used in this EULA, the word ‘including&#39; means &#34;including but not limited to&#34;.&#xA;&#xA;&#xA;&#xA;12.7.&#x9;Governing Law. This EULA is governed by the laws of the State of California, United States of America (excluding its conflict of law rules), and the federal laws of the United States. To the extent permitted by law, the state and federal courts located in Santa Clara County, California will be the exclusive jurisdiction for disputes arising out of or in connection with this EULA. The U.N. Convention on Contracts for the International Sale of Goods does not apply. &#xA;&#xA;&#xA;&#xA;12.8.&#x9;Third Party Rights. Other than as expressly set out in this EULA, this EULA does not create any rights for any person who is not a party to it, and no person who is not a party to this EULA may enforce any of its terms or rely on any exclusion or limitation contained in it. &#xA;&#xA;&#xA;&#xA;12.9.&#x9;Order of Precedence. In the event of conflict or inconsistency among the Product Guide, this EULA and the Order, the following order of precedence shall apply unless otherwise set forth in an enterprise license agreement: (a) the Product Guide, (b) this EULA and (c) the Order. With respect to any inconsistency between this EULA and an Order, the terms of this EULA shall supersede and control over any conflicting or additional terms and conditions of any purchase order, acknowledgement or confirmation or other document issued by You. &#xA;&#xA;&#xA;&#xA;12.10.&#x9;Entire Agreement. This EULA, including accepted Orders and any amendments hereto, and the Product Guide contain the entire agreement of the parties with respect to the subject matter of this EULA and supersede all previous or contemporaneous communications, representations, proposals, commitments, understandings and agreements, whether written or oral, between the parties regarding the subject matter hereof. This EULA may be amended only in writing signed by authorized representatives of both parties.&#xA;&#xA;&#xA;&#xA;12.11.&#x9;Contact Information. Please direct legal notices or other correspondence to VMware, Inc., 3401 Hillview Avenue, Palo Alto, California 94304, United States of America, Attention: Legal Department. &#xA;&#xA;        </eula>
        <installBootRequired>false</installBootRequired>
        <installBootStopDelay>0</installBootStopDelay>
      </vAppConfig>
      <changeTrackingEnabled>false</changeTrackingEnabled>
      <firmware>bios</firmware>
      <maxMksConnections>1</maxMksConnections>
      <guestAutoLockEnabled>true</guestAutoLockEnabled>
      <managedBy>
        <extensionKey>com.vmware.vim.eam</extensionKey>
        <type>cluster-agent</type>
      </managedBy>
      <memoryReservationLockedToMax>false</memoryReservationLockedToMax>
      <nestedHVEnabled>false</nestedHVEnabled>
      <vPMCEnabled>false</vPMCEnabled>
      <scheduledHardwareUpgradeInfo>
        <upgradePolicy>never</upgradePolicy>
        <scheduledHardwareUpgradeStatus>none</scheduledHardwareUpgradeStatus>
      </scheduledHardwareUpgradeInfo>
      <messageBusTunnelEnabled>false</messageBusTunnelEnabled>
      <guestIntegrityInfo>
        <enabled>false</enabled>
      </guestIntegrityInfo>
      <migrateEncryption>opportunistic</migrateEncryption>
      <sgxInfo>
        <epcSize>0</epcSize>
        <flcMode>unlocked</flcMode>
      </sgxInfo>
      <ftEncryptionMode>ftEncryptionOpportunistic</ftEncryptionMode>
      <guestMonitoringModeInfo></guestMonitoringModeInfo>
      <sevEnabled>false</sevEnabled>
    </val>
  </propSet>
  <propSet>
    <name>configIssue</name>
    <val xmlns:XMLSchema-instance="http://www.w3.org/2001/XMLSchema-instance" XMLSchema-instance:type="ArrayOfEvent"></val>
  </propSet>
  <propSet>
    <name>configStatus</name>
    <val xmlns:XMLSchema-instance="http://www.w3.org/2001/XMLSchema-instance" XMLSchema-instance:type="ManagedEntityStatus">green</val>
  </propSet>
  <propSet>
    <name>customValue</name>
    <val xmlns:XMLSchema-instance="http://www.w3.org/2001/XMLSchema-instance" XMLSchema-instance:type="ArrayOfCustomFieldValue"></val>
  </propSet>
  <propSet>
    <name>datastore</name>
    <val xmlns:XMLSchema-instance="http://www.w3.org/2001/XMLSchema-instance" XMLSchema-instance:type="ArrayOfManagedObjectReference">
      <ManagedObjectReference type="Datastore">datastore-1026</ManagedObjectReference>
    </val>
  </propSet>
  <propSet>
    <name>declaredAlarmState</name>
    <val xmlns:XMLSchema-instance="http://www.w3.org/2001/XMLSchema-instance" XMLSchema-instance:type="ArrayOfAlarmState">
      <AlarmState>
        <key>alarm-10.vm-1027</key>
        <entity type="VirtualMachine">vm-1027</entity>
        <alarm type="Alarm">alarm-10</alarm>
        <overallStatus>gray</overallStatus>
        <time>2023-04-19T14:12:10.105339Z</time>
        <acknowledged>false</acknowledged>
      </AlarmState>
      <AlarmState>
        <key>alarm-112.vm-1027</key>
        <entity type="VirtualMachine">vm-1027</entity>
        <alarm type="Alarm">alarm-112</alarm>
        <overallStatus>gray</overallStatus>
        <time>2023-04-19T14:12:10.105339Z</time>
        <acknowledged>false</acknowledged>
      </AlarmState>
      <AlarmState>
        <key>alarm-12.vm-1027</key>
        <entity type="VirtualMachine">vm-1027</entity>
        <alarm type="Alarm">alarm-12</alarm>
        <overallStatus>gray</overallStatus>
        <time>2023-04-19T14:12:10.105339Z</time>
        <acknowledged>false</acknowledged>
      </AlarmState>
      <AlarmState>
        <key>alarm-128.vm-1027</key>
        <entity type="VirtualMachine">vm-1027</entity>
        <alarm type="Alarm">alarm-128</alarm>
        <overallStatus>gray</overallStatus>
        <time>2023-04-19T14:12:10.105339Z</time>
        <acknowledged>false</acknowledged>
      </AlarmState>
      <AlarmState>
        <key>alarm-140.vm-1027</key>
        <entity type="VirtualMachine">vm-1027</entity>
        <alarm type="Alarm">alarm-140</alarm>
        <overallStatus>gray</overallStatus>
        <time>2023-04-19T14:12:10.105339Z</time>
        <acknowledged>false</acknowledged>
      </AlarmState>
      <AlarmState>
        <key>alarm-143.vm-1027</key>
        <entity type="VirtualMachine">vm-1027</entity>
        <alarm type="Alarm">alarm-143</alarm>
        <overallStatus>gray</overallStatus>
        <time>2023-04-19T14:12:10.105339Z</time>
        <acknowledged>false</acknowledged>
      </AlarmState>
      <AlarmState>
        <key>alarm-15.vm-1027</key>
        <entity type="VirtualMachine">vm-1027</entity>
        <alarm type="Alarm">alarm-15</alarm>
        <overallStatus>gray</overallStatus>
        <time>2023-04-19T14:12:10.105339Z</time>
        <acknowledged>false</acknowledged>
      </AlarmState>
      <AlarmState>
        <key>alarm-19.vm-1027</key>
        <entity type="VirtualMachine">vm-1027</entity>
        <alarm type="Alarm">alarm-19</alarm>
        <overallStatus>gray</overallStatus>
        <time>2023-04-19T14:12:10.105339Z</time>
        <acknowledged>false</acknowledged>
      </AlarmState>
      <AlarmState>
        <key>alarm-2.vm-1027</key>
        <entity type="VirtualMachine">vm-1027</entity>
        <alarm type="Alarm">alarm-2</alarm>
        <overallStatus>gray</overallStatus>
        <time>2023-04-19T14:12:10.105339Z</time>
        <acknowledged>false</acknowledged>
      </AlarmState>
      <AlarmState>
        <key>alarm-38.vm-1027</key>
        <entity type="VirtualMachine">vm-1027</entity>
        <alarm type="Alarm">alarm-38</alarm>
        <overallStatus>gray</overallStatus>
        <time>2023-04-19T14:12:10.105339Z</time>
        <acknowledged>false</acknowledged>
      </AlarmState>
      <AlarmState>
        <key>alarm-39.vm-1027</key>
        <entity type="VirtualMachine">vm-1027</entity>
        <alarm type="Alarm">alarm-39</alarm>
        <overallStatus>gray</overallStatus>
        <time>2023-04-19T14:12:10.105339Z</time>
        <acknowledged>false</acknowledged>
      </AlarmState>
      <AlarmState>
        <key>alarm-40.vm-1027</key>
        <entity type="VirtualMachine">vm-1027</entity>
        <alarm type="Alarm">alarm-40</alarm>
        <overallStatus>gray</overallStatus>
        <time>2023-04-19T14:12:10.105339Z</time>
        <acknowledged>false</acknowledged>
      </AlarmState>
      <AlarmState>
        <key>alarm-47.vm-1027</key>
        <entity type="VirtualMachine">vm-1027</entity>
        <alarm type="Alarm">alarm-47</alarm>
        <overallStatus>gray</overallStatus>
        <time>2023-04-19T14:12:10.105339Z</time>
        <acknowledged>false</acknowledged>
      </AlarmState>
      <AlarmState>
        <key>alarm-5.vm-1027</key>
        <entity type="VirtualMachine">vm-1027</entity>
        <alarm type="Alarm">alarm-5</alarm>
        <overallStatus>gray</overallStatus>
        <time>2023-04-19T14:12:10.105339Z</time>
        <acknowledged>false</acknowledged>
      </AlarmState>
      <AlarmState>
        <key>alarm-52.vm-1027</key>
        <entity type="VirtualMachine">vm-1027</entity>
        <alarm type="Alarm">alarm-52</alarm>
        <overallStatus>gray</overallStatus>
        <time>2023-04-19T14:12:10.105339Z</time>
        <acknowledged>false</acknowledged>
      </AlarmState>
      <AlarmState>
        <key>alarm-54.vm-1027</key>
        <entity type="VirtualMachine">vm-1027</entity>
        <alarm type="Alarm">alarm-54</alarm>
        <overallStatus>gray</overallStatus>
        <time>2023-04-19T14:12:10.105339Z</time>
        <acknowledged>false</acknowledged>
      </AlarmState>
      <AlarmState>
        <key>alarm-6.vm-1027</key>
        <entity type="VirtualMachine">vm-1027</entity>
        <alarm type="Alarm">alarm-6</alarm>
        <overallStatus>gray</overallStatus>
        <time>2023-04-19T14:12:10.105339Z</time>
        <acknowledged>false</acknowledged>
      </AlarmState>
      <AlarmState>
        <key>alarm-81.vm-1027</key>
        <entity type="VirtualMachine">vm-1027</entity>
        <alarm type="Alarm">alarm-81</alarm>
        <overallStatus>gray</overallStatus>
        <time>2023-04-19T14:12:10.105339Z</time>
        <acknowledged>false</acknowledged>
      </AlarmState>
      <AlarmState>
        <key>alarm-9.vm-1027</key>
        <entity type="VirtualMachine">vm-1027</entity>
        <alarm type="Alarm">alarm-9</alarm>
        <overallStatus>gray</overallStatus>
        <time>2023-04-19T14:12:10.105339Z</time>
        <acknowledged>false</acknowledged>
      </AlarmState>
    </val>
  </propSet>
  <propSet>
    <name>disabledMethod</name>
    <val xmlns:XMLSchema-instance="http://www.w3.org/2001/XMLSchema-instance" XMLSchema-instance:type="ArrayOfString">
      <string>MakePrimaryVM_Task</string>
      <string>TerminateFaultTolerantVM_Task</string>
      <string>Rename_Task</string>
      <string>Destroy_Task</string>
      <string>UnregisterVM</string>
      <string>ReconfigVM_Task</string>
      <string>RevertToCurrentSnapshot_Task</string>
      <string>RemoveAllSnapshots_Task</string>
      <string>CreateSnapshot_Task</string>
      <string>ConsolidateVMDisks_Task</string>
      <string>ResetVM_Task</string>
      <string>UnmountToolsInstaller</string>
      <string>MountToolsInstaller</string>
      <string>MountToolsInstallerImage</string>
      <string>RebootGuest</string>
      <string>StandbyGuest</string>
      <string>ShutdownGuest</string>
      <string>PowerOffVM_Task</string>
      <string>ExtractOvfEnvironment</string>
      <string>SuspendVM_Task</string>
      <string>AcquireMksTicket</string>
      <string>AnswerVM</string>
      <string>UpgradeVM_Task</string>
      <string>UpgradeTools_Task</string>
      <string>UpgradeToolsFromImage_Task</string>
      <string>ApplyEvcModeVM_Task</string>
      <string>CreateSecondaryVM_Task</string>
      <string>CreateSecondaryVMEx_Task</string>
      <string>TurnOffFaultToleranceForVM_Task</string>
      <string>MakePrimaryVM_Task</string>
      <string>TerminateFaultTolerantVM_Task</string>
      <string>DisableSecondaryVM_Task</string>
      <string>EnableSecondaryVM_Task</string>
      <string>StartRecording_Task</string>
      <string>StopRecording_Task</string>
      <string>StartReplaying_Task</string>
      <string>StopReplaying_Task</string>
      <string>TurnOffFaultToleranceForVM_Task</string>
      <string>MakePrimaryVM_Task</string>
      <string>TerminateFaultTolerantVM_Task</string>
      <string>DisableSecondaryVM_Task</string>
      <string>EnableSecondaryVM_Task</string>
      <string>CreateSecondaryVM_Task</string>
      <string>CreateSecondaryVMEx_Task</string>
      <string>StopRecording_Task</string>
      <string>StopReplaying_Task</string>
      <string>CustomizeVM_Task</string>
      <string>MarkAsTemplate</string>
      <string>ResetGuestInformation</string>
      <string>CloneVM_Task</string>
      <string>ExportVm</string>
      <string>MarkAsVirtualMachine</string>
    </val>
  </propSet>
  <propSet>
    <name>effectiveRole</name>
    <val xmlns:XMLSchema-instance="http://www.w3.org/2001/XMLSchema-instance" XMLSchema-instance:type="ArrayOfInt">
      <int>-1980802595</int>
    </val>
  </propSet>
  <propSet>
    <name>environmentBrowser</name>
    <val xmlns:XMLSchema-instance="http://www.w3.org/2001/XMLSchema-instance" XMLSchema-instance:type="ManagedObjectReference" type="EnvironmentBrowser">envbrowser-1027</val>
  </propSet>
  <propSet>
    <name>guest</name>
    <val xmlns:XMLSchema-instance="http://www.w3.org/2001/XMLSchema-instance" XMLSchema-instance:type="GuestInfo">
      <toolsVersionStatus>guestToolsUnmanaged</toolsVersionStatus>
      <toolsVersionStatus2>guestToolsUnmanaged</toolsVersionStatus2>
      <toolsRunningStatus>guestToolsNotRunning</toolsRunningStatus>
      <toolsVersion>2147483647</toolsVersion>
      <guestId>other3xLinux64Guest</guestId>
      <guestFullName>Other 3.x Linux (64-bit)</guestFullName>
      <screen>
        <width>0</width>
        <height>0</height>
      </screen>
      <guestState>notRunning</guestState>
      <appHeartbeatStatus>appStatusGray</appHeartbeatStatus>
      <guestOperationsReady>false</guestOperationsReady>
      <interactiveGuestOperationsReady>false</interactiveGuestOperationsReady>
      <guestStateChangeSupported>false</guestStateChangeSupported>
    </val>
  </propSet>
  <propSet>
    <name>guestHeartbeatStatus</name>
    <val xmlns:XMLSchema-instance="http://www.w3.org/2001/XMLSchema-instance" XMLSchema-instance:type="ManagedEntityStatus">gray</val>
  </propSet>
  <propSet>
    <name>layout</name>
    <val xmlns:XMLSchema-instance="http://www.w3.org/2001/XMLSchema-instance" XMLSchema-instance:type="VirtualMachineFileLayout">
      <configFile>vCLS-f6d81ea3-2419-4cad-997b-4c566a0da209.vmsd</configFile>
      <disk>
        <key>2000</key>
        <diskFile>[datastore2] vCLS-f6d81ea3-2419-4cad-997b-4c566a0da209/vCLS-f6d81ea3-2419-4cad-997b-4c566a0da209.vmdk</diskFile>
      </disk>
    </val>
  </propSet>
  <propSet>
    <name>layoutEx</name>
    <val xmlns:XMLSchema-instance="http://www.w3.org/2001/XMLSchema-instance" XMLSchema-instance:type="VirtualMachineFileLayoutEx">
      <file>
        <key>0</key>
        <name>[datastore2] vCLS-f6d81ea3-2419-4cad-997b-4c566a0da209/vCLS-f6d81ea3-2419-4cad-997b-4c566a0da209.vmx</name>
        <type>config</type>
        <size>0</size>
        <accessible>true</accessible>
      </file>
      <file>
        <key>1</key>
        <name>[datastore2] vCLS-f6d81ea3-2419-4cad-997b-4c566a0da209/vCLS-f6d81ea3-2419-4cad-997b-4c566a0da209.vmsd</name>
        <type>snapshotList</type>
        <size>0</size>
        <accessible>true</accessible>
      </file>
      <file>
        <key>2</key>
        <name>[datastore2] vCLS-f6d81ea3-2419-4cad-997b-4c566a0da209/vCLS-f6d81ea3-2419-4cad-997b-4c566a0da209.vmdk</name>
        <type>diskDescriptor</type>
        <size>0</size>
        <accessible>true</accessible>
      </file>
      <file>
        <key>3</key>
        <name>[datastore2] vCLS-f6d81ea3-2419-4cad-997b-4c566a0da209/vCLS-f6d81ea3-2419-4cad-997b-4c566a0da209-flat.vmdk</name>
        <type>diskExtent</type>
        <size>233832448</size>
        <uniqueSize>233832448</uniqueSize>
        <accessible>true</accessible>
      </file>
      <file>
        <key>4</key>
        <name>[datastore2] vCLS-f6d81ea3-2419-4cad-997b-4c566a0da209/hdcs.cab</name>
        <type>guestCustomization</type>
        <size>0</size>
        <accessible>true</accessible>
      </file>
      <disk>
        <key>2000</key>
        <chain>
          <fileKey>2</fileKey>
          <fileKey>3</fileKey>
        </chain>
      </disk>
      <timestamp>2022-02-13T14:45:45.263384Z</timestamp>
    </val>
  </propSet>
  <propSet>
    <name>name</name>
    <val xmlns:XMLSchema-instance="http://www.w3.org/2001/XMLSchema-instance" XMLSchema-instance:type="xsd:string">vCLS-f6d81ea3-2419-4cad-997b-4c566a0da209</val>
  </propSet>
  <propSet>
    <name>network</name>
    <val xmlns:XMLSchema-instance="http://www.w3.org/2001/XMLSchema-instance" XMLSchema-instance:type="ArrayOfManagedObjectReference"></val>
  </propSet>
  <propSet>
    <name>overallStatus</name>
    <val xmlns:XMLSchema-instance="http://www.w3.org/2001/XMLSchema-instance" XMLSchema-instance:type="ManagedEntityStatus">gray</val>
  </propSet>
  <propSet>
    <name>parent</name>
    <val xmlns:XMLSchema-instance="http://www.w3.org/2001/XMLSchema-instance" XMLSchema-instance:type="ManagedObjectReference" type="Folder">group-v27</val>
  </propSet>
  <propSet>
    <name>permission</name>
    <val xmlns:XMLSchema-instance="http://www.w3.org/2001/XMLSchema-instance" XMLSchema-instance:type="ArrayOfPermission">
      <Permission>
        <entity type="VirtualMachine">vm-1027</entity>
        <principal>HIRT.US\Administrators</principal>
        <group>true</group>
        <roleId>-1980802595</roleId>
        <propagate>true</propagate>
      </Permission>
    </val>
  </propSet>
  <propSet>
    <name>recentTask</name>
    <val xmlns:XMLSchema-instance="http://www.w3.org/2001/XMLSchema-instance" XMLSchema-instance:type="ArrayOfManagedObjectReference"></val>
  </propSet>
  <propSet>
    <name>resourceConfig</name>
    <val xmlns:XMLSchema-instance="http://www.w3.org/2001/XMLSchema-instance" XMLSchema-instance:type="ResourceConfigSpec">
      <entity type="VirtualMachine">vm-1027</entity>
      <cpuAllocation>
        <reservation>0</reservation>
        <expandableReservation>false</expandableReservation>
        <limit>-1</limit>
        <shares>
          <shares>1000</shares>
          <level>normal</level>
        </shares>
      </cpuAllocation>
      <memoryAllocation>
        <reservation>0</reservation>
        <expandableReservation>false</expandableReservation>
        <limit>-1</limit>
        <shares>
          <shares>1280</shares>
          <level>normal</level>
        </shares>
      </memoryAllocation>
    </val>
  </propSet>
  <propSet>
    <name>resourcePool</name>
    <val xmlns:XMLSchema-instance="http://www.w3.org/2001/XMLSchema-instance" XMLSchema-instance:type="ManagedObjectReference" type="ResourcePool">resgroup-26</val>
  </propSet>
  <propSet>
    <name>rootSnapshot</name>
    <val xmlns:XMLSchema-instance="http://www.w3.org/2001/XMLSchema-instance" XMLSchema-instance:type="ArrayOfManagedObjectReference"></val>
  </propSet>
  <propSet>
    <name>runtime</name>
    <val xmlns:XMLSchema-instance="http://www.w3.org/2001/XMLSchema-instance" XMLSchema-instance:type="VirtualMachineRuntimeInfo">
      <host type="HostSystem">host-1020</host>
      <connectionState>disconnected</connectionState>
      <powerState>poweredOff</powerState>
      <faultToleranceState>notConfigured</faultToleranceState>
      <toolsInstallerMounted>false</toolsInstallerMounted>
      <numMksConnections>0</numMksConnections>
      <recordReplayState>inactive</recordReplayState>
      <onlineStandby>false</onlineStandby>
      <consolidationNeeded>false</consolidationNeeded>
      <offlineFeatureRequirement>
        <key>cpuid.lm</key>
        <featureName>cpuid.lm</featureName>
        <value>Num:Min:1</value>
      </offlineFeatureRequirement>
      <paused>false</paused>
      <snapshotInBackground>false</snapshotInBackground>
      <instantCloneFrozen>false</instantCloneFrozen>
    </val>
  </propSet>
  <propSet>
    <name>storage</name>
    <val xmlns:XMLSchema-instance="http://www.w3.org/2001/XMLSchema-instance" XMLSchema-instance:type="VirtualMachineStorageInfo">
      <perDatastoreUsage>
        <datastore type="Datastore">datastore-1026</datastore>
        <committed>233832448</committed>
        <uncommitted>3305374233</uncommitted>
        <unshared>233832448</unshared>
      </perDatastoreUsage>
      <timestamp>2022-02-13T14:45:45.274999Z</timestamp>
    </val>
  </propSet>
  <propSet>
    <name>summary</name>
    <val xmlns:XMLSchema-instance="http://www.w3.org/2001/XMLSchema-instance" XMLSchema-instance:type="VirtualMachineSummary">
      <vm type="VirtualMachine">vm-1027</vm>
      <runtime>
        <host type="HostSystem">host-1020</host>
        <connectionState>disconnected</connectionState>
        <powerState>poweredOff</powerState>
        <faultToleranceState>notConfigured</faultToleranceState>
        <toolsInstallerMounted>false</toolsInstallerMounted>
        <numMksConnections>0</numMksConnections>
        <recordReplayState>inactive</recordReplayState>
        <onlineStandby>false</onlineStandby>
        <consolidationNeeded>false</consolidationNeeded>
        <offlineFeatureRequirement>
          <key>cpuid.lm</key>
          <featureName>cpuid.lm</featureName>
          <value>Num:Min:1</value>
        </offlineFeatureRequirement>
        <paused>false</paused>
        <snapshotInBackground>false</snapshotInBackground>
        <instantCloneFrozen>false</instantCloneFrozen>
      </runtime>
      <guest>
        <guestId>other3xLinux64Guest</guestId>
        <guestFullName>Other 3.x Linux (64-bit)</guestFullName>
        <toolsVersionStatus>guestToolsUnmanaged</toolsVersionStatus>
        <toolsVersionStatus2>guestToolsUnmanaged</toolsVersionStatus2>
        <toolsRunningStatus>guestToolsNotRunning</toolsRunningStatus>
      </guest>
      <config>
        <name>vCLS-f6d81ea3-2419-4cad-997b-4c566a0da209</name>
        <template>false</template>
        <vmPathName>[datastore2] vCLS-f6d81ea3-2419-4cad-997b-4c566a0da209/vCLS-f6d81ea3-2419-4cad-997b-4c566a0da209.vmx</vmPathName>
        <memorySizeMB>128</memorySizeMB>
        <numCpu>1</numCpu>
        <numVirtualDisks>1</numVirtualDisks>
        <uuid>4226a810-4214-61af-52ff-1b196961af10</uuid>
        <instanceUuid>5026d859-d4aa-1f6d-d547-e566906a8355</instanceUuid>
        <guestId>other3xLinux64Guest</guestId>
        <guestFullName>Other 3.x or later Linux (64-bit)</guestFullName>
        <annotation>vSphere Cluster Service VM is deployed from an OVA with a minimal installed profile of PhotonOS. vSphere Cluster Service manages the resources, power state and availability of these VMs. vSphere Cluster Service VMs are required for maintaining the health and availability of vSphere Cluster Service. Any impact on the power state or resources of these VMs might degrade the health of the vSphere Cluster Service and cause vSphere DRS to cease operation for the cluster.</annotation>
        <product>
          <key>0</key>
          <name>Photon OS</name>
          <vendor>VMware Inc.</vendor>
          <version>3.0</version>
          <fullVersion>3.0</fullVersion>
        </product>
        <installBootRequired>false</installBootRequired>
        <managedBy>
          <extensionKey>com.vmware.vim.eam</extensionKey>
          <type>cluster-agent</type>
        </managedBy>
        <tpmPresent>false</tpmPresent>
        <hwVersion>vmx-11</hwVersion>
      </config>
      <storage>
        <committed>233832448</committed>
        <uncommitted>3305374233</uncommitted>
        <unshared>233832448</unshared>
        <timestamp>2022-02-13T14:45:45.274999Z</timestamp>
      </storage>
      <quickStats>
        <overallCpuReadiness>-1</overallCpuReadiness>
        <guestHeartbeatStatus>gray</guestHeartbeatStatus>
        <ftLogBandwidth>-1</ftLogBandwidth>
        <ftSecondaryLatency>-1</ftSecondaryLatency>
        <ftLatencyStatus>gray</ftLatencyStatus>
      </quickStats>
      <overallStatus>gray</overallStatus>
    </val>
  </propSet>
  <propSet>
    <name>tag</name>
    <val xmlns:XMLSchema-instance="http://www.w3.org/2001/XMLSchema-instance" XMLSchema-instance:type="ArrayOfTag"></val>
  </propSet>
  <propSet>
    <name>triggeredAlarmState</name>
    <val xmlns:XMLSchema-instance="http://www.w3.org/2001/XMLSchema-instance" XMLSchema-instance:type="ArrayOfAlarmState"></val>
  </propSet>
  <propSet>
    <name>value</name>
    <val xmlns:XMLSchema-instance="http://www.w3.org/2001/XMLSchema-instance" XMLSchema-instance:type="ArrayOfCustomFieldValue"></val>
  </propSet>
</ObjectContent>