<ObjectContent>
  <obj type="HostDatastoreSystem">datastoreSystem-10</obj>
  <propSet>
    <name>capabilities</name>
    <val xmlns:XMLSchema-instance="http://www.w3.org/2001/XMLSchema-instance" XMLSchema-instance:type="HostDatastoreSystemCapabilities">
      <nfsMountCreationRequired>true</nfsMountCreationRequired>
      <nfsMountCreationSupported>true</nfsMountCreationSupported>
      <localDatastoreSupported>false</localDatastoreSupported>
      <vmfsExtentExpansionSupported>true</vmfsExtentExpansionSupported>
    </val>
  </propSet>
  <propSet>
    <name>datastore</name>
    <val xmlns:XMLSchema-instance="http://www.w3.org/2001/XMLSchema-instance" XMLSchema-instance:type="ArrayOfManagedObjectReference">
      <ManagedObjectReference type="Datastore">datastore-11</ManagedObjectReference>
      <ManagedObjectReference type="Datastore">datastore-1001</ManagedObjectReference>
      <ManagedObjectReference type="Datastore">datastore-1002</ManagedObjectReference>
    </val>
  </propSet>
</ObjectContent>