<ObjectContent>
  <obj type="HostNetworkSystem">networkSystem-10</obj>
  <propSet>
    <name>availableField</name>
    <val xmlns:XMLSchema-instance="http://www.w3.org/2001/XMLSchema-instance" XMLSchema-instance:type="ArrayOfCustomFieldDef"></val>
  </propSet>
  <propSet>
    <name>capabilities</name>
    <val xmlns:XMLSchema-instance="http://www.w3.org/2001/XMLSchema-instance" XMLSchema-instance:type="HostNetCapabilities">
      <canSetPhysicalNicLinkSpeed>true</canSetPhysicalNicLinkSpeed>
      <supportsNicTeaming>true</supportsNicTeaming>
      <nicTeamingPolicy>loadbalance_ip</nicTeamingPolicy>
      <nicTeamingPolicy>loadbalance_srcmac</nicTeamingPolicy>
      <nicTeamingPolicy>loadbalance_srcid</nicTeamingPolicy>
      <nicTeamingPolicy>failover_explicit</nicTeamingPolicy>
      <supportsVlan>true</supportsVlan>
      <usesServiceConsoleNic>false</usesServiceConsoleNic>
      <supportsNetworkHints>true</supportsNetworkHints>
      <vswitchConfigSupported>true</vswitchConfigSupported>
      <vnicConfigSupported>true</vnicConfigSupported>
      <ipRouteConfigSupported>true</ipRouteConfigSupported>
      <dnsConfigSupported>true</dnsConfigSupported>
      <dhcpOnVnicSupported>true</dhcpOnVnicSupported>
      <ipV6Supported>true</ipV6Supported>
      <backupNfcNiocSupported>true</backupNfcNiocSupported>
    </val>
  </propSet>
  <propSet>
    <name>dnsConfig</name>
    <val xmlns:XMLSchema-instance="http://www.w3.org/2001/XMLSchema-instance" XMLSchema-instance:type="HostDnsConfig">
      <dhcp>false</dhcp>
      <hostName>localhost</hostName>
      <domainName>hirt.us</domainName>
      <address>192.168.1.1</address>
      <address>8.8.8.8</address>
      <searchDomain>hirt.us</searchDomain>
    </val>
  </propSet>
  <propSet>
    <name>ipRouteConfig</name>
    <val xmlns:XMLSchema-instance="http://www.w3.org/2001/XMLSchema-instance" XMLSchema-instance:type="HostIpRouteConfig">
      <defaultGateway>192.168.10.1</defaultGateway>
    </val>
  </propSet>
  <propSet>
    <name>networkConfig</name>
    <val xmlns:XMLSchema-instance="http://www.w3.org/2001/XMLSchema-instance" XMLSchema-instance:type="HostNetworkConfig">
      <vswitch>
        <name>vSwitch0</name>
        <spec>
          <numPorts>128</numPorts>
          <bridge XMLSchema-instance:type="HostVirtualSwitchBondBridge">
            <nicDevice>vmnic0</nicDevice>
            <beacon>
              <interval>1</interval>
            </beacon>
            <linkDiscoveryProtocolConfig>
              <protocol>cdp</protocol>
              <operation>listen</operation>
            </linkDiscoveryProtocolConfig>
          </bridge>
          <policy>
            <security>
              <allowPromiscuous>false</allowPromiscuous>
              <macChanges>false</macChanges>
              <forgedTransmits>false</forgedTransmits>
            </security>
            <nicTeaming>
              <policy>loadbalance_srcid</policy>
              <reversePolicy>true</reversePolicy>
              <notifySwitches>true</notifySwitches>
              <rollingOrder>false</rollingOrder>
              <failureCriteria>
                <checkSpeed>minimum</checkSpeed>
                <speed>10</speed>
                <checkDuplex>false</checkDuplex>
                <fullDuplex>false</fullDuplex>
                <checkErrorPercent>false</checkErrorPercent>
                <checkBeacon>false</checkBeacon>
              </failureCriteria>
              <nicOrder>
                <activeNic>vmnic0</activeNic>
              </nicOrder>
            </nicTeaming>
            <offloadPolicy>
              <csumOffload>true</csumOffload>
              <tcpSegmentation>true</tcpSegmentation>
              <zeroCopyXmit>true</zeroCopyXmit>
            </offloadPolicy>
            <shapingPolicy>
              <enabled>false</enabled>
            </shapingPolicy>
          </policy>
        </spec>
      </vswitch>
      <portgroup>
        <spec>
          <name>VM Network</name>
          <vlanId>0</vlanId>
          <vswitchName>vSwitch0</vswitchName>
          <policy>
            <security>
              <allowPromiscuous>true</allowPromiscuous>
            </security>
            <nicTeaming>
              <failureCriteria></failureCriteria>
            </nicTeaming>
            <offloadPolicy></offloadPolicy>
            <shapingPolicy></shapingPolicy>
          </policy>
        </spec>
      </portgroup>
      <portgroup>
        <spec>
          <name>Management Network</name>
          <vlanId>0</vlanId>
          <vswitchName>vSwitch0</vswitchName>
          <policy>
            <security></security>
            <nicTeaming>
              <policy>loadbalance_srcid</policy>
              <notifySwitches>true</notifySwitches>
              <rollingOrder>false</rollingOrder>
              <failureCriteria>
                <checkBeacon>false</checkBeacon>
              </failureCriteria>
              <nicOrder>
                <activeNic>vmnic0</activeNic>
              </nicOrder>
            </nicTeaming>
            <offloadPolicy></offloadPolicy>
            <shapingPolicy></shapingPolicy>
          </policy>
        </spec>
      </portgroup>
      <pnic>
        <device>vmnic0</device>
        <spec>
          <ip>
            <dhcp>false</dhcp>
          </ip>
          <linkSpeed>
            <speedMb>10000</speedMb>
            <duplex>true</duplex>
          </linkSpeed>
          <enableEnhancedNetworkingStack>false</enableEnhancedNetworkingStack>
          <ensInterruptEnabled>false</ensInterruptEnabled>
        </spec>
      </pnic>
      <vnic>
        <device>vmk0</device>
        <portgroup>Management Network</portgroup>
        <spec>
          <ip>
            <dhcp>false</dhcp>
            <ipAddress>192.168.10.88</ipAddress>
            <subnetMask>255.255.255.0</subnetMask>
          </ip>
          <mac>00:0c:29:3c:7a:b3</mac>
          <portgroup>Management Network</portgroup>
          <mtu>1500</mtu>
          <tsoEnabled>true</tsoEnabled>
          <netStackInstanceKey>defaultTcpipStack</netStackInstanceKey>
          <ipRouteSpec>
            <ipRouteConfig XMLSchema-instance:type="HostIpRouteConfig">
              <defaultGateway>192.168.10.1</defaultGateway>
            </ipRouteConfig>
          </ipRouteSpec>
        </spec>
      </vnic>
      <dnsConfig XMLSchema-instance:type="HostDnsConfig">
        <dhcp>false</dhcp>
        <hostName>localhost</hostName>
        <domainName>hirt.us</domainName>
        <address>192.168.1.1</address>
        <address>8.8.8.8</address>
        <searchDomain>hirt.us</searchDomain>
      </dnsConfig>
      <ipRouteConfig XMLSchema-instance:type="HostIpRouteConfig">
        <defaultGateway>192.168.10.1</defaultGateway>
      </ipRouteConfig>
      <netStackSpec>
        <netStackInstance>
          <key>vSphereProvisioning</key>
          <dnsConfig XMLSchema-instance:type="HostDnsConfig">
            <dhcp>false</dhcp>
            <hostName></hostName>
            <domainName></domainName>
          </dnsConfig>
          <ipRouteConfig XMLSchema-instance:type="HostIpRouteConfig"></ipRouteConfig>
          <requestedMaxNumberOfConnections>11000</requestedMaxNumberOfConnections>
          <congestionControlAlgorithm>newreno</congestionControlAlgorithm>
          <ipV6Enabled>true</ipV6Enabled>
        </netStackInstance>
      </netStackSpec>
      <netStackSpec>
        <netStackInstance>
          <key>vmotion</key>
          <dnsConfig XMLSchema-instance:type="HostDnsConfig">
            <dhcp>false</dhcp>
            <hostName></hostName>
            <domainName></domainName>
          </dnsConfig>
          <ipRouteConfig XMLSchema-instance:type="HostIpRouteConfig"></ipRouteConfig>
          <requestedMaxNumberOfConnections>11000</requestedMaxNumberOfConnections>
          <congestionControlAlgorithm>newreno</congestionControlAlgorithm>
          <ipV6Enabled>true</ipV6Enabled>
        </netStackInstance>
      </netStackSpec>
      <netStackSpec>
        <netStackInstance>
          <key>defaultTcpipStack</key>
          <name>defaultTcpipStack</name>
          <dnsConfig XMLSchema-instance:type="HostDnsConfig">
            <dhcp>false</dhcp>
            <hostName>localhost</hostName>
            <domainName>hirt.us</domainName>
            <address>192.168.1.1</address>
            <address>8.8.8.8</address>
            <searchDomain>hirt.us</searchDomain>
          </dnsConfig>
          <ipRouteConfig XMLSchema-instance:type="HostIpRouteConfig">
            <defaultGateway>192.168.10.1</defaultGateway>
          </ipRouteConfig>
          <requestedMaxNumberOfConnections>11000</requestedMaxNumberOfConnections>
          <congestionControlAlgorithm>newreno</congestionControlAlgorithm>
          <ipV6Enabled>true</ipV6Enabled>
          <routeTableConfig>
            <ipRoute>
              <changeOperation>ignore</changeOperation>
              <route>
                <network>0.0.0.0</network>
                <prefixLength>0</prefixLength>
                <gateway>192.168.10.1</gateway>
                <deviceName>vmk0</deviceName>
              </route>
            </ipRoute>
            <ipRoute>
              <changeOperation>ignore</changeOperation>
              <route>
                <network>192.168.10.0</network>
                <prefixLength>24</prefixLength>
                <gateway>0.0.0.0</gateway>
                <deviceName>vmk0</deviceName>
              </route>
            </ipRoute>
          </routeTableConfig>
        </netStackInstance>
      </netStackSpec>
    </val>
  </propSet>
  <propSet>
    <name>networkInfo</name>
    <val xmlns:XMLSchema-instance="http://www.w3.org/2001/XMLSchema-instance" XMLSchema-instance:type="HostNetworkInfo">
      <vswitch>
        <name>vSwitch0</name>
        <key>key-vim.host.VirtualSwitch-vSwitch0</key>
        <numPorts>2550</numPorts>
        <numPortsAvailable>2540</numPortsAvailable>
        <mtu>1500</mtu>
        <portgroup>key-vim.host.PortGroup-VM Network</portgroup>
        <portgroup>key-vim.host.PortGroup-Management Network</portgroup>
        <pnic>key-vim.host.PhysicalNic-vmnic0</pnic>
        <spec>
          <numPorts>128</numPorts>
          <bridge XMLSchema-instance:type="HostVirtualSwitchBondBridge">
            <nicDevice>vmnic0</nicDevice>
            <beacon>
              <interval>1</interval>
            </beacon>
            <linkDiscoveryProtocolConfig>
              <protocol>cdp</protocol>
              <operation>listen</operation>
            </linkDiscoveryProtocolConfig>
          </bridge>
          <policy>
            <security>
              <allowPromiscuous>false</allowPromiscuous>
              <macChanges>false</macChanges>
              <forgedTransmits>false</forgedTransmits>
            </security>
            <nicTeaming>
              <policy>loadbalance_srcid</policy>
              <reversePolicy>true</reversePolicy>
              <notifySwitches>true</notifySwitches>
              <rollingOrder>false</rollingOrder>
              <failureCriteria>
                <checkSpeed>minimum</checkSpeed>
                <speed>10</speed>
                <checkDuplex>false</checkDuplex>
                <fullDuplex>false</fullDuplex>
                <checkErrorPercent>false</checkErrorPercent>
                <checkBeacon>false</checkBeacon>
              </failureCriteria>
              <nicOrder>
                <activeNic>vmnic0</activeNic>
              </nicOrder>
            </nicTeaming>
            <offloadPolicy>
              <csumOffload>true</csumOffload>
              <tcpSegmentation>true</tcpSegmentation>
              <zeroCopyXmit>true</zeroCopyXmit>
            </offloadPolicy>
            <shapingPolicy>
              <enabled>false</enabled>
            </shapingPolicy>
          </policy>
        </spec>
      </vswitch>
      <portgroup>
        <key>key-vim.host.PortGroup-VM Network</key>
        <port>
          <key>key-vim.host.PortGroup.Port-67108871</key>
          <mac>00:00:00:00:00:00</mac>
          <type>unknown</type>
        </port>
        <port>
          <key>key-vim.host.PortGroup.Port-67108872</key>
          <mac>00:00:00:00:00:00</mac>
          <type>unknown</type>
        </port>
        <port>
          <key>key-vim.host.PortGroup.Port-67108873</key>
          <mac>00:50:56:a6:d1:4e</mac>
          <type>virtualMachine</type>
        </port>
        <port>
          <key>key-vim.host.PortGroup.Port-67108874</key>
          <mac>00:50:56:a6:28:a1</mac>
          <type>virtualMachine</type>
        </port>
        <port>
          <key>key-vim.host.PortGroup.Port-67108875</key>
          <mac>00:0c:29:7f:4b:2a</mac>
          <type>virtualMachine</type>
        </port>
        <vswitch>key-vim.host.VirtualSwitch-vSwitch0</vswitch>
        <computedPolicy>
          <security>
            <allowPromiscuous>true</allowPromiscuous>
            <macChanges>false</macChanges>
            <forgedTransmits>false</forgedTransmits>
          </security>
          <nicTeaming>
            <policy>loadbalance_srcid</policy>
            <reversePolicy>true</reversePolicy>
            <notifySwitches>true</notifySwitches>
            <rollingOrder>false</rollingOrder>
            <failureCriteria>
              <checkSpeed>minimum</checkSpeed>
              <speed>10</speed>
              <checkDuplex>false</checkDuplex>
              <fullDuplex>false</fullDuplex>
              <checkErrorPercent>false</checkErrorPercent>
              <checkBeacon>false</checkBeacon>
            </failureCriteria>
            <nicOrder>
              <activeNic>vmnic0</activeNic>
            </nicOrder>
          </nicTeaming>
          <offloadPolicy>
            <csumOffload>true</csumOffload>
            <tcpSegmentation>true</tcpSegmentation>
            <zeroCopyXmit>true</zeroCopyXmit>
          </offloadPolicy>
          <shapingPolicy>
            <enabled>false</enabled>
          </shapingPolicy>
        </computedPolicy>
        <spec>
          <name>VM Network</name>
          <vlanId>0</vlanId>
          <vswitchName>vSwitch0</vswitchName>
          <policy>
            <security>
              <allowPromiscuous>true</allowPromiscuous>
            </security>
            <nicTeaming>
              <failureCriteria></failureCriteria>
            </nicTeaming>
            <offloadPolicy></offloadPolicy>
            <shapingPolicy></shapingPolicy>
          </policy>
        </spec>
      </portgroup>
      <portgroup>
        <key>key-vim.host.PortGroup-Management Network</key>
        <port>
          <key>key-vim.host.PortGroup.Port-67108870</key>
          <mac>00:0c:29:3c:7a:b3</mac>
          <type>host</type>
        </port>
        <vswitch>key-vim.host.VirtualSwitch-vSwitch0</vswitch>
        <computedPolicy>
          <security>
            <allowPromiscuous>false</allowPromiscuous>
            <macChanges>false</macChanges>
            <forgedTransmits>false</forgedTransmits>
          </security>
          <nicTeaming>
            <policy>loadbalance_srcid</policy>
            <reversePolicy>true</reversePolicy>
            <notifySwitches>true</notifySwitches>
            <rollingOrder>false</rollingOrder>
            <failureCriteria>
              <checkSpeed>minimum</checkSpeed>
              <speed>10</speed>
              <checkDuplex>false</checkDuplex>
              <fullDuplex>false</fullDuplex>
              <checkErrorPercent>false</checkErrorPercent>
              <checkBeacon>false</checkBeacon>
            </failureCriteria>
            <nicOrder>
              <activeNic>vmnic0</activeNic>
            </nicOrder>
          </nicTeaming>
          <offloadPolicy>
            <csumOffload>true</csumOffload>
            <tcpSegmentation>true</tcpSegmentation>
            <zeroCopyXmit>true</zeroCopyXmit>
          </offloadPolicy>
          <shapingPolicy>
            <enabled>false</enabled>
          </shapingPolicy>
        </computedPolicy>
        <spec>
          <name>Management Network</name>
          <vlanId>0</vlanId>
          <vswitchName>vSwitch0</vswitchName>
          <policy>
            <security></security>
            <nicTeaming>
              <policy>loadbalance_srcid</policy>
              <notifySwitches>true</notifySwitches>
              <rollingOrder>false</rollingOrder>
              <failureCriteria>
                <checkBeacon>false</checkBeacon>
              </failureCriteria>
              <nicOrder>
                <activeNic>vmnic0</activeNic>
              </nicOrder>
            </nicTeaming>
            <offloadPolicy></offloadPolicy>
            <shapingPolicy></shapingPolicy>
          </policy>
        </spec>
      </portgroup>
      <pnic>
        <key>key-vim.host.PhysicalNic-vmnic0</key>
        <device>vmnic0</device>
        <pci>0000:0b:00.0</pci>
        <driver>nvmxnet3</driver>
        <linkSpeed>
          <speedMb>10000</speedMb>
          <duplex>true</duplex>
        </linkSpeed>
        <validLinkSpecification>
          <speedMb>10000</speedMb>
          <duplex>true</duplex>
        </validLinkSpecification>
        <spec>
          <ip>
            <dhcp>false</dhcp>
          </ip>
          <linkSpeed>
            <speedMb>10000</speedMb>
            <duplex>true</duplex>
          </linkSpeed>
          <enableEnhancedNetworkingStack>false</enableEnhancedNetworkingStack>
          <ensInterruptEnabled>false</ensInterruptEnabled>
        </spec>
        <wakeOnLanSupported>false</wakeOnLanSupported>
        <mac>00:0c:29:3c:7a:b3</mac>
        <fcoeConfiguration>
          <priorityClass>3</priorityClass>
          <sourceMac>00:0c:29:3c:7a:b3</sourceMac>
          <vlanRange>
            <vlanLow>0</vlanLow>
            <vlanHigh>0</vlanHigh>
          </vlanRange>
          <capabilities>
            <priorityClass>false</priorityClass>
            <sourceMacAddress>false</sourceMacAddress>
            <vlanRange>false</vlanRange>
          </capabilities>
          <fcoeActive>false</fcoeActive>
        </fcoeConfiguration>
        <vmDirectPathGen2Supported>false</vmDirectPathGen2Supported>
        <resourcePoolSchedulerAllowed>true</resourcePoolSchedulerAllowed>
        <autoNegotiateSupported>false</autoNegotiateSupported>
        <enhancedNetworkingStackSupported>true</enhancedNetworkingStackSupported>
        <ensInterruptSupported>true</ensInterruptSupported>
      </pnic>
      <vnic>
        <device>vmk0</device>
        <key>key-vim.host.VirtualNic-vmk0</key>
        <portgroup>Management Network</portgroup>
        <spec>
          <ip>
            <dhcp>false</dhcp>
            <ipAddress>192.168.10.88</ipAddress>
            <subnetMask>255.255.255.0</subnetMask>
          </ip>
          <mac>00:0c:29:3c:7a:b3</mac>
          <portgroup>Management Network</portgroup>
          <mtu>1500</mtu>
          <tsoEnabled>true</tsoEnabled>
          <netStackInstanceKey>defaultTcpipStack</netStackInstanceKey>
          <ipRouteSpec>
            <ipRouteConfig XMLSchema-instance:type="HostIpRouteConfig">
              <defaultGateway>192.168.10.1</defaultGateway>
            </ipRouteConfig>
          </ipRouteSpec>
        </spec>
        <port>key-vim.host.PortGroup.Port-67108870</port>
      </vnic>
      <dnsConfig XMLSchema-instance:type="HostDnsConfig">
        <dhcp>false</dhcp>
        <hostName>localhost</hostName>
        <domainName>hirt.us</domainName>
        <address>192.168.1.1</address>
        <address>8.8.8.8</address>
        <searchDomain>hirt.us</searchDomain>
      </dnsConfig>
      <ipRouteConfig XMLSchema-instance:type="HostIpRouteConfig">
        <defaultGateway>192.168.10.1</defaultGateway>
      </ipRouteConfig>
      <routeTableInfo>
        <ipRoute>
          <network>0.0.0.0</network>
          <prefixLength>0</prefixLength>
          <gateway>192.168.10.1</gateway>
          <deviceName>vmk0</deviceName>
        </ipRoute>
        <ipRoute>
          <network>192.168.10.0</network>
          <prefixLength>24</prefixLength>
          <gateway>0.0.0.0</gateway>
          <deviceName>vmk0</deviceName>
        </ipRoute>
      </routeTableInfo>
      <ipV6Enabled>false</ipV6Enabled>
      <atBootIpV6Enabled>false</atBootIpV6Enabled>
      <netStackInstance>
        <key>vSphereProvisioning</key>
        <dnsConfig XMLSchema-instance:type="HostDnsConfig">
          <dhcp>false</dhcp>
          <hostName></hostName>
          <domainName></domainName>
        </dnsConfig>
        <ipRouteConfig XMLSchema-instance:type="HostIpRouteConfig"></ipRouteConfig>
        <requestedMaxNumberOfConnections>11000</requestedMaxNumberOfConnections>
        <congestionControlAlgorithm>newreno</congestionControlAlgorithm>
        <ipV6Enabled>true</ipV6Enabled>
      </netStackInstance>
      <netStackInstance>
        <key>vmotion</key>
        <dnsConfig XMLSchema-instance:type="HostDnsConfig">
          <dhcp>false</dhcp>
          <hostName></hostName>
          <domainName></domainName>
        </dnsConfig>
        <ipRouteConfig XMLSchema-instance:type="HostIpRouteConfig"></ipRouteConfig>
        <requestedMaxNumberOfConnections>11000</requestedMaxNumberOfConnections>
        <congestionControlAlgorithm>newreno</congestionControlAlgorithm>
        <ipV6Enabled>true</ipV6Enabled>
      </netStackInstance>
      <netStackInstance>
        <key>defaultTcpipStack</key>
        <name>defaultTcpipStack</name>
        <dnsConfig XMLSchema-instance:type="HostDnsConfig">
          <dhcp>false</dhcp>
          <hostName>localhost</hostName>
          <domainName>hirt.us</domainName>
          <address>192.168.1.1</address>
          <address>8.8.8.8</address>
          <searchDomain>hirt.us</searchDomain>
        </dnsConfig>
        <ipRouteConfig XMLSchema-instance:type="HostIpRouteConfig">
          <defaultGateway>192.168.10.1</defaultGateway>
        </ipRouteConfig>
        <requestedMaxNumberOfConnections>11000</requestedMaxNumberOfConnections>
        <congestionControlAlgorithm>newreno</congestionControlAlgorithm>
        <ipV6Enabled>true</ipV6Enabled>
        <routeTableConfig>
          <ipRoute>
            <changeOperation>ignore</changeOperation>
            <route>
              <network>0.0.0.0</network>
              <prefixLength>0</prefixLength>
              <gateway>192.168.10.1</gateway>
              <deviceName>vmk0</deviceName>
            </route>
          </ipRoute>
          <ipRoute>
            <changeOperation>ignore</changeOperation>
            <route>
              <network>192.168.10.0</network>
              <prefixLength>24</prefixLength>
              <gateway>0.0.0.0</gateway>
              <deviceName>vmk0</deviceName>
            </route>
          </ipRoute>
        </routeTableConfig>
      </netStackInstance>
      <nvdsToVdsMigrationRequired>false</nvdsToVdsMigrationRequired>
    </val>
  </propSet>
  <propSet>
    <name>offloadCapabilities</name>
    <val xmlns:XMLSchema-instance="http://www.w3.org/2001/XMLSchema-instance" XMLSchema-instance:type="HostNetOffloadCapabilities">
      <csumOffload>true</csumOffload>
      <tcpSegmentation>true</tcpSegmentation>
      <zeroCopyXmit>true</zeroCopyXmit>
    </val>
  </propSet>
  <propSet>
    <name>value</name>
    <val xmlns:XMLSchema-instance="http://www.w3.org/2001/XMLSchema-instance" XMLSchema-instance:type="ArrayOfCustomFieldValue"></val>
  </propSet>
</ObjectContent>